head	relation_type	term	term_key	zh_or_note	raw
abolish	family	abolition	abolition	n. 废除	abolition | n. 废除 | abolition of slavery | 废除奴隶制
abolish	family	abolitionist	abolitionist	n. 废除主义者	abolitionist | n. 废除主义者 | abolitionist movement | 废奴运动
abolish	family	abolished	abolished	adj. 被废除的	abolished | adj. 被废除的 | abolished regulation | 被废除的规定
abolish	kin	polish	polish	v./n. 擦亮；润色	polish | v./n. 擦亮；润色 | polish an essay / polish silverware | 润色文章；擦亮银器
abolish	kin	demolish	demolish	v. 拆除；摧毁	demolish | v. 拆除；摧毁 | demolish unsafe buildings / demolish an argument | 拆除危房；驳倒论点
abolish	kin	establish	establish	v. 建立	establish | v. 建立 | establish standards / establish a company | 建立标准；创办公司
eliminate	family	elimination	elimination	n. 消除；淘汰	elimination | n. 消除；淘汰 | elimination of barriers | 消除障碍
eliminate	family	eliminated	eliminated	adj. 被淘汰的	eliminated | adj. 被淘汰的 | eliminated candidate | 被淘汰的候选人
eliminate	family	eliminating	eliminating	adj. 消除性的	eliminating | adj. 消除性的 | eliminating measure | 消除性措施
eliminate	kin	limit	limit	n./v. 限制	limit | n./v. 限制 | legal limit / limit screen time | 法律限制；限制屏幕时间
eliminate	kin	preliminary	preliminary	adj. 初步的	preliminary | adj. 初步的 | preliminary results / preliminary exam | 初步结果；预备考试
eliminate	kin	liminal	liminal	adj. 阈限的；过渡的	liminal | adj. 阈限的；过渡的 | liminal space / liminal stage | 阈限空间；过渡阶段
aboriginal	family	aborigine	aborigine	n. 原住民	aborigine | n. 原住民 | Australian Aborigine | 澳大利亚原住民
aboriginal	family	aboriginality	aboriginality	n. 原住民性	aboriginality | n. 原住民性 | cultural aboriginality | 文化原住民性
aboriginal	family	aboriginally	aboriginally	adv. 原初地	aboriginally | adv. 原初地 | aboriginally inhabited land | 原住民最初居住的土地
aboriginal	kin	origin	origin	n. 起源；出身	origin | n. 起源；出身 | cultural origin / origin of species | 文化起源；物种起源
aboriginal	kin	original	original	adj./n. 原始的；原创	original | adj./n. 原始的；原创 | original design / original inhabitants | 原创设计；原住民
aboriginal	kin	indigenous	indigenous	adj. 本土的；原住民的	indigenous | adj. 本土的；原住民的 | indigenous culture / indigenous species | 原住民文化；本土物种
indigenous	family	indigene	indigene	n. 原住民	indigene | n. 原住民 | indigene community | 原住民社区
indigenous	family	indigeneity	indigeneity	n. 原住民性	indigeneity | n. 原住民性 | cultural indigeneity | 文化本土性
indigenous	family	indigenize	indigenize	v. 本土化	indigenize | v. 本土化 | indigenize education | 使教育本土化
indigenous	kin	gene	gene	n. 基因	gene | n. 基因 | gene flow / gene pool | 基因流动；基因库
indigenous	kin	genesis	genesis	n. 起源	genesis | n. 起源 | cultural genesis / genesis of conflict | 文化起源；冲突起源
indigenous	kin	genuine	genuine	adj. 真正的	genuine | adj. 真正的 | genuine concern / genuine evidence | 真正关切；真实证据
abrupt	family	abruptly	abruptly	adv. 突然地	abruptly | adv. 突然地 | abruptly end | 突然结束
abrupt	family	abruptness	abruptness	n. 突然；生硬	abruptness | n. 突然；生硬 | abruptness of change | 变化的突然性
abrupt	family	abrupt-ending	abrupt-ending	adj. 突然结束的	abrupt-ending | adj. 突然结束的 | abrupt-ending policy | 突然结束的政策
abrupt	kin	rupture	rupture	n./v. 破裂	rupture | n./v. 破裂 | social rupture / rupture a pipe | 社会断裂；弄破管道
abrupt	kin	interrupt	interrupt	v. 打断	interrupt | v. 打断 | interrupt learning / interrupt supply chains | 打断学习；中断供应链
abrupt	kin	erupt	erupt	v. 喷发；爆发	erupt | v. 喷发；爆发 | volcanoes erupt / protests erupt | 火山喷发；抗议爆发
sudden	family	suddenly	suddenly	adv. 突然地	suddenly | adv. 突然地 | suddenly collapse | 突然崩塌
sudden	family	suddenness	suddenness	n. 突然性	suddenness | n. 突然性 | suddenness of change | 变化的突然性
sudden	family	all-of-a-sudden	all-of-a-sudden	adv. 突然地	all-of-a-sudden | adv. 突然地 | all-of-a-sudden rise | 突然上升
sudden	kin	suddenness	suddenness	n. 突然	suddenness | n. 突然 | suddenness of change / suddenness of attack | 变化的突然性；攻击的突然性
sudden	kin	sodden	sodden	adj. 湿透的	sodden | adj. 湿透的 | sodden clothes / sodden ground | 湿透的衣服；湿透的地面
sudden	kin	onset	onset	n. 开始；发作	onset | n. 开始；发作 | sudden onset / onset of winter | 突然发作；冬天来临
accommodate	family	accommodation	accommodation	n. 住宿；调适	accommodation | n. 住宿；调适 | student accommodation | 学生住宿
accommodate	family	accommodating	accommodating	adj. 乐于配合的	accommodating | adj. 乐于配合的 | accommodating policy | 灵活政策
accommodate	family	accommodated	accommodated	adj. 被容纳的	accommodated | adj. 被容纳的 | accommodated residents | 被安置居民
accommodate	kin	mode	mode	n. 模式；方式	mode | n. 模式；方式 | learning mode / transport mode | 学习模式；交通方式
accommodate	kin	commodity	commodity	n. 商品；大宗商品	commodity | n. 商品；大宗商品 | commodity prices / agricultural commodity | 商品价格；农产品商品
accommodate	kin	modular	modular	adj. 模块化的	modular | adj. 模块化的 | modular design / modular housing | 模块化设计；模块化住房
adapt	family	adaptation	adaptation	n. 适应；改编	adaptation | n. 适应；改编 | climate adaptation | 气候适应
adapt	family	adaptive	adaptive	adj. 适应性的	adaptive | adj. 适应性的 | adaptive learning | 适应性学习
adapt	family	adapted	adapted	adj. 改编的；适应的	adapted | adj. 改编的；适应的 | adapted curriculum | 改编课程
adapt	kin	apt	apt	adj. 易于；恰当的	apt | adj. 易于；恰当的 | apt example / apt to change | 恰当例子；易于变化
adapt	kin	adopt	adopt	v. 采纳；收养	adopt | v. 采纳；收养 | adopt a policy / adopt a child | 采纳政策；收养孩子
adapt	kin	adept	adept	adj. 熟练的	adept | adj. 熟练的 | adept at coding / adept negotiator | 擅长写代码；熟练谈判者
accomplish	family	accomplishment	accomplishment	n. 成就	accomplishment | n. 成就 | major accomplishment | 重大成就
accomplish	family	accomplished	accomplished	adj. 熟练的；有成就的	accomplished | adj. 熟练的；有成就的 | accomplished researcher | 有成就的研究者
accomplish	family	accomplishable	accomplishable	adj. 可完成的	accomplishable | adj. 可完成的 | accomplishable task | 可完成任务
accomplish	kin	complete	complete	v./adj. 完成；完整的	complete | v./adj. 完成；完整的 | complete a project / complete data | 完成项目；完整数据
accomplish	kin	comply	comply	v. 遵守	comply | v. 遵守 | comply with regulations / comply with safety standards | 遵守规定；遵守安全标准
accomplish	kin	complex	complex	adj. 复杂的	complex | adj. 复杂的 | complex system / complex sentence | 复杂系统；复杂句
achieve	family	achievement	achievement	n. 成就	achievement | n. 成就 | academic achievement | 学业成就
achieve	family	achievable	achievable	adj. 可实现的	achievable | adj. 可实现的 | achievable goal | 可实现目标
achieve	family	achieved	achieved	adj. 已实现的	achieved | adj. 已实现的 | achieved target | 已实现目标
achieve	kin	chief	chief	adj./n. 主要的；首领	chief | adj./n. 主要的；首领 | chief concern / chief executive | 主要担忧；首席执行官
achieve	kin	archive	archive	n./v. 档案；归档	archive | n./v. 档案；归档 | digital archive / archive records | 数字档案；归档记录
achieve	kin	achievement	achievement	n. 成就	achievement | n. 成就 | academic achievement / technological achievement | 学业成就；技术成就
accumulate	family	accumulation	accumulation	n. 积累	accumulation | n. 积累 | accumulation of debt | 债务积累
accumulate	family	accumulated	accumulated	adj. 积累的	accumulated | adj. 积累的 | accumulated evidence | 累积证据
accumulate	family	cumulative	cumulative	adj. 累积的	cumulative | adj. 累积的 | cumulative effect | 累积效应
accumulate	kin	cumulative	cumulative	adj. 累积的	cumulative | adj. 累积的 | cumulative effect / cumulative learning | 累积效应；累积学习
accumulate	kin	cumulus	cumulus	n. 积云	cumulus | n. 积云 | cumulus cloud / low cumulus | 积云；低积云
accumulate	kin	cumulate	cumulate	v. 累积	cumulate | v. 累积 | cumulate advantages / cumulate small gains | 累积优势；累积小收益
amass	family	amassed	amassed	adj. 被积累的	amassed | adj. 被积累的 | amassed evidence | 累积证据
amass	family	amassing	amassing	n. 积累	amassing | n. 积累 | amassing wealth | 积累财富
amass	family	mass	mass	n. 大量；质量	mass | n. 大量；质量 | mass consumption | 大规模消费
amass	kin	mass	mass	n. 大量；质量	mass | n. 大量；质量 | mass migration / body mass | 大规模迁移；体重
amass	kin	massive	massive	adj. 巨大的	massive | adj. 巨大的 | massive investment / massive star | 巨额投资；大质量恒星
amass	kin	massacre	massacre	n./v. 大屠杀	massacre | n./v. 大屠杀 | historical massacre / massacre civilians | 历史屠杀；屠杀平民
acquire	family	acquisition	acquisition	n. 获得；习得	acquisition | n. 获得；习得 | language acquisition | 语言习得
acquire	family	acquired	acquired	adj. 后天获得的	acquired | adj. 后天获得的 | acquired skill | 后天技能
acquire	family	acquisitive	acquisitive	adj. 渴求获得的	acquisitive | adj. 渴求获得的 | acquisitive habit | 贪得习惯
acquire	kin	inquire	inquire	v. 询问；调查	inquire | v. 询问；调查 | inquire about admission / inquire into the causes | 询问入学事宜；调查原因
acquire	kin	require	require	v. 需要；要求	require | v. 需要；要求 | require further evidence / require students to participate | 需要更多证据；要求学生参与
acquire	kin	quest	quest	n. 追求；探索	quest | n. 追求；探索 | a quest for knowledge / the quest for equality | 求知之旅；追求平等
obtain	family	obtained	obtained	adj. 已获得的	obtained | adj. 已获得的 | obtained data | 已获得数据
obtain	family	obtainable	obtainable	adj. 可获得的	obtainable | adj. 可获得的 | obtainable evidence | 可获得证据
obtain	family	obtaining	obtaining	n. 获得	obtaining | n. 获得 | obtaining permission | 获得许可
obtain	kin	contain	contain	v. 包含；控制	contain | v. 包含；控制 | contain risks / contain information | 控制风险；包含信息
obtain	kin	maintain	maintain	v. 维持；维护	maintain | v. 维持；维护 | maintain order / maintain equipment | 维持秩序；维护设备
obtain	kin	retain	retain	v. 保留；保持	retain | v. 保留；保持 | retain talent / retain information | 留住人才；记住信息
adaptable	family	adaptability	adaptability	n. 适应能力	adaptability | n. 适应能力 | workplace adaptability | 职场适应能力
adaptable	family	adaptably	adaptably	adv. 灵活地	adaptably | adv. 灵活地 | adaptably respond | 灵活应对
adaptable	family	adapted	adapted	adj. 适应的	adapted | adj. 适应的 | adapted system | 适应后的系统
adaptable	kin	apt	apt	adj. 易于；恰当的	apt | adj. 易于；恰当的 | apt description / apt to forget | 恰当描述；容易忘记
adaptable	kin	adoptable	adoptable	adj. 可采纳的；可收养的	adoptable | adj. 可采纳的；可收养的 | adoptable method / adoptable child | 可采纳方法；可收养儿童
adaptable	kin	adept	adept	adj. 熟练的	adept | adj. 熟练的 | adept learners / adept at adaptation | 熟练学习者；擅长适应
versatile	family	versatility	versatility	n. 多功能性	versatility | n. 多功能性 | technological versatility | 技术多功能性
versatile	family	versatilely	versatilely	adv. 灵活地	versatilely | adv. 灵活地 | work versatilely | 灵活工作
versatile	kin	verse	verse	n. 诗句	verse | n. 诗句 | free verse / verse translation | 自由诗；诗歌翻译
versatile	kin	reverse	reverse	v./adj. 逆转；相反的	reverse | v./adj. 逆转；相反的 | reverse a decision / reverse order | 推翻决定；相反顺序
versatile	kin	universe	universe	n. 宇宙	universe | n. 宇宙 | observable universe / fictional universe | 可观测宇宙；虚构宇宙
adjacent	family	adjacency	adjacency	n. 邻近	adjacency | n. 邻近 | spatial adjacency | 空间邻近
adjacent	family	adjacently	adjacently	adv. 邻近地	adjacently | adv. 邻近地 | adjacently located | 邻近分布
adjacent	family	adjacent-side	adjacent-side	adj. 相邻边的	adjacent-side | adj. 相邻边的 | adjacent-side entrance | 相邻侧入口
adjacent	kin	subjacent	subjacent	adj. 在下方的	subjacent | adj. 在下方的 | subjacent rock layers / subjacent tissue | 下伏岩层；下层组织
adjacent	kin	eject	eject	v. 喷出；驱逐	eject | v. 喷出；驱逐 | eject hot ash / eject a passenger | 喷出热灰；驱逐乘客
adjacent	kin	inject	inject	v. 注入	inject | v. 注入 | inject funds into schools / inject a vaccine | 向学校注入资金；注射疫苗
neighboring	family	neighbor	neighbor	n. 邻居；邻国	neighbor | n. 邻居；邻国 | friendly neighbor | 友好邻国
neighboring	family	neighborhood	neighborhood	n. 社区	neighborhood | n. 社区 | neighborhood services | 社区服务
neighboring	family	neighborly	neighborly	adj. 友邻的	neighborly | adj. 友邻的 | neighborly cooperation | 友邻合作
neighboring	kin	neighbor	neighbor	n. 邻居；邻近者	neighbor | n. 邻居；邻近者 | next-door neighbor / neighboring country | 隔壁邻居；邻国
neighboring	kin	neighborhood	neighborhood	n. 街区；邻里	neighborhood | n. 街区；邻里 | urban neighborhood / safe neighborhood | 城市社区；安全街区
neighboring	kin	nigh	nigh	adj./adv. 近的；接近	nigh | adj./adv. 近的；接近 | nigh impossible / the end is nigh | 几乎不可能；末日将近
adjust	family	adjustment	adjustment	n. 调整	adjustment | n. 调整 | policy adjustment | 政策调整
adjust	family	adjustable	adjustable	adj. 可调整的	adjustable | adj. 可调整的 | adjustable schedule | 可调整日程
adjust	family	adjusted	adjusted	adj. 调整后的	adjusted | adj. 调整后的 | adjusted price | 调整后价格
adjust	kin	justice	justice	n. 正义；司法	justice | n. 正义；司法 | social justice / criminal justice system | 社会正义；刑事司法系统
adjust	kin	justify	justify	v. 证明合理；辩护	justify | v. 证明合理；辩护 | justify public spending / justify strict rules | 证明公共支出合理；为严格规则辩护
adjust	kin	injury	injury	n. 伤害	injury | n. 伤害 | workplace injury / serious injury | 工伤；严重伤害
modify	family	modification	modification	n. 修改	modification | n. 修改 | policy modification | 政策修改
modify	family	modified	modified	adj. 被修改的	modified | adj. 被修改的 | modified rule | 修改后的规则
modify	family	modifiable	modifiable	adj. 可修改的	modifiable | adj. 可修改的 | modifiable factor | 可改变因素
modify	kin	mode	mode	n. 模式；方式	mode | n. 模式；方式 | study mode / operation mode | 学习模式；运作模式
modify	kin	model	model	n./v. 模型；建模	model | n./v. 模型；建模 | economic model / model behavior | 经济模型；模仿行为
modify	kin	modular	modular	adj. 模块化的	modular | adj. 模块化的 | modular design / modular housing | 模块化设计；模块化住房
administer	family	administration	administration	n. 管理；行政	administration | n. 管理；行政 | public administration | 公共管理
administer	family	administrative	administrative	adj. 行政的	administrative | adj. 行政的 | administrative cost | 行政成本
administer	family	administrator	administrator	n. 管理者	administrator | n. 管理者 | school administrator | 学校管理者
administer	kin	minister	minister	n. 部长；牧师	minister | n. 部长；牧师 | the health minister / a cabinet minister | 卫生部长；内阁部长
administer	kin	ministry	ministry	n. 部；部门	ministry | n. 部；部门 | the Ministry of Education / a government ministry | 教育部；政府部门
administer	kin	minor	minor	adj./n. 较小的；未成年人	minor | adj./n. 较小的；未成年人 | minor changes / protect minors online | 小改动；保护未成年人上网
enforce	family	enforcement	enforcement	n. 执行	enforcement | n. 执行 | law enforcement | 执法
enforce	family	enforced	enforced	adj. 被执行的	enforced | adj. 被执行的 | enforced standard | 被执行的标准
enforce	family	enforceable	enforceable	adj. 可执行的	enforceable | adj. 可执行的 | enforceable rule | 可执行规则
enforce	kin	force	force	n./v. 力；强迫	force | n./v. 力；强迫 | market force / force compliance | 市场力量；强制合规
enforce	kin	reinforce	reinforce	v. 加强	reinforce | v. 加强 | reinforce rules / reinforce memory | 加强规则；巩固记忆
enforce	kin	fortify	fortify	v. 加固；增强	fortify | v. 加固；增强 | fortify defenses / fortify food | 加固防御；强化食品营养
advocate	family	advocacy	advocacy	n. 倡导	advocacy | n. 倡导 | policy advocacy | 政策倡导
advocate	family	advocate	advocate	n. 倡导者	advocate | n. 倡导者 | environmental advocate | 环保倡导者
advocate	family	advocated	advocated	adj. 被倡导的	advocated | adj. 被倡导的 | advocated reform | 被倡导的改革
advocate	kin	vocation	vocation	n. 职业；使命感	vocation | n. 职业；使命感 | a teaching vocation / choose a vocation | 教师职业使命；选择职业
advocate	kin	invoke	invoke	v. 援引；调用	invoke | v. 援引；调用 | invoke legal rights / invoke a historical example | 援引法律权利；引用历史例子
advocate	kin	voice	voice	n./v. 声音；表达	voice | n./v. 声音；表达 | public voice / voice concerns | 公众声音；表达担忧
champion	family	championship	championship	n. 锦标赛；冠军称号	championship | n. 锦标赛；冠军称号 | world championship | 世界锦标赛
champion	family	championed	championed	adj. 被支持的	championed | adj. 被支持的 | championed reform | 被支持的改革
champion	family	championing	championing	n. 支持	championing | n. 支持 | championing equality | 支持平等
champion	kin	camp	camp	n./v. 营地；扎营	camp | n./v. 营地；扎营 | summer camp / camp outdoors | 夏令营；户外露营
champion	kin	campaign	campaign	n./v. 运动；竞选	campaign | n./v. 运动；竞选 | public campaign / campaign for reform | 公共运动；为改革活动
champion	kin	championship	championship	n. 锦标赛；冠军地位	championship | n. 锦标赛；冠军地位 | world championship / win a championship | 世界锦标赛；赢得冠军
aggravate	family	aggravation	aggravation	n. 加重；恶化	aggravation | n. 加重；恶化 | aggravation of symptoms | 症状加重
aggravate	family	aggravated	aggravated	adj. 加重的	aggravated | adj. 加重的 | aggravated pollution | 加重的污染
aggravate	family	aggravating	aggravating	adj. 加剧的	aggravating | adj. 加剧的 | aggravating factor | 加剧因素
aggravate	kin	grave	grave	adj./n. 严重的；坟墓	grave | adj./n. 严重的；坟墓 | grave concern / mass grave | 严重关切；万人坑
aggravate	kin	gravity	gravity	n. 重力；严重性	gravity | n. 重力；严重性 | gravity field / gravity of the issue | 重力场；问题的严重性
aggravate	kin	gravel	gravel	n. 砾石	gravel | n. 砾石 | gravel road / river gravel | 砾石路；河砾石
exacerbate	family	exacerbation	exacerbation	n. 加剧	exacerbation | n. 加剧 | exacerbation of inequality | 不平等加剧
exacerbate	family	exacerbated	exacerbated	adj. 加剧的	exacerbated | adj. 加剧的 | exacerbated poverty | 加剧的贫困
exacerbate	family	exacerbating	exacerbating	adj. 正在加剧的	exacerbating | adj. 正在加剧的 | exacerbating factor | 加剧因素
exacerbate	kin	acerbic	acerbic	adj. 尖刻的	acerbic | adj. 尖刻的 | acerbic criticism / acerbic tone | 尖刻批评；刻薄语气
exacerbate	kin	acidity	acidity	n. 酸度	acidity | n. 酸度 | soil acidity / stomach acidity | 土壤酸度；胃酸度
exacerbate	kin	acid	acid	n./adj. 酸；酸性的	acid | n./adj. 酸；酸性的 | acid rain / acid solution | 酸雨；酸性溶液
agreement	family	agree	agree	v. 同意	agree | v. 同意 | agree on policy | 就政策达成一致
agreement	family	agreed	agreed	adj. 已同意的	agreed | adj. 已同意的 | agreed terms | 已同意条款
agreement	family	agreeable	agreeable	adj. 令人愉快的；同意的	agreeable | adj. 令人愉快的；同意的 | agreeable solution | 可接受方案
agreement	kin	grade	grade	n./v. 等级；评分	grade | n./v. 等级；评分 | grade inflation / grade assignments | 分数膨胀；给作业评分
agreement	kin	gradual	gradual	adj. 逐渐的	gradual | adj. 逐渐的 | gradual improvement / gradual decline | 逐步改善；逐渐下降
agreement	kin	ingredient	ingredient	n. 成分；要素	ingredient | n. 成分；要素 | key ingredient / food ingredient | 关键要素；食品成分
consensus	family	consensual	consensual	adj. 双方同意的	consensual | adj. 双方同意的 | consensual agreement | 共识协议
consensus	family	consensus-building	consensus-building	n. 建立共识	consensus-building | n. 建立共识 | consensus-building process | 建立共识过程
consensus	kin	sense	sense	n. 感觉；意义	sense | n. 感觉；意义 | common sense / sense of identity | 常识；身份感
consensus	kin	sensory	sensory	adj. 感官的	sensory | adj. 感官的 | sensory input / sensory experience | 感官输入；感官体验
consensus	kin	consent	consent	n./v. 同意	consent | n./v. 同意 | informed consent / consent to treatment | 知情同意；同意治疗
align	family	alignment	alignment	n. 一致；对齐	alignment | n. 一致；对齐 | policy alignment | 政策一致
align	family	aligned	aligned	adj. 一致的	aligned | adj. 一致的 | aligned interests | 一致利益
align	family	aligning	aligning	n. 对齐；协调	aligning | n. 对齐；协调 | aligning resources | 协调资源
coordinate	family	coordination	coordination	n. 协调	coordination | n. 协调 | policy coordination | 政策协调
coordinate	family	coordinated	coordinated	adj. 协调的	coordinated | adj. 协调的 | coordinated action | 协调行动
coordinate	family	coordinator	coordinator	n. 协调者	coordinator | n. 协调者 | project coordinator | 项目协调者
coordinate	kin	ordinary	ordinary	adj. 普通的	ordinary | adj. 普通的 | ordinary people / ordinary language | 普通人；日常语言
coordinate	kin	order	order	n./v. 秩序；命令	order | n./v. 秩序；命令 | social order / order supplies | 社会秩序；订购物资
coordinate	kin	subordinate	subordinate	adj./n. 下级的；下属	subordinate | adj./n. 下级的；下属 | subordinate clause / subordinate employee | 从句；下属员工
alleviate	family	alleviation	alleviation	n. 缓解	alleviation | n. 缓解 | poverty alleviation | 扶贫
alleviate	family	alleviated	alleviated	adj. 被缓解的	alleviated | adj. 被缓解的 | alleviated pressure | 被缓解的压力
alleviate	family	alleviating	alleviating	adj. 缓解性的	alleviating | adj. 缓解性的 | alleviating measure | 缓解措施
alleviate	kin	levy	levy	n./v. 征税；征收	levy | n./v. 征税；征收 | levy taxes / carbon levy | 征税；碳税
alleviate	kin	lever	lever	n. 杠杆	lever | n. 杠杆 | policy lever / lever mechanism | 政策杠杆；杠杆机制
alleviate	kin	elevator	elevator	n. 电梯	elevator | n. 电梯 | office elevator / grain elevator | 办公楼电梯；谷仓升降机
mitigate	family	mitigation	mitigation	n. 缓解	mitigation | n. 缓解 | climate mitigation | 气候缓解
mitigate	family	mitigated	mitigated	adj. 被减轻的	mitigated | adj. 被减轻的 | mitigated risk | 被减轻的风险
mitigate	family	mitigating	mitigating	adj. 缓和的	mitigating | adj. 缓和的 | mitigating factor | 缓和因素
mitigate	kin	migrate	migrate	v. 迁移；移民	migrate | v. 迁移；移民 | migrate to cities / birds migrate | 迁往城市；鸟类迁徙
mitigate	kin	litigate	litigate	v. 诉讼	litigate | v. 诉讼 | litigate a dispute / litigate in court | 诉讼争端；上法庭打官司
allude	family	allusion	allusion	n. 暗指	allusion | n. 暗指 | literary allusion | 文学典故
allude	family	allusive	allusive	adj. 暗示的	allusive | adj. 暗示的 | allusive remark | 暗示性评论
allude	family	alluded	alluded	adj. 被暗指的	alluded | adj. 被暗指的 | alluded problem | 被暗指的问题
allude	kin	illusion	illusion	n. 幻觉；错觉	illusion | n. 幻觉；错觉 | an illusion of control / create an illusion | 控制错觉；制造幻觉
allude	kin	prelude	prelude	n. 前奏；序幕	prelude | n. 前奏；序幕 | a prelude to reform / musical prelude | 改革前奏；音乐前奏
allude	kin	ludic	ludic	adj. 游戏性的	ludic | adj. 游戏性的 | ludic learning / ludic design | 游戏化学习；游戏性设计
refer	family	reference	reference	n. 参考；提及	reference | n. 参考；提及 | reference data | 参考数据
refer	family	referred	referred	adj. 被提及的	referred | adj. 被提及的 | referred patient | 转诊患者
refer	family	referral	referral	n. 转诊；推荐	referral | n. 转诊；推荐 | medical referral | 医疗转诊
refer	kin	reference	reference	n. 参考；提及	reference | n. 参考；提及 | reference book / make reference to history | 参考书；提及历史
refer	kin	transfer	transfer	v. 转移；转让	transfer | v. 转移；转让 | transfer data / transfer ownership | 转移数据；转让所有权
refer	kin	ferry	ferry	n./v. 渡船；运送	ferry | n./v. 渡船；运送 | passenger ferry / ferry supplies | 客运渡船；运送物资
alter	family	alteration	alteration	n. 改变；修改	alteration | n. 改变；修改 | policy alteration | 政策改变
alter	family	altered	altered	adj. 被改变的	altered | adj. 被改变的 | altered pattern | 被改变的模式
alter	family	alterable	alterable	adj. 可改变的	alterable | adj. 可改变的 | alterable rule | 可改变规则
alter	kin	alternate	alternate	v./adj. 交替；替代的	alternate | v./adj. 交替；替代的 | alternate between tasks / alternate route | 在任务间交替；替代路线
alter	kin	alternative	alternative	n./adj. 替代方案；替代的	alternative | n./adj. 替代方案；替代的 | alternative energy / practical alternative | 替代能源；实际替代方案
alter	kin	altar	altar	n. 祭坛	altar | n. 祭坛 | church altar / wedding altar | 教堂祭坛；婚礼祭坛
transform	family	transformation	transformation	n. 转变	transformation | n. 转变 | digital transformation | 数字化转型
transform	family	transformative	transformative	adj. 变革性的	transformative | adj. 变革性的 | transformative reform | 变革性改革
transform	family	transformed	transformed	adj. 被改变的	transformed | adj. 被改变的 | transformed city | 被改造的城市
transform	kin	form	form	n./v. 形式；形成	form | n./v. 形式；形成 | social form / form a habit | 社会形式；形成习惯
transform	kin	reform	reform	n./v. 改革	reform | n./v. 改革 | education reform / reform the system | 教育改革；改革制度
transform	kin	formula	formula	n. 公式；方案	formula | n. 公式；方案 | mathematical formula / policy formula | 数学公式；政策方案
amalgamate	family	amalgamation	amalgamation	n. 合并	amalgamation | n. 合并 | corporate amalgamation | 公司合并
amalgamate	family	amalgamated	amalgamated	adj. 合并的	amalgamated | adj. 合并的 | amalgamated school | 合并后的学校
amalgamate	family	amalgam	amalgam	n. 混合物	amalgam | n. 混合物 | cultural amalgam | 文化混合体
amalgamate	kin	alloy	alloy	n. 合金	alloy | n. 合金 | metal alloy / aluminum alloy | 金属合金；铝合金
amalgamate	kin	amalgam	amalgam	n. 混合物；汞合金	amalgam | n. 混合物；汞合金 | cultural amalgam / dental amalgam | 文化混合体；牙科汞合金
amalgamate	kin	aggregate	aggregate	n./v. 总量；聚合	aggregate | n./v. 总量；聚合 | aggregate demand / aggregate data | 总需求；汇总数据
merge	family	merger	merger	n. 合并	merger | n. 合并 | corporate merger | 公司合并
merge	family	merged	merged	adj. 合并的	merged | adj. 合并的 | merged department | 合并部门
merge	family	merging	merging	n. 合并	merging | n. 合并 | merging schools | 合并学校
merge	kin	emerge	emerge	v. 出现	emerge | v. 出现 | new problems emerge / emerge from poverty | 新问题出现；摆脱贫困
merge	kin	submerge	submerge	v. 淹没；浸入	submerge | v. 淹没；浸入 | submerge samples / submerge coastal land | 浸入样本；淹没沿海土地
merge	kin	merger	merger	n. 合并	merger | n. 合并 | corporate merger / school merger | 公司合并；学校合并
ameliorate	family	amelioration	amelioration	n. 改善	amelioration | n. 改善 | amelioration of poverty | 贫困改善
ameliorate	family	ameliorative	ameliorative	adj. 改善性的	ameliorative | adj. 改善性的 | ameliorative policy | 改善性政策
ameliorate	family	ameliorated	ameliorated	adj. 被改善的	ameliorated | adj. 被改善的 | ameliorated condition | 改善后的状况
ameliorate	kin	meliorism	meliorism	n. 改善论	meliorism | n. 改善论 | social meliorism / educational meliorism | 社会改善论；教育改善论
ameliorate	kin	melody	melody	n. 旋律	melody | n. 旋律 | simple melody / folk melody | 简单旋律；民间旋律
ameliorate	kin	melancholy	melancholy	n./adj. 忧郁；忧郁的	melancholy | n./adj. 忧郁；忧郁的 | deep melancholy / melancholy mood | 深深忧郁；忧郁情绪
improve	family	improvement	improvement	n. 改善	improvement | n. 改善 | environmental improvement | 环境改善
improve	family	improved	improved	adj. 改善后的	improved | adj. 改善后的 | improved service | 改善后的服务
improve	family	improving	improving	adj. 正在改善的	improving | adj. 正在改善的 | improving condition | 改善中的状况
improve	kin	prove	prove	v. 证明	prove | v. 证明 | prove effective / prove a theory | 证明有效；证明理论
improve	kin	approve	approve	v. 批准；赞成	approve | v. 批准；赞成 | approve a plan / approve of reform | 批准计划；赞成改革
improve	kin	disprove	disprove	v. 反驳；证伪	disprove | v. 反驳；证伪 | disprove a claim / disprove a theory | 证伪说法；证伪理论
analyze	family	analysis	analysis	n. 分析	analysis | n. 分析 | data analysis | 数据分析
analyze	family	analytical	analytical	adj. 分析的	analytical | adj. 分析的 | analytical method | 分析方法
analyze	family	analyzed	analyzed	adj. 被分析的	analyzed | adj. 被分析的 | analyzed evidence | 被分析的证据
analyze	kin	lysis	lysis	n. 裂解；溶解	lysis | n. 裂解；溶解 | cell lysis / chemical lysis | 细胞裂解；化学裂解
analyze	kin	paralysis	paralysis	n. 瘫痪；停滞	paralysis | n. 瘫痪；停滞 | policy paralysis / muscle paralysis | 政策瘫痪；肌肉瘫痪
analyze	kin	catalyst	catalyst	n. 催化剂；推动因素	catalyst | n. 催化剂；推动因素 | chemical catalyst / catalyst for reform | 化学催化剂；改革催化剂
scrutinize	family	scrutiny	scrutiny	n. 审查	scrutiny | n. 审查 | public scrutiny | 公众审查
scrutinize	family	scrutinized	scrutinized	adj. 被审查的	scrutinized | adj. 被审查的 | scrutinized spending | 被审查的支出
scrutinize	family	scrutinizing	scrutinizing	adj. 审视的	scrutinizing | adj. 审视的 | scrutinizing attitude | 审视态度
scrutinize	kin	scrutiny	scrutiny	n. 仔细审查	scrutiny | n. 仔细审查 | public scrutiny / close scrutiny | 公众审查；仔细审查
scrutinize	kin	screen	screen	n./v. 屏幕；筛查	screen | n./v. 屏幕；筛查 | screen patients / phone screen | 筛查病人；手机屏幕
scrutinize	kin	script	script	n. 文字；脚本	script | n. 文字；脚本 | ancient script / computer script | 古文字；计算机脚本
antagonize	family	antagonism	antagonism	n. 对立；敌意	antagonism | n. 对立；敌意 | social antagonism | 社会敌意
antagonize	family	antagonistic	antagonistic	adj. 对立的	antagonistic | adj. 对立的 | antagonistic attitude | 对立态度
antagonize	family	antagonist	antagonist	n. 对手；反派	antagonist | n. 对手；反派 | political antagonist | 政治对手
antagonize	kin	protagonist	protagonist	n. 主角；倡导者	protagonist | n. 主角；倡导者 | novel protagonist / policy protagonist | 小说主角；政策推动者
antagonize	kin	agonize	agonize	v. 苦苦思索；痛苦	agonize | v. 苦苦思索；痛苦 | agonize over choices / agonize for hours | 为选择痛苦纠结；痛苦数小时
antagonize	kin	contest	contest	v./n. 争夺；竞赛	contest | v./n. 争夺；竞赛 | contest power / beauty contest | 争夺权力；选美比赛
provoke	family	provocation	provocation	n. 挑衅；激起	provocation | n. 挑衅；激起 | political provocation | 政治挑衅
provoke	family	provocative	provocative	adj. 挑衅的；引发思考的	provocative | adj. 挑衅的；引发思考的 | provocative claim | 挑衅性说法
provoke	family	provoked	provoked	adj. 被激怒的	provoked | adj. 被激怒的 | provoked reaction | 被激起的反应
provoke	kin	voice	voice	n./v. 声音；表达	voice | n./v. 声音；表达 | public voice / voice concern | 公众声音；表达担忧
provoke	kin	vocal	vocal	adj. 声音的；直言的	vocal | adj. 声音的；直言的 | vocal opposition / vocal training | 公开反对；声乐训练
provoke	kin	invoke	invoke	v. 援引；调用	invoke | v. 援引；调用 | invoke authority / invoke a function | 援引权威；调用函数
anticipate	family	anticipation	anticipation	n. 预期	anticipation | n. 预期 | anticipation of demand | 对需求的预期
anticipate	family	anticipated	anticipated	adj. 被预期的	anticipated | adj. 被预期的 | anticipated growth | 预期增长
anticipate	family	anticipatory	anticipatory	adj. 预先的	anticipatory | adj. 预先的 | anticipatory action | 预先行动
anticipate	kin	participate	participate	v. 参与	participate | v. 参与 | participate in debate / participate in public life | 参与辩论；参与公共生活
anticipate	kin	precipitate	precipitate	v. 促成；加速	precipitate | v. 促成；加速 | precipitate a crisis / precipitate social change | 促成危机；加速社会变化
anticipate	kin	emancipate	emancipate	v. 解放	emancipate | v. 解放 | emancipate workers / emancipate women | 解放劳动者；解放女性
foresee	family	foresight	foresight	n. 远见	foresight | n. 远见 | political foresight | 政治远见
foresee	family	foreseen	foreseen	adj. 被预见的	foreseen | adj. 被预见的 | foreseen risk | 已预见风险
foresee	family	foreseeable	foreseeable	adj. 可预见的	foreseeable | adj. 可预见的 | foreseeable future | 可预见未来
foresee	kin	see	see	v. 看见；理解	see | v. 看见；理解 | see the pattern / see a doctor | 看出模式；看医生
foresee	kin	vision	vision	n. 视野；愿景	vision | n. 视野；愿景 | future vision / poor vision | 未来愿景；视力差
foresee	kin	visible	visible	adj. 可见的	visible | adj. 可见的 | visible change / visible evidence | 可见变化；可见证据
antiquated	family	antique	antique	n. 古董	antique | n. 古董 | antique furniture | 古董家具
antiquated	family	antiquity	antiquity	n. 古代	antiquity | n. 古代 | classical antiquity | 古典古代
antiquated	family	antiquatedness	antiquatedness	n. 陈旧	antiquatedness | n. 陈旧 | antiquatedness of rules | 规则陈旧性
antiquated	kin	antique	antique	n./adj. 古董；古老的	antique | n./adj. 古董；古老的 | antique furniture / antique market | 古董家具；古董市场
antiquated	kin	antiquity	antiquity	n. 古代	antiquity | n. 古代 | classical antiquity / late antiquity | 古典古代；古代晚期
antiquated	kin	ancient	ancient	adj. 古代的	ancient | adj. 古代的 | ancient civilization / ancient law | 古代文明；古代法律
outdated	family	outdate	outdate	v. 使过时	outdate | v. 使过时 | outdate old methods | 使旧方法过时
outdated	family	outdatedness	outdatedness	n. 过时	outdatedness | n. 过时 | outdatedness of policy | 政策过时性
outdated	family	outdating	outdating	adj. 使过时的	outdating | adj. 使过时的 | outdating technology | 使技术过时的
outdated	kin	date	date	n./v. 日期；约会	date | n./v. 日期；约会 | birth date / date a document | 出生日期；给文件标日期
outdated	kin	update	update	v./n. 更新	update | v./n. 更新 | update software / policy update | 更新软件；政策更新
outdated	kin	antedate	antedate	v. 早于	antedate | v. 早于 | antedate written records / antedate modern law | 早于文字记录；早于现代法律
apathy	family	apathetic	apathetic	adj. 冷漠的	apathetic | adj. 冷漠的 | apathetic voters | 冷漠选民
apathy	family	apathetically	apathetically	adv. 冷漠地	apathetically | adv. 冷漠地 | respond apathetically | 冷漠回应
apathy	family	apathic	apathic	adj. 冷漠的	apathic | adj. 冷漠的 | apathic attitude | 冷漠态度
apathy	kin	path	path	n. 路径	path | n. 路径 | learning path / career path | 学习路径；职业道路
apathy	kin	sympathy	sympathy	n. 同情	sympathy | n. 同情 | public sympathy / sympathy for victims | 公众同情；对受害者的同情
apathy	kin	pathology	pathology	n. 病理学	pathology | n. 病理学 | clinical pathology / social pathology | 临床病理学；社会病态
indifference	family	indifferent	indifferent	adj. 冷漠的	indifferent | adj. 冷漠的 | indifferent attitude | 冷漠态度
indifference	family	indifferently	indifferently	adv. 冷漠地	indifferently | adv. 冷漠地 | react indifferently | 冷漠反应
indifference	kin	differ	differ	v. 不同；有分歧	differ | v. 不同；有分歧 | opinions differ / differ from others | 观点不同；与他人不同
indifference	kin	defer	defer	v. 推迟；服从	defer | v. 推迟；服从 | defer a decision / defer to experts | 推迟决定；听从专家
indifference	kin	reference	reference	n. 参考；提及	reference | n. 参考；提及 | reference material / make reference to history | 参考材料；提及历史
appoint	family	appointment	appointment	n. 任命；预约	appointment | n. 任命；预约 | medical appointment | 医疗预约
appoint	family	appointed	appointed	adj. 被任命的	appointed | adj. 被任命的 | appointed official | 被任命官员
appoint	family	appointee	appointee	n. 被任命者	appointee | n. 被任命者 | government appointee | 政府任命者
appoint	kin	point	point	n. 点；观点	point | n. 点；观点 | a turning point / a valid point | 转折点；有道理的观点
appoint	kin	pinpoint	pinpoint	v. 精确指出	pinpoint | v. 精确指出 | pinpoint the cause / pinpoint a location | 精确指出原因；定位地点
appoint	kin	viewpoint	viewpoint	n. 观点	viewpoint | n. 观点 | a political viewpoint / from a different viewpoint | 政治观点；从不同视角
designate	family	designation	designation	n. 指定；名称	designation | n. 指定；名称 | official designation | 官方指定
designate	family	designated	designated	adj. 指定的	designated | adj. 指定的 | designated area | 指定区域
designate	family	designator	designator	n. 指示符	designator | n. 指示符 | role designator | 角色指示符
designate	kin	sign	sign	n./v. 标志；签署	sign | n./v. 标志；签署 | traffic sign / sign a treaty | 交通标志；签署条约
designate	kin	signal	signal	n./v. 信号；表明	signal | n./v. 信号；表明 | warning signal / signal a shift | 警告信号；表明转变
designate	kin	signature	signature	n. 签名；特征	signature | n. 签名；特征 | digital signature / signature style | 数字签名；标志性风格
apprehend	family	apprehension	apprehension	n. 理解；担忧	apprehension | n. 理解；担忧 | public apprehension | 公众担忧
apprehend	family	apprehended	apprehended	adj. 被逮捕的；被理解的	apprehended | adj. 被逮捕的；被理解的 | apprehended suspect | 被逮捕嫌疑人
apprehend	family	apprehensible	apprehensible	adj. 可理解的	apprehensible | adj. 可理解的 | apprehensible meaning | 可理解含义
apprehend	kin	comprehend	comprehend	v. 理解	comprehend | v. 理解 | comprehend complex texts / comprehend social change | 理解复杂文本；理解社会变化
apprehend	kin	prehensile	prehensile	adj. 能抓握的	prehensile | adj. 能抓握的 | prehensile tail / prehensile hand movement | 能抓握的尾巴；抓握性手部动作
apprehend	kin	comprehensive	comprehensive	adj. 全面的	comprehensive | adj. 全面的 | comprehensive reform / comprehensive evidence | 全面改革；全面证据
comprehend	family	comprehension	comprehension	n. 理解	comprehension | n. 理解 | reading comprehension | 阅读理解
comprehend	family	comprehensive	comprehensive	adj. 全面的	comprehensive | adj. 全面的 | comprehensive reform | 全面改革
comprehend	family	comprehensible	comprehensible	adj. 可理解的	comprehensible | adj. 可理解的 | comprehensible explanation | 可理解解释
comprehend	kin	hand	hand	n. 手；人手	hand | n. 手；人手 | raise a hand / extra hands | 举手；额外人手
comprehend	kin	prehensile	prehensile	adj. 能抓握的	prehensile | adj. 能抓握的 | prehensile tail / prehensile hand movement | 能抓握的尾巴；抓握性手部动作
comprehend	kin	apprehend	apprehend	v. 理解；逮捕	apprehend | v. 理解；逮捕 | apprehend meaning / apprehend suspects | 理解含义；逮捕嫌疑人
apprehensive	family	apprehension	apprehension	n. 忧虑；理解	apprehension | n. 忧虑；理解 | public apprehension | 公众担忧
apprehensive	family	apprehensively	apprehensively	adv. 忧虑地	apprehensively | adv. 忧虑地 | wait apprehensively | 忧虑地等待
apprehensive	family	apprehensiveness	apprehensiveness	n. 忧虑	apprehensiveness | n. 忧虑 | parental apprehensiveness | 父母忧虑
apprehensive	kin	comprehension	comprehension	n. 理解	comprehension | n. 理解 | reading comprehension / comprehension difficulty | 阅读理解；理解困难
apprehensive	kin	prehensile	prehensile	adj. 能抓握的	prehensile | adj. 能抓握的 | prehensile tail / prehensile ability | 能抓握的尾巴；抓握能力
apprehensive	kin	apprehend	apprehend	v. 理解；逮捕	apprehend | v. 理解；逮捕 | apprehend meaning / apprehend suspects | 理解含义；逮捕嫌疑人
anxious	family	anxiety	anxiety	n. 焦虑	anxiety | n. 焦虑 | health anxiety | 健康焦虑
anxious	family	anxiously	anxiously	adv. 焦虑地	anxiously | adv. 焦虑地 | wait anxiously | 焦虑等待
anxious	family	anxiousness	anxiousness	n. 焦虑	anxiousness | n. 焦虑 | anxiousness about debt | 对债务的焦虑
anxious	kin	anxiety	anxiety	n. 焦虑	anxiety | n. 焦虑 | exam anxiety / social anxiety | 考试焦虑；社交焦虑
anxious	kin	anguish	anguish	n./v. 痛苦	anguish | n./v. 痛苦 | mental anguish / anguish over loss | 精神痛苦；因失去而痛苦
anxious	kin	anger	anger	n. 愤怒	anger | n. 愤怒 | public anger / anger management | 公众愤怒；愤怒管理
arbitrary	family	arbitrariness	arbitrariness	n. 任意；武断	arbitrariness | n. 任意；武断 | arbitrariness of rules | 规则的任意性
arbitrary	family	arbitrarily	arbitrarily	adv. 任意地	arbitrarily | adv. 任意地 | arbitrarily divide | 任意划分
arbitrary	family	arbitrate	arbitrate	v. 仲裁	arbitrate | v. 仲裁 | arbitrate disputes | 仲裁争端
arbitrary	kin	arbiter	arbiter	n. 仲裁者；裁决者	arbiter | n. 仲裁者；裁决者 | an arbiter of taste / legal arbiter | 审美裁判者；法律仲裁者
arbitrary	kin	arbitration	arbitration	n. 仲裁	arbitration | n. 仲裁 | international arbitration / labor arbitration | 国际仲裁；劳动仲裁
arbitrary	kin	arboretum	arboretum	n. 树木园	arboretum | n. 树木园 | urban arboretum / botanical arboretum | 城市树木园；植物树木园
haphazard	family	haphazardly	haphazardly	adv. 随意地	haphazardly | adv. 随意地 | haphazardly arrange | 随意安排
haphazard	family	haphazardness	haphazardness	n. 杂乱	haphazardness | n. 杂乱 | haphazardness of planning | 规划杂乱
haphazard	family	hazard	hazard	n. 危险	hazard | n. 危险 | health hazard | 健康危险
haphazard	kin	hazard	hazard	n. 危险	hazard | n. 危险 | health hazard / occupational hazard | 健康危害；职业风险
haphazard	kin	hazardous	hazardous	adj. 危险的	hazardous | adj. 危险的 | hazardous waste / hazardous chemicals | 危险废物；危险化学品
haphazard	kin	hasard	hasard	n. 偶然；冒险	hasard | n. 偶然；冒险 | game of hazard / hazardous chance | 碰运气的游戏；冒险机会
articulate	family	articulation	articulation	n. 表达；发音	articulation | n. 表达；发音 | clear articulation | 清晰表达
articulate	family	articulated	articulated	adj. 表达清楚的	articulated | adj. 表达清楚的 | articulated argument | 表达清楚的论点
articulate	family	articulate	articulate	adj. 善于表达的	articulate | adj. 善于表达的 | articulate speaker | 善于表达的演讲者
articulate	kin	article	article	n. 文章；条款	article | n. 文章；条款 | academic article / legal article | 学术文章；法律条款
articulate	kin	particle	particle	n. 颗粒；粒子	particle | n. 颗粒；粒子 | air particle / subatomic particle | 空气颗粒；亚原子粒子
articulate	kin	particular	particular	adj. 特定的	particular | adj. 特定的 | particular concern / particular case | 特定担忧；具体案例
express	family	expression	expression	n. 表达	expression | n. 表达 | personal expression | 个人表达
express	family	expressive	expressive	adj. 有表现力的	expressive | adj. 有表现力的 | expressive language | 有表现力的语言
express	family	expressly	expressly	adv. 明确地	expressly | adv. 明确地 | expressly forbid | 明确禁止
express	kin	press	press	v./n. 按压；媒体	press | v./n. 按压；媒体 | press a button / free press | 按按钮；自由媒体
express	kin	pressure	pressure	n. 压力	pressure | n. 压力 | social pressure / water pressure | 社会压力；水压
express	kin	impression	impression	n. 印象；压痕	impression | n. 印象；压痕 | first impression / deep impression | 第一印象；深刻印象
artificial	family	artificiality	artificiality	n. 人工性	artificiality | n. 人工性 | artificiality of design | 设计的人为性
artificial	family	artificially	artificially	adv. 人工地	artificially | adv. 人工地 | artificially increase | 人为提高
artificial	family	artifice	artifice	n. 巧计；人为手段	artifice | n. 巧计；人为手段 | political artifice | 政治手段
artificial	kin	artifice	artifice	n. 巧计；人为技巧	artifice | n. 巧计；人为技巧 | political artifice / literary artifice | 政治手腕；文学技巧
artificial	kin	artisan	artisan	n. 工匠	artisan | n. 工匠 | local artisan / artisan workshop | 本地工匠；工匠作坊
artificial	kin	artifact	artifact	n. 人工制品；文物	artifact | n. 人工制品；文物 | cultural artifact / ancient artifact | 文化制品；古代文物
synthetic	family	synthesis	synthesis	n. 合成；综合	synthesis | n. 合成；综合 | chemical synthesis | 化学合成
synthetic	family	synthesize	synthesize	v. 合成；综合	synthesize | v. 合成；综合 | synthesize information | 综合信息
synthetic	family	synthetically	synthetically	adv. 合成地	synthetically | adv. 合成地 | synthetically produce | 合成生产
synthetic	kin	thesis	thesis	n. 论文；论点	thesis | n. 论文；论点 | doctoral thesis / central thesis | 博士论文；核心论点
synthetic	kin	synthesis	synthesis	n. 综合；合成	synthesis | n. 综合；合成 | chemical synthesis / theoretical synthesis | 化学合成；理论综合
synthetic	kin	hypothesis	hypothesis	n. 假设	hypothesis | n. 假设 | test a hypothesis / working hypothesis | 检验假设；工作假设
ascend	family	ascent	ascent	n. 上升；攀登	ascent | n. 上升；攀登 | rapid ascent | 快速上升
ascend	family	ascending	ascending	adj. 上升的	ascending | adj. 上升的 | ascending trend | 上升趋势
ascend	family	ascended	ascended	adj. 上升后的	ascended | adj. 上升后的 | ascended level | 上升后的水平
ascend	kin	descend	descend	v. 下降；传承	descend | v. 下降；传承 | descend into chaos / descend from ancestors | 陷入混乱；源自祖先
ascend	kin	ascent	ascent	n. 上升；攀登	ascent | n. 上升；攀登 | rapid ascent / mountain ascent | 快速上升；登山
ascend	kin	transcend	transcend	v. 超越	transcend | v. 超越 | transcend social class / transcend national borders | 超越社会阶层；超越国界
rise	family	rising	rising	adj. 上升的	rising | adj. 上升的 | rising cost | 上涨成本
rise	family	risen	risen	adj. 已上升的	risen | adj. 已上升的 | risen price | 上涨后的价格
rise	family	rise	rise	n. 上升	rise | n. 上升 | sharp rise | 急剧上升
rise	kin	arise	arise	v. 出现	arise | v. 出现 | problems arise / opportunities arise | 问题出现；机会出现
rise	kin	raise	raise	v. 提高；筹集；抚养	raise | v. 提高；筹集；抚养 | raise wages / raise children | 提高工资；抚养孩子
rise	kin	arouse	arouse	v. 激起	arouse | v. 激起 | arouse interest / arouse suspicion | 激起兴趣；引起怀疑
assemble	family	assembly	assembly	n. 集合；装配	assembly | n. 集合；装配 | public assembly | 公众集会
assemble	family	assembled	assembled	adj. 被组装的	assembled | adj. 被组装的 | assembled parts | 组装零件
assemble	family	assembler	assembler	n. 装配工	assembler | n. 装配工 | factory assembler | 工厂装配工
assemble	kin	resemble	resemble	v. 类似	resemble | v. 类似 | resemble earlier models / resemble natural patterns | 类似早期模型；类似自然模式
assemble	kin	semblance	semblance	n. 表象；外观	semblance | n. 表象；外观 | a semblance of order / a semblance of fairness | 表面的秩序；貌似公平
assemble	kin	ensemble	ensemble	n. 整体；合奏团	ensemble | n. 整体；合奏团 | an ensemble cast / music ensemble | 群像演员阵容；音乐合奏团
compile	family	compilation	compilation	n. 汇编	compilation | n. 汇编 | data compilation | 数据汇编
compile	family	compiled	compiled	adj. 被汇编的	compiled | adj. 被汇编的 | compiled statistics | 汇编统计数据
compile	family	compiler	compiler	n. 编译器；编写者	compiler | n. 编译器；编写者 | code compiler | 代码编译器
compile	kin	pile	pile	n./v. 一堆；堆积	pile | n./v. 一堆；堆积 | a pile of data / pile pressure on workers | 一堆数据；给工人施压
compile	kin	compilation	compilation	n. 汇编；合集	compilation | n. 汇编；合集 | data compilation / music compilation | 数据汇编；音乐合集
compile	kin	compiler	compiler	n. 编译器；编纂者	compiler | n. 编译器；编纂者 | code compiler / dictionary compiler | 代码编译器；词典编纂者
assent	family	assented	assented	adj. 已同意的	assented | adj. 已同意的 | assented proposal | 已同意提案
assent	family	assenting	assenting	adj. 表示同意的	assenting | adj. 表示同意的 | assenting response | 同意回应
assent	family	assentingly	assentingly	adv. 同意地	assentingly | adv. 同意地 | nod assentingly | 同意地点头
assent	kin	sentiment	sentiment	n. 情绪；观点	sentiment | n. 情绪；观点 | public sentiment / market sentiment | 公众情绪；市场情绪
assent	kin	sentence	sentence	n. 句子；判决	sentence | n. 句子；判决 | complex sentence / prison sentence | 复杂句；监禁判决
assent	kin	consent	consent	n./v. 同意	consent | n./v. 同意 | informed consent / consent to treatment | 知情同意；同意治疗
consent	family	consensual	consensual	adj. 双方同意的	consensual | adj. 双方同意的 | consensual agreement | 共识协议
consent	family	consenting	consenting	adj. 同意的	consenting | adj. 同意的 | consenting adults | 同意的成年人
consent	family	consented	consented	adj. 已同意的	consented | adj. 已同意的 | consented procedure | 已同意程序
consent	kin	sense	sense	n. 感觉；意义	sense | n. 感觉；意义 | common sense / sense of identity | 常识；身份感
consent	kin	sentiment	sentiment	n. 情绪；观点	sentiment | n. 情绪；观点 | public sentiment / market sentiment | 公众情绪；市场情绪
consent	kin	sentence	sentence	n. 句子；判决	sentence | n. 句子；判决 | complex sentence / prison sentence | 复杂句；监禁判决
assert	family	assertion	assertion	n. 断言	assertion | n. 断言 | bold assertion | 大胆断言
assert	family	assertive	assertive	adj. 自信坚定的	assertive | adj. 自信坚定的 | assertive communication | 坚定沟通
assert	family	asserted	asserted	adj. 被主张的	asserted | adj. 被主张的 | asserted right | 被主张的权利
assert	kin	insert	insert	v. 插入	insert | v. 插入 | insert a chart / insert a catheter | 插入图表；插入导管
assert	kin	exert	exert	v. 施加；发挥	exert | v. 施加；发挥 | exert influence / exert pressure | 施加影响；施加压力
assert	kin	desert	desert	n./v. 沙漠；抛弃	desert | n./v. 沙漠；抛弃 | desert ecosystem / desert one's duty | 沙漠生态系统；抛弃职责
claim	family	claim	claim	n. 声称；索赔	claim | n. 声称；索赔 | insurance claim | 保险索赔
claim	family	claimant	claimant	n. 索赔者	claimant | n. 索赔者 | benefit claimant | 福利申请者
claim	family	claimed	claimed	adj. 被声称的	claimed | adj. 被声称的 | claimed benefit | 被声称的好处
claim	kin	acclaim	acclaim	n./v. 称赞；欢呼	acclaim | n./v. 称赞；欢呼 | critical acclaim / acclaim a reform | 评论界赞誉；称赞改革
claim	kin	proclaim	proclaim	v. 宣布；声明	proclaim | v. 宣布；声明 | proclaim independence / proclaim victory | 宣布独立；宣布胜利
claim	kin	reclaim	reclaim	v. 收回；开垦	reclaim | v. 收回；开垦 | reclaim land / reclaim public space | 填海造地；收回公共空间
assess	family	assessment	assessment	n. 评估	assessment | n. 评估 | risk assessment | 风险评估
assess	family	assessed	assessed	adj. 被评估的	assessed | adj. 被评估的 | assessed value | 评估价值
assess	family	assessor	assessor	n. 评估者	assessor | n. 评估者 | tax assessor | 税务评估员
assess	kin	session	session	n. 会议；一段时间	session | n. 会议；一段时间 | training session / parliamentary session | 培训课；议会会议
assess	kin	obsess	obsess	v. 使痴迷	obsess | v. 使痴迷 | obsess over details / obsess consumers | 纠结细节；让消费者着迷
assess	kin	possess	possess	v. 拥有	possess | v. 拥有 | possess skills / possess legal authority | 拥有技能；拥有法律权力
evaluate	family	evaluation	evaluation	n. 评价	evaluation | n. 评价 | policy evaluation | 政策评价
evaluate	family	evaluated	evaluated	adj. 被评价的	evaluated | adj. 被评价的 | evaluated outcome | 被评价的结果
evaluate	family	evaluator	evaluator	n. 评估者	evaluator | n. 评估者 | external evaluator | 外部评估者
evaluate	kin	value	value	n./v. 价值；重视	value | n./v. 价值；重视 | social value / value evidence | 社会价值；重视证据
evaluate	kin	valuable	valuable	adj. 有价值的	valuable | adj. 有价值的 | valuable data / valuable lesson | 有价值数据；宝贵经验
evaluate	kin	devalue	devalue	v. 贬值；贬低	devalue | v. 贬值；贬低 | devalue currency / devalue unpaid care | 货币贬值；贬低无偿照护
assimilate	family	assimilation	assimilation	n. 吸收；同化	assimilation | n. 吸收；同化 | cultural assimilation | 文化同化
assimilate	family	assimilated	assimilated	adj. 被吸收的	assimilated | adj. 被吸收的 | assimilated knowledge | 被吸收的知识
assimilate	family	assimilative	assimilative	adj. 同化的	assimilative | adj. 同化的 | assimilative pressure | 同化压力
assimilate	kin	similar	similar	adj. 相似的	similar | adj. 相似的 | similar patterns / similar social problems | 相似模式；类似社会问题
assimilate	kin	simulate	simulate	v. 模拟	simulate | v. 模拟 | simulate climate change / simulate human behaviour | 模拟气候变化；模拟人类行为
assimilate	kin	facsimile	facsimile	n. 复制品；传真	facsimile | n. 复制品；传真 | a facsimile edition / facsimile transmission | 复制版；传真传输
integrate	family	integration	integration	n. 整合；融合	integration | n. 整合；融合 | social integration | 社会融合
integrate	family	integrated	integrated	adj. 综合的	integrated | adj. 综合的 | integrated system | 综合系统
integrate	family	integrative	integrative	adj. 整合的	integrative | adj. 整合的 | integrative approach | 整合方法
integrate	kin	integer	integer	n. 整数	integer | n. 整数 | integer value / integer sequence | 整数值；整数序列
integrate	kin	integral	integral	adj. 必要的；完整的	integral | adj. 必要的；完整的 | integral part / integral calculus | 必要部分；积分学
integrate	kin	disintegrate	disintegrate	v. 解体	disintegrate | v. 解体 | systems disintegrate / materials disintegrate | 系统解体；材料分解
attenuate	family	attenuation	attenuation	n. 减弱	attenuation | n. 减弱 | signal attenuation | 信号衰减
attenuate	family	attenuated	attenuated	adj. 被减弱的	attenuated | adj. 被减弱的 | attenuated effect | 被削弱的影响
attenuate	family	attenuating	attenuating	adj. 减弱的	attenuating | adj. 减弱的 | attenuating factor | 减弱因素
attenuate	kin	tenuous	tenuous	adj. 脆弱的；微弱的	tenuous | adj. 脆弱的；微弱的 | tenuous link / tenuous evidence | 微弱联系；薄弱证据
attenuate	kin	tendon	tendon	n. 肌腱	tendon | n. 肌腱 | Achilles tendon / tendon injury | 跟腱；肌腱损伤
attenuate	kin	tension	tension	n. 紧张；张力	tension | n. 紧张；张力 | social tension / surface tension | 社会紧张；表面张力
diminish	family	diminution	diminution	n. 减少	diminution | n. 减少 | diminution of trust | 信任减少
diminish	family	diminished	diminished	adj. 减少的	diminished | adj. 减少的 | diminished income | 减少的收入
diminish	family	diminishing	diminishing	adj. 递减的	diminishing | adj. 递减的 | diminishing returns | 收益递减
diminish	kin	minute	minute	adj./n. 微小的；分钟	minute | adj./n. 微小的；分钟 | minute detail / wait a minute | 微小细节；等一分钟
diminish	kin	miniature	miniature	adj./n. 微型的；微缩模型	miniature | adj./n. 微型的；微缩模型 | miniature model / miniature camera | 微缩模型；微型相机
diminish	kin	minimum	minimum	n./adj. 最小值；最低的	minimum | n./adj. 最小值；最低的 | minimum wage / minimum requirement | 最低工资；最低要求
authentic	family	authenticity	authenticity	n. 真实性	authenticity | n. 真实性 | cultural authenticity | 文化真实性
authentic	family	authentically	authentically	adv. 真实地	authentically | adv. 真实地 | authentically represent | 真实呈现
authentic	family	authenticate	authenticate	v. 验证	authenticate | v. 验证 | authenticate identity | 验证身份
authentic	kin	author	author	n. 作者	author | n. 作者 | original author / policy author | 原作者；政策制定者
authentic	kin	authority	authority	n. 权威；当局	authority | n. 权威；当局 | legal authority / local authorities | 法律权威；地方当局
authentic	kin	authorize	authorize	v. 授权	authorize | v. 授权 | authorize spending / authorize access | 授权支出；授权访问
genuine	family	genuinely	genuinely	adv. 真正地	genuinely | adv. 真正地 | genuinely improve | 真正改善
genuine	family	genuineness	genuineness	n. 真诚；真实性	genuineness | n. 真诚；真实性 | genuineness of concern | 关切的真诚性
genuine	kin	gene	gene	n. 基因	gene | n. 基因 | gene flow / gene pool | 基因流动；基因库
genuine	kin	genesis	genesis	n. 起源	genesis | n. 起源 | genesis of civilization / genesis narrative | 文明起源；创世叙事
genuine	kin	ingenious	ingenious	adj. 巧妙的	ingenious | adj. 巧妙的 | ingenious solution / ingenious design | 巧妙方案；巧妙设计
autonomous	family	autonomy	autonomy	n. 自主；自治	autonomy | n. 自主；自治 | personal autonomy | 个人自主
autonomous	family	autonomously	autonomously	adv. 自主地	autonomously | adv. 自主地 | operate autonomously | 自主运行
autonomous	kin	autonomy	autonomy	n. 自主权	autonomy | n. 自主权 | academic autonomy / regional autonomy | 学术自主；地区自治
autonomous	kin	automatic	automatic	adj. 自动的	automatic | adj. 自动的 | automatic payment / automatic response | 自动付款；自动反应
autonomous	kin	automobile	automobile	n. 汽车	automobile | n. 汽车 | automobile industry / automobile emissions | 汽车工业；汽车排放
independent	family	independence	independence	n. 独立	independence | n. 独立 | financial independence | 财务独立
independent	family	independently	independently	adv. 独立地	independently | adv. 独立地 | work independently | 独立工作
independent	kin	depend	depend	v. 依赖；取决于	depend | v. 依赖；取决于 | depend on evidence / depend on income | 依赖证据；取决于收入
independent	kin	pendant	pendant	n. 吊坠	pendant | n. 吊坠 | silver pendant / necklace pendant | 银吊坠；项链吊坠
independent	kin	pending	pending	adj. 待定的	pending | adj. 待定的 | pending decision / pending application | 待定决定；待处理申请
avert	family	averted	averted	adj. 被避免的	averted | adj. 被避免的 | averted crisis | 被避免的危机
avert	family	averting	averting	n. 避免	averting | n. 避免 | averting disaster | 避免灾难
avert	family	avertable	avertable	adj. 可避免的	avertable | adj. 可避免的 | avertable risk | 可避免风险
avert	kin	convert	convert	v. 转换；皈依	convert | v. 转换；皈依 | convert waste into energy / convert to a new system | 把废物转化为能源；转向新系统
avert	kin	invert	invert	v. 颠倒；倒置	invert | v. 颠倒；倒置 | invert the order / inverted pyramid structure | 颠倒顺序；倒金字塔结构
avert	kin	divert	divert	v. 转移；改道	divert | v. 转移；改道 | divert traffic / divert public funds | 分流交通；挪用公共资金
prevent	family	prevention	prevention	n. 预防	prevention | n. 预防 | crime prevention | 犯罪预防
prevent	family	preventive	preventive	adj. 预防性的	preventive | adj. 预防性的 | preventive medicine | 预防医学
prevent	family	preventable	preventable	adj. 可预防的	preventable | adj. 可预防的 | preventable disease | 可预防疾病
prevent	kin	event	event	n. 事件	event | n. 事件 | major event / sporting event | 重大事件；体育赛事
prevent	kin	intervention	intervention	n. 干预	intervention | n. 干预 | early intervention / state intervention | 早期干预；国家干预
prevent	kin	invent	invent	v. 发明；编造	invent | v. 发明；编造 | invent a device / invent an excuse | 发明设备；编借口
barren	family	barrenness	barrenness	n. 贫瘠；荒芜	barrenness | n. 贫瘠；荒芜 | barrenness of land | 土地贫瘠
barren	family	barrenly	barrenly	adv. 荒芜地	barrenly | adv. 荒芜地 | barrenly stretch | 荒芜延伸
barren	kin	bar	bar	n./v. 障碍；阻止	bar | n./v. 障碍；阻止 | legal bar / bar entry | 法律障碍；禁止进入
barren	kin	barrier	barrier	n. 障碍	barrier | n. 障碍 | language barrier / trade barrier | 语言障碍；贸易壁垒
barren	kin	embarrass	embarrass	v. 使尴尬；使拮据	embarrass | v. 使尴尬；使拮据 | embarrass officials / financially embarrassed | 使官员尴尬；经济拮据
desolate	family	desolation	desolation	n. 荒凉	desolation | n. 荒凉 | urban desolation | 城市荒凉
desolate	family	desolately	desolately	adv. 荒凉地	desolately | adv. 荒凉地 | stand desolately | 荒凉地矗立
desolate	family	desolated	desolated	adj. 荒废的	desolated | adj. 荒废的 | desolated village | 荒废村庄
desolate	kin	isolate	isolate	v. 隔离	isolate | v. 隔离 | isolate patients / isolate variables | 隔离病人；隔离变量
desolate	kin	solar	solar	adj. 太阳的	solar | adj. 太阳的 | solar energy / solar panel | 太阳能；太阳能板
desolate	kin	solitude	solitude	n. 独处；孤独	solitude | n. 独处；孤独 | creative solitude / deep solitude | 创造性独处；深深孤独
bewildered	family	bewilder	bewilder	v. 使困惑	bewilder | v. 使困惑 | bewilder consumers | 使消费者困惑
bewildered	family	bewildering	bewildering	adj. 令人困惑的	bewildering | adj. 令人困惑的 | bewildering rule | 令人困惑的规则
bewildered	family	bewilderment	bewilderment	n. 困惑	bewilderment | n. 困惑 | public bewilderment | 公众困惑
bewildered	kin	wild	wild	adj. 野生的；狂乱的	wild | adj. 野生的；狂乱的 | wild animals / wild speculation | 野生动物；疯狂猜测
bewildered	kin	wilderness	wilderness	n. 荒野	wilderness | n. 荒野 | protected wilderness / urban wilderness | 受保护荒野；城市荒地
bewildered	kin	bewitch	bewitch	v. 迷惑；蛊惑	bewitch | v. 迷惑；蛊惑 | bewitch audiences / bewitched by beauty | 迷住观众；被美迷住
perplexed	family	perplex	perplex	v. 使困惑	perplex | v. 使困惑 | perplex readers | 使读者困惑
perplexed	family	perplexing	perplexing	adj. 令人困惑的	perplexing | adj. 令人困惑的 | perplexing issue | 令人困惑的问题
perplexed	family	perplexity	perplexity	n. 困惑	perplexity | n. 困惑 | voter perplexity | 选民困惑
perplexed	kin	complex	complex	adj. 复杂的	complex | adj. 复杂的 | complex system / complex sentence | 复杂系统；复杂句
perplexed	kin	plexus	plexus	n. 丛；网络	plexus | n. 丛；网络 | nerve plexus / social plexus | 神经丛；社会网络
perplexed	kin	perplex	perplex	v. 使困惑	perplex | v. 使困惑 | perplex researchers / perplex the public | 使研究者困惑；使公众困惑
biased	family	bias	bias	n. 偏见	bias | n. 偏见 | media bias | 媒体偏见
biased	family	bias	bias	v. 使有偏见	bias | v. 使有偏见 | bias judgement | 使判断有偏见
biased	family	biasedly	biasedly	adv. 有偏见地	biasedly | adv. 有偏见地 | report biasedly | 有偏见地报道
biased	kin	bias	bias	n./v. 偏见；使偏向	bias | n./v. 偏见；使偏向 | gender bias / bias the results | 性别偏见；使结果有偏差
biased	kin	basis	basis	n. 基础；依据	basis | n. 基础；依据 | on a regular basis / scientific basis | 定期；科学依据
biased	kin	diagonal	diagonal	adj./n. 对角线的；对角线	diagonal | adj./n. 对角线的；对角线 | diagonal line / diagonal movement | 对角线；斜向移动
prejudiced	family	prejudice	prejudice	n. 偏见	prejudice | n. 偏见 | racial prejudice | 种族偏见
prejudiced	family	prejudge	prejudge	v. 预先判断	prejudge | v. 预先判断 | prejudge applicants | 预先评判申请者
prejudiced	family	prejudicial	prejudicial	adj. 有害的；偏见性的	prejudicial | adj. 有害的；偏见性的 | prejudicial treatment | 歧视性待遇
prejudiced	kin	judge	judge	n./v. 法官；判断	judge | n./v. 法官；判断 | judge evidence / federal judge | 判断证据；联邦法官
prejudiced	kin	judicial	judicial	adj. 司法的	judicial | adj. 司法的 | judicial review / judicial independence | 司法审查；司法独立
prejudiced	kin	justice	justice	n. 正义；司法	justice | n. 正义；司法 | social justice / criminal justice | 社会正义；刑事司法
bolster	family	bolstered	bolstered	adj. 被支持的	bolstered | adj. 被支持的 | bolstered confidence | 被增强的信心
bolster	family	bolstering	bolstering	n. 支持；加强	bolstering | n. 支持；加强 | bolstering demand | 提振需求
bolster	family	bolster	bolster	n. 长枕；支撑物	bolster | n. 长枕；支撑物 | bed bolster | 床上长枕
bolster	kin	bolt	bolt	n./v. 螺栓；猛冲	bolt | n./v. 螺栓；猛冲 | steel bolt / bolt from the room | 钢螺栓；冲出房间
bolster	kin	bolster pillow	bolster pillow	n. 长枕	bolster pillow | n. 长枕 | cotton bolster / bed bolster | 棉长枕；床上长枕
bolster	kin	booster	booster	n. 助推器；加强针	booster | n. 助推器；加强针 | vaccine booster / rocket booster | 疫苗加强针；火箭助推器
reinforce	family	reinforcement	reinforcement	n. 强化	reinforcement | n. 强化 | positive reinforcement | 正向强化
reinforce	family	reinforced	reinforced	adj. 被加固的	reinforced | adj. 被加固的 | reinforced concrete | 钢筋混凝土
reinforce	family	reinforcing	reinforcing	adj. 强化的	reinforcing | adj. 强化的 | reinforcing effect | 强化效果
reinforce	kin	force	force	n./v. 力；强迫	force | n./v. 力；强迫 | market force / force compliance | 市场力量；强制合规
reinforce	kin	enforce	enforce	v. 执行；强制实施	enforce | v. 执行；强制实施 | enforce laws / enforce safety rules | 执行法律；执行安全规则
reinforce	kin	fortify	fortify	v. 加固；增强	fortify | v. 加固；增强 | fortify defenses / fortify food | 加固防御；强化食品营养
brainstorm	family	brainstorming	brainstorming	n. 头脑风暴	brainstorming | n. 头脑风暴 | brainstorming session | 头脑风暴会议
brainstorm	family	brainstormed	brainstormed	adj. 经头脑风暴形成的	brainstormed | adj. 经头脑风暴形成的 | brainstormed idea | 头脑风暴出的想法
brainstorm	family	brainstormer	brainstormer	n. 头脑风暴者	brainstormer | n. 头脑风暴者 | creative brainstormer | 创意头脑风暴者
brainstorm	kin	brain	brain	n. 大脑	brain | n. 大脑 | human brain / brain development | 人脑；大脑发育
brainstorm	kin	storm	storm	n./v. 风暴；猛攻	storm | n./v. 风暴；猛攻 | winter storm / storm a building | 冬季风暴；猛攻建筑
brainstorm	kin	mindset	mindset	n. 心态	mindset | n. 心态 | growth mindset / fixed mindset | 成长型思维；固定型思维
contemplate	family	contemplation	contemplation	n. 思考	contemplation | n. 思考 | quiet contemplation | 安静思考
contemplate	family	contemplative	contemplative	adj. 沉思的	contemplative | adj. 沉思的 | contemplative mood | 沉思情绪
contemplate	family	contemplated	contemplated	adj. 被考虑的	contemplated | adj. 被考虑的 | contemplated reform | 被考虑的改革
contemplate	kin	temple	temple	n. 寺庙；太阳穴	temple | n. 寺庙；太阳穴 | ancient temple / temple pain | 古寺；太阳穴疼痛
contemplate	kin	template	template	n. 模板	template | n. 模板 | design template / essay template | 设计模板；作文模板
contemplate	kin	temporary	temporary	adj. 临时的	temporary | adj. 临时的 | temporary housing / temporary rule | 临时住房；临时规则
breach	family	breach	breach	n. 违反；裂口	breach | n. 违反；裂口 | data breach | 数据泄露
breach	family	breached	breached	adj. 被违反的	breached | adj. 被违反的 | breached contract | 被违反的合同
breach	family	breaching	breaching	n. 违反	breaching | n. 违反 | breaching privacy | 侵犯隐私
breach	kin	break	break	v./n. 打破；裂口	break | v./n. 打破；裂口 | break a rule / a break in service | 违反规则；服务中断
breach	kin	breakthrough	breakthrough	n. 突破	breakthrough | n. 突破 | scientific breakthrough / technological breakthrough | 科学突破；技术突破
breach	kin	breakdown	breakdown	n. 崩溃；明细	breakdown | n. 崩溃；明细 | social breakdown / cost breakdown | 社会崩溃；成本明细
violate	family	violation	violation	n. 违反；侵犯	violation | n. 违反；侵犯 | rights violation | 权利侵犯
violate	family	violated	violated	adj. 被侵犯的	violated | adj. 被侵犯的 | violated privacy | 被侵犯的隐私
violate	family	violator	violator	n. 违反者	violator | n. 违反者 | traffic violator | 交通违规者
violate	kin	violence	violence	n. 暴力	violence | n. 暴力 | domestic violence / political violence | 家庭暴力；政治暴力
violate	kin	violin	violin	n. 小提琴	violin | n. 小提琴 | violin music / violin lesson | 小提琴音乐；小提琴课
violate	kin	violent	violent	adj. 暴力的；强烈的	violent | adj. 暴力的；强烈的 | violent crime / violent storm | 暴力犯罪；猛烈风暴
burgeon	family	burgeoning	burgeoning	adj. 迅速发展的	burgeoning | adj. 迅速发展的 | burgeoning industry | 蓬勃发展的产业
burgeon	family	burgeoned	burgeoned	adj. 已发展壮大的	burgeoned | adj. 已发展壮大的 | burgeoned market | 发展壮大的市场
burgeon	family	burgeoningly	burgeoningly	adv. 蓬勃地	burgeoningly | adv. 蓬勃地 | burgeoningly expand | 蓬勃扩张
burgeon	kin	bud	bud	n./v. 芽；发芽	bud | n./v. 芽；发芽 | flower bud / bud in spring | 花蕾；春天发芽
burgeon	kin	burden	burden	n./v. 负担；使负担	burden | n./v. 负担；使负担 | financial burden / burden families | 经济负担；给家庭造成负担
burgeon	kin	burger	burger	n. 汉堡	burger | n. 汉堡 | beef burger / fast-food burger | 牛肉汉堡；快餐汉堡
flourish	family	flourishing	flourishing	adj. 繁荣的	flourishing | adj. 繁荣的 | flourishing economy | 繁荣经济
flourish	family	flourished	flourished	adj. 繁荣过的	flourished | adj. 繁荣过的 | flourished trade | 繁荣贸易
flourish	family	flourishment	flourishment	n. 繁荣	flourishment | n. 繁荣 | flourishment of arts | 艺术繁荣
flourish	kin	flower	flower	n./v. 花；开花	flower | n./v. 花；开花 | wild flower / ideas flower | 野花；思想开花
flourish	kin	floor	floor	n. 地板；楼层	floor | n. 地板；楼层 | dance floor / factory floor | 舞池；车间
flourish	kin	flux	flux	n. 流动；变动	flux | n. 流动；变动 | market flux / heat flux | 市场波动；热通量
buttress	family	buttress	buttress	n. 支撑物	buttress | n. 支撑物 | stone buttress | 石扶壁
buttress	family	buttressed	buttressed	adj. 被支撑的	buttressed | adj. 被支撑的 | buttressed argument | 被支撑的论点
buttress	family	buttressing	buttressing	n. 支撑	buttressing | n. 支撑 | buttressing evidence | 支撑证据
buttress	kin	buttress wall	buttress wall	n. 扶壁墙	buttress wall | n. 扶壁墙 | stone buttress wall / cathedral buttress wall | 石扶壁墙；教堂扶壁墙
buttress	kin	stress	stress	n./v. 压力；强调	stress | n./v. 压力；强调 | work stress / stress the importance | 工作压力；强调重要性
buttress	kin	trust	trust	n./v. 信任	trust | n./v. 信任 | public trust / trust institutions | 公众信任；信任机构
support	family	support	support	n. 支持	support | n. 支持 | financial support | 财务支持
support	family	supportive	supportive	adj. 支持性的	supportive | adj. 支持性的 | supportive policy | 支持性政策
support	family	supported	supported	adj. 被支持的	supported | adj. 被支持的 | supported project | 被支持项目
support	kin	port	port	n. 港口；接口	port | n. 港口；接口 | seaport / USB port | 海港；USB接口
support	kin	transport	transport	v./n. 运输	transport | v./n. 运输 | public transport / transport goods | 公共交通；运输商品
support	kin	portable	portable	adj. 便携的	portable | adj. 便携的 | portable device / portable charger | 便携设备；便携充电器
bypass	family	bypass	bypass	n. 绕行路	bypass | n. 绕行路 | city bypass | 城市绕行路
bypass	family	bypassed	bypassed	adj. 被绕过的	bypassed | adj. 被绕过的 | bypassed procedure | 被绕过的程序
bypass	family	bypassing	bypassing	n. 绕过	bypassing | n. 绕过 | bypassing regulation | 绕过监管
bypass	kin	passage	passage	n. 通道；文章段落	passage | n. 通道；文章段落 | safe passage / reading passage | 安全通道；阅读段落
bypass	kin	pathway	pathway	n. 路径；通路	pathway | n. 路径；通路 | career pathway / biological pathway | 职业路径；生物通路
bypass	kin	overpass	overpass	n. 天桥；立交桥	overpass | n. 天桥；立交桥 | pedestrian overpass / highway overpass | 人行天桥；高速立交桥
circumvent	family	circumvention	circumvention	n. 规避	circumvention | n. 规避 | tax circumvention | 避税
circumvent	family	circumvented	circumvented	adj. 被规避的	circumvented | adj. 被规避的 | circumvented rule | 被规避的规定
circumvent	family	circumventing	circumventing	n. 规避	circumventing | n. 规避 | circumventing controls | 规避管控
circumvent	kin	circle	circle	n. 圆；圈子	circle | n. 圆；圈子 | inner circle / circular motion | 核心圈子；圆周运动
circumvent	kin	circumference	circumference	n. 周长	circumference | n. 周长 | measure circumference / earth circumference | 测量周长；地球周长
circumvent	kin	circumstance	circumstance	n. 情况；环境	circumstance | n. 情况；环境 | special circumstance / under difficult circumstances | 特殊情况；在困难情况下
cautious	family	caution	caution	n. 谨慎；警告	caution | n. 谨慎；警告 | extreme caution | 极度谨慎
cautious	family	cautiously	cautiously	adv. 谨慎地	cautiously | adv. 谨慎地 | proceed cautiously | 谨慎推进
cautious	family	cautiousness	cautiousness	n. 谨慎	cautiousness | n. 谨慎 | cautiousness in spending | 支出上的谨慎
cautious	kin	caution	caution	n./v. 谨慎；警告	caution | n./v. 谨慎；警告 | exercise caution / caution drivers | 保持谨慎；警告司机
cautious	kin	precaution	precaution	n. 预防措施	precaution | n. 预防措施 | safety precaution / take precautions | 安全预防措施；采取预防措施
cautious	kin	cause	cause	n./v. 原因；导致	cause | n./v. 原因；导致 | cause concern / major cause | 引发担忧；主要原因
prudent	family	prudence	prudence	n. 审慎	prudence | n. 审慎 | financial prudence | 财务审慎
prudent	family	prudently	prudently	adv. 审慎地	prudently | adv. 审慎地 | invest prudently | 审慎投资
prudent	family	imprudent	imprudent	adj. 不审慎的	imprudent | adj. 不审慎的 | imprudent spending | 不审慎支出
prudent	kin	prudence	prudence	n. 谨慎	prudence | n. 谨慎 | financial prudence / political prudence | 财务审慎；政治谨慎
prudent	kin	providence	providence	n. 天意；远见	providence | n. 天意；远见 | divine providence / providence planning | 天意；远见规划
prudent	kin	precedent	precedent	n. 先例	precedent | n. 先例 | legal precedent / set a precedent | 法律先例；开创先例
cease	family	cessation	cessation	n. 停止	cessation | n. 停止 | cessation of violence | 暴力停止
cease	family	ceased	ceased	adj. 已停止的	ceased | adj. 已停止的 | ceased operation | 停止的运行
cease	family	ceaseless	ceaseless	adj. 不停的	ceaseless | adj. 不停的 | ceaseless demand | 持续需求
terminate	family	termination	termination	n. 终止	termination | n. 终止 | contract termination | 合同终止
terminate	family	terminated	terminated	adj. 被终止的	terminated | adj. 被终止的 | terminated agreement | 被终止的协议
terminate	family	terminable	terminable	adj. 可终止的	terminable | adj. 可终止的 | terminable contract | 可终止合同
terminate	kin	term	term	n. 术语；期限	term | n. 术语；期限 | technical term / school term | 技术术语；学期
terminate	kin	terminal	terminal	n./adj. 终点站；晚期的	terminal | n./adj. 终点站；晚期的 | airport terminal / terminal illness | 机场航站楼；晚期疾病
terminate	kin	determine	determine	v. 决定；确定	determine | v. 决定；确定 | determine causes / determine policy | 确定原因；决定政策
celebrate	family	celebration	celebration	n. 庆祝	celebration | n. 庆祝 | national celebration | 国家庆典
celebrate	family	celebrated	celebrated	adj. 著名的	celebrated | adj. 著名的 | celebrated artist | 著名艺术家
celebrate	family	celebratory	celebratory	adj. 庆祝的	celebratory | adj. 庆祝的 | celebratory event | 庆祝活动
celebrate	kin	celebrity	celebrity	n. 名人	celebrity | n. 名人 | internet celebrity / celebrity endorsement | 网红；名人代言
celebrate	kin	celebration	celebration	n. 庆祝	celebration | n. 庆祝 | public celebration / graduation celebration | 公共庆典；毕业庆祝
celebrate	kin	celestial	celestial	adj. 天空的；天体的	celestial | adj. 天空的；天体的 | celestial body / celestial navigation | 天体；天文导航
commemorate	family	commemoration	commemoration	n. 纪念	commemoration | n. 纪念 | public commemoration | 公共纪念
commemorate	family	commemorative	commemorative	adj. 纪念的	commemorative | adj. 纪念的 | commemorative statue | 纪念雕像
commemorate	family	commemorated	commemorated	adj. 被纪念的	commemorated | adj. 被纪念的 | commemorated event | 被纪念的事件
commemorate	kin	memory	memory	n. 记忆	memory | n. 记忆 | collective memory / memory loss | 集体记忆；记忆丧失
commemorate	kin	memorial	memorial	n./adj. 纪念碑；纪念的	memorial | n./adj. 纪念碑；纪念的 | war memorial / memorial ceremony | 战争纪念碑；纪念仪式
commemorate	kin	memorize	memorize	v. 记忆；背诵	memorize | v. 记忆；背诵 | memorize vocabulary / memorize a speech | 背单词；背演讲稿
challenging	family	challenge	challenge	n. 挑战	challenge | n. 挑战 | major challenge | 重大挑战
challenging	family	challenged	challenged	adj. 受到挑战的	challenged | adj. 受到挑战的 | challenged system | 受挑战的系统
challenging	family	challengingly	challengingly	adv. 有挑战地	challengingly | adv. 有挑战地 | work challengingly | 有挑战地工作
challenging	kin	challenge	challenge	n./v. 挑战；质疑	challenge | n./v. 挑战；质疑 | major challenge / challenge authority | 重大挑战；质疑权威
challenging	kin	change	change	n./v. 变化；改变	change | n./v. 变化；改变 | social change / change policy | 社会变化；改变政策
challenging	kin	exchange	exchange	n./v. 交换；交流	exchange | n./v. 交换；交流 | cultural exchange / exchange data | 文化交流；交换数据
formidable	family	formidably	formidably	adv. 极其；艰巨地	formidably | adv. 极其；艰巨地 | formidably difficult | 极其困难
formidable	family	formidability	formidability	n. 艰巨性；强大	formidability | n. 艰巨性；强大 | formidability of the task | 任务的艰巨性
formidable	kin	form	form	n./v. 形式；形成	form | n./v. 形式；形成 | form a habit / social form | 形成习惯；社会形式
formidable	kin	formal	formal	adj. 正式的	formal | adj. 正式的 | formal education / formal rule | 正规教育；正式规则
formidable	kin	deform	deform	v. 使变形	deform | v. 使变形 | deform under pressure / deform a structure | 受压变形；使结构变形
clarify	family	clarification	clarification	n. 澄清	clarification | n. 澄清 | policy clarification | 政策澄清
clarify	family	clarified	clarified	adj. 被澄清的	clarified | adj. 被澄清的 | clarified rule | 澄清后的规则
clarify	family	clarifying	clarifying	adj. 澄清的	clarifying | adj. 澄清的 | clarifying statement | 澄清声明
clarify	kin	clear	clear	adj./v. 清楚的；清除	clear | adj./v. 清楚的；清除 | clear evidence / clear obstacles | 明确证据；清除障碍
clarify	kin	declare	declare	v. 宣布；声明	declare | v. 宣布；声明 | declare independence / declare a policy | 宣布独立；宣布政策
clarify	kin	clarinet	clarinet	n. 单簧管	clarinet | n. 单簧管 | clarinet performance / clarinet player | 单簧管表演；单簧管演奏者
elucidate	family	elucidation	elucidation	n. 阐明	elucidation | n. 阐明 | theoretical elucidation | 理论阐明
elucidate	family	elucidated	elucidated	adj. 被阐明的	elucidated | adj. 被阐明的 | elucidated mechanism | 被阐明的机制
elucidate	family	elucidative	elucidative	adj. 阐明性的	elucidative | adj. 阐明性的 | elucidative example | 阐明性例子
elucidate	kin	lucid	lucid	adj. 清楚的；清醒的	lucid | adj. 清楚的；清醒的 | lucid explanation / lucid dream | 清晰解释；清醒梦
elucidate	kin	translucent	translucent	adj. 半透明的	translucent | adj. 半透明的 | translucent glass / translucent skin | 半透明玻璃；半透明皮肤
elucidate	kin	light	light	n./v. 光；照亮	light | n./v. 光；照亮 | natural light / light a room | 自然光；照亮房间
clash	family	clash	clash	n. 冲突	clash | n. 冲突 | cultural clash | 文化冲突
clash	family	clashing	clashing	adj. 冲突的	clashing | adj. 冲突的 | clashing interests | 冲突利益
clash	family	clashed	clashed	adj. 发生冲突的	clashed | adj. 发生冲突的 | clashed groups | 冲突群体
clash	kin	class	class	n. 阶级；班级	class | n. 阶级；班级 | social class / class discussion | 社会阶级；课堂讨论
clash	kin	clasp	clasp	n./v. 扣子；紧握	clasp | n./v. 扣子；紧握 | metal clasp / clasp hands | 金属扣；紧握双手
clash	kin	crash	crash	n./v. 崩溃；撞击	crash | n./v. 崩溃；撞击 | market crash / car crash | 市场崩盘；车祸
conflict	family	conflict	conflict	n. 冲突	conflict | n. 冲突 | social conflict | 社会冲突
conflict	family	conflicting	conflicting	adj. 冲突的	conflicting | adj. 冲突的 | conflicting evidence | 矛盾证据
conflict	family	conflicted	conflicted	adj. 矛盾的	conflicted | adj. 矛盾的 | conflicted attitude | 矛盾态度
conflict	kin	inflict	inflict	v. 施加；造成	inflict | v. 施加；造成 | inflict damage / inflict punishment | 造成损害；施加惩罚
conflict	kin	affliction	affliction	n. 痛苦；折磨	affliction | n. 痛苦；折磨 | chronic affliction / social affliction | 长期病痛；社会苦难
conflict	kin	flicker	flicker	v./n. 闪烁	flicker | v./n. 闪烁 | flicker of light / flicker on screen | 一闪光；屏幕闪烁
clever	family	cleverly	cleverly	adv. 聪明地	cleverly | adv. 聪明地 | cleverly design | 巧妙设计
clever	family	cleverness	cleverness	n. 聪明	cleverness | n. 聪明 | cleverness of design | 设计的巧妙
clever	kin	cleave	cleave	v. 劈开；紧贴	cleave | v. 劈开；紧贴 | cleave wood / cleave to tradition | 劈木头；坚守传统
clever	kin	lever	lever	n. 杠杆	lever | n. 杠杆 | policy lever / lever mechanism | 政策杠杆；杠杆机制
clever	kin	clue	clue	n. 线索	clue | n. 线索 | vital clue / clue to the problem | 关键线索；问题线索
ingenious	family	ingenuity	ingenuity	n. 巧思；创造力	ingenuity | n. 巧思；创造力 | human ingenuity | 人类创造力
ingenious	family	ingeniously	ingeniously	adv. 巧妙地	ingeniously | adv. 巧妙地 | ingeniously solve | 巧妙解决
ingenious	family	ingeniousness	ingeniousness	n. 巧妙	ingeniousness | n. 巧妙 | ingeniousness of design | 设计的巧妙性
ingenious	kin	engine	engine	n. 引擎；发动机	engine | n. 引擎；发动机 | search engine / economic engine | 搜索引擎；经济引擎
ingenious	kin	genius	genius	n. 天才；天赋	genius | n. 天才；天赋 | creative genius / mathematical genius | 创造天才；数学天才
ingenious	kin	genuine	genuine	adj. 真正的	genuine | adj. 真正的 | genuine concern / genuine evidence | 真正关切；真实证据
climax	family	climactic	climactic	adj. 高潮的	climactic | adj. 高潮的 | climactic moment | 高潮时刻
climax	family	climaxed	climaxed	adj. 达到高潮的	climaxed | adj. 达到高潮的 | climaxed tension | 达到顶点的紧张
climax	family	climaxing	climaxing	n. 达到高潮	climaxing | n. 达到高潮 | climaxing conflict | 冲突达到高潮
climax	kin	climb	climb	v./n. 攀爬；上升	climb | v./n. 攀爬；上升 | climb a mountain / price climb | 爬山；价格上涨
climax	kin	climate	climate	n. 气候；氛围	climate | n. 气候；氛围 | political climate / climate change | 政治氛围；气候变化
climax	kin	maximum	maximum	n./adj. 最大值；最大的	maximum | n./adj. 最大值；最大的 | maximum capacity / maximum benefit | 最大容量；最大收益
culmination	family	culminate	culminate	v. 达到顶点	culminate | v. 达到顶点 | culminate in reform | 以改革告终
culmination	family	culminating	culminating	adj. 达到顶点的	culminating | adj. 达到顶点的 | culminating event | 高潮事件
culmination	family	culminated	culminated	adj. 已达到顶点的	culminated | adj. 已达到顶点的 | culminated effort | 达到顶点的努力
culmination	kin	column	column	n. 柱；专栏	column | n. 柱；专栏 | data column / opinion column | 数据列；评论专栏
culmination	kin	summit	summit	n. 峰会；顶峰	summit | n. 峰会；顶峰 | international summit / summit of a mountain | 国际峰会；山顶
culmination	kin	climax	climax	n. 高潮；顶点	climax | n. 高潮；顶点 | narrative climax / policy climax | 叙事高潮；政策顶点
coherent	family	coherence	coherence	n. 连贯性	coherence | n. 连贯性 | policy coherence | 政策连贯性
coherent	family	coherently	coherently	adv. 连贯地	coherently | adv. 连贯地 | argue coherently | 连贯论证
coherent	family	cohere	cohere	v. 连贯；一致	cohere | v. 连贯；一致 | cohere with evidence | 与证据一致
coherent	kin	adhere	adhere	v. 坚持；粘附	adhere | v. 坚持；粘附 | adhere to rules / adhere to the surface | 遵守规则；粘附在表面
coherent	kin	inherent	inherent	adj. 固有的	inherent | adj. 固有的 | inherent risk / inherent value | 固有风险；内在价值
coherent	kin	hesitate	hesitate	v. 犹豫	hesitate | v. 犹豫 | hesitate to act / hesitate before choosing | 犹豫行动；选择前犹豫
cohesive	family	cohesion	cohesion	n. 凝聚力	cohesion | n. 凝聚力 | social cohesion | 社会凝聚力
cohesive	family	cohesively	cohesively	adv. 有凝聚力地	cohesively | adv. 有凝聚力地 | work cohesively | 有凝聚力地工作
cohesive	family	cohere	cohere	v. 连贯；凝聚	cohere | v. 连贯；凝聚 | cohere as a group | 凝聚成团体
cohesive	kin	adhesive	adhesive	n./adj. 粘合剂；有粘性的	adhesive | n./adj. 粘合剂；有粘性的 | strong adhesive / adhesive material | 强力胶；粘性材料
cohesive	kin	cohere	cohere	v. 连贯；凝聚	cohere | v. 连贯；凝聚 | arguments cohere / communities cohere | 论证连贯；社区凝聚
cohesive	kin	adhere	adhere	v. 遵守；粘附	adhere | v. 遵守；粘附 | adhere to rules / adhere to glass | 遵守规则；粘在玻璃上
collaborate	family	collaboration	collaboration	n. 合作；协作	collaboration | n. 合作；协作 | international collaboration | 国际合作
collaborate	family	collaborative	collaborative	adj. 合作的	collaborative | adj. 合作的 | collaborative learning | 合作学习
collaborate	family	collaborator	collaborator	n. 合作者；协作者	collaborator | n. 合作者；协作者 | research collaborator | 研究合作者
collaborate	kin	labor	labor	n./v. 劳动；努力	labor | n./v. 劳动；努力 | manual labor / labor for hours | 体力劳动；劳动数小时
collaborate	kin	elaborate	elaborate	v./adj. 详述；复杂的	elaborate | v./adj. 详述；复杂的 | elaborate a theory / elaborate design | 详述理论；复杂设计
collaborate	kin	laboratory	laboratory	n. 实验室	laboratory | n. 实验室 | research laboratory / school laboratory | 研究实验室；学校实验室
cooperate	family	cooperation	cooperation	n. 合作	cooperation | n. 合作 | international cooperation | 国际合作
cooperate	family	cooperative	cooperative	adj. 合作的	cooperative | adj. 合作的 | cooperative learning | 合作学习
cooperate	family	cooperatively	cooperatively	adv. 合作地	cooperatively | adv. 合作地 | work cooperatively | 合作工作
cooperate	kin	operate	operate	v. 运作；操作	operate | v. 运作；操作 | operate machinery / operate efficiently | 操作机器；高效运作
cooperate	kin	operator	operator	n. 操作者；运营商	operator | n. 操作者；运营商 | machine operator / network operator | 机器操作员；网络运营商
cooperate	kin	operation	operation	n. 运作；手术	operation | n. 运作；手术 | daily operation / surgical operation | 日常运营；外科手术
combine	family	combination	combination	n. 结合	combination | n. 结合 | policy combination | 政策组合
combine	family	combined	combined	adj. 结合的	combined | adj. 结合的 | combined effort | 共同努力
combine	family	combinable	combinable	adj. 可结合的	combinable | adj. 可结合的 | combinable method | 可结合方法
combine	kin	binary	binary	adj./n. 二元的；二进制	binary | adj./n. 二元的；二进制 | binary choice / binary code | 二元选择；二进制代码
combine	kin	bind	bind	v. 绑定；束缚	bind | v. 绑定；束缚 | bind data together / bind workers by contract | 把数据绑定在一起；用合同约束工人
combine	kin	binocular	binocular	adj./n. 双目的；双筒望远镜	binocular | adj./n. 双目的；双筒望远镜 | binocular vision / binocular microscope | 双眼视觉；双目显微镜
unify	family	unification	unification	n. 统一	unification | n. 统一 | policy unification | 政策统一
unify	family	unified	unified	adj. 统一的	unified | adj. 统一的 | unified standard | 统一标准
unify	family	unifying	unifying	adj. 起统一作用的	unifying | adj. 起统一作用的 | unifying principle | 统一原则
unify	kin	uniform	uniform	adj./n. 统一的；制服	uniform | adj./n. 统一的；制服 | uniform standard / school uniform | 统一标准；校服
unify	kin	union	union	n. 联盟；工会	union | n. 联盟；工会 | labor union / European Union | 工会；欧盟
unify	kin	unique	unique	adj. 独特的	unique | adj. 独特的 | unique feature / unique identity | 独特特征；独特身份
precede	family	precedence	precedence	n. 优先；先后	precedence | n. 优先；先后 | legal precedence | 法律优先
precede	family	preceding	preceding	adj. 前面的	preceding | adj. 前面的 | preceding year | 前一年
precede	family	precedent	precedent	n. 先例	precedent | n. 先例 | legal precedent | 法律先例
precede	kin	proceed	proceed	v. 继续；进行	proceed | v. 继续；进行 | proceed with reform / proceed to trial | 继续改革；进入审判
precede	kin	procedure	procedure	n. 程序	procedure | n. 程序 | legal procedure / medical procedure | 法律程序；医疗程序
precede	kin	recede	recede	v. 后退；减弱	recede | v. 后退；减弱 | floodwaters recede / recede from memory | 洪水退去；从记忆中淡去
antedate	family	antedated	antedated	adj. 早于的	antedated | adj. 早于的 | antedated evidence | 早期证据
antedate	family	antedating	antedating	n. 早于	antedating | n. 早于 | antedating of reform | 改革先行
antedate	family	antedates	antedates	v. 早于	antedates | v. 早于 | antedates the crisis | 早于危机
antedate	kin	date	date	n./v. 日期；约会	date | n./v. 日期；约会 | birth date / date a document | 出生日期；给文件标日期
antedate	kin	update	update	v./n. 更新	update | v./n. 更新 | update software / policy update | 更新软件；政策更新
antedate	kin	predate	predate	v. 早于	predate | v. 早于 | predate modern cities / predate written records | 早于现代城市；早于文字记录
commence	family	commencement	commencement	n. 开始；毕业典礼	commencement | n. 开始；毕业典礼 | project commencement | 项目开始
commence	family	commenced	commenced	adj. 已开始的	commenced | adj. 已开始的 | commenced construction | 已开始的建设
commence	family	commencing	commencing	adj. 开始的	commencing | adj. 开始的 | commencing stage | 开始阶段
commence	kin	commencement	commencement	n. 开始；毕业典礼	commencement | n. 开始；毕业典礼 | commencement ceremony / commencement of reform | 毕业典礼；改革开始
commence	kin	commerce	commerce	n. 商业	commerce | n. 商业 | global commerce / electronic commerce | 全球商业；电子商务
commence	kin	merchant	merchant	n. 商人	merchant | n. 商人 | local merchant / merchant ship | 本地商人；商船
initiate	family	initiation	initiation	n. 发起；开始	initiation | n. 发起；开始 | project initiation | 项目启动
initiate	family	initiative	initiative	n. 倡议	initiative | n. 倡议 | policy initiative | 政策倡议
initiate	family	initiated	initiated	adj. 被启动的	initiated | adj. 被启动的 | initiated reform | 被启动的改革
initiate	kin	initial	initial	adj. 最初的	initial | adj. 最初的 | initial stage / initial reaction | 初始阶段；最初反应
initiate	kin	initiative	initiative	n. 倡议；主动性	initiative | n. 倡议；主动性 | public initiative / show initiative | 公共倡议；表现主动性
initiate	kin	ignition	ignition	n. 点火	ignition | n. 点火 | engine ignition / ignition system | 发动机点火；点火系统
commendable	family	commendation	commendation	n. 表彰	commendation | n. 表彰 | official commendation | 官方表彰
commendable	family	commended	commended	adj. 被称赞的	commended | adj. 被称赞的 | commended effort | 被称赞的努力
commendable	family	commendably	commendably	adv. 值得称赞地	commendably | adv. 值得称赞地 | act commendably | 值得称赞地行动
commendable	kin	recommend	recommend	v. 推荐；建议	recommend | v. 推荐；建议 | recommend a policy / recommend a book | 建议政策；推荐一本书
commendable	kin	command	command	n./v. 命令；掌握	command | n./v. 命令；掌握 | command attention / command troops | 吸引注意；指挥军队
commendable	kin	comment	comment	n./v. 评论	comment | n./v. 评论 | public comment / comment on policy | 公众评论；评论政策
praiseworthy	family	praiseworthiness	praiseworthiness	n. 值得称赞	praiseworthiness | n. 值得称赞 | praiseworthiness of effort | 努力的可赞性
praiseworthy	family	praiseworthily	praiseworthily	adv. 值得称赞地	praiseworthily | adv. 值得称赞地 | act praiseworthily | 值得称赞地行动
praiseworthy	family	praise	praise	n. 称赞	praise | n. 称赞 | public praise | 公众称赞
praiseworthy	kin	praise	praise	n./v. 赞扬	praise | n./v. 赞扬 | public praise / praise students | 公众赞扬；表扬学生
praiseworthy	kin	worthy	worthy	adj. 值得的	worthy | adj. 值得的 | worthy cause / worthy opponent | 值得支持的事业；值得尊敬的对手
praiseworthy	kin	worship	worship	n./v. 崇拜；敬拜	worship | n./v. 崇拜；敬拜 | hero worship / worship at a temple | 英雄崇拜；在寺庙礼拜
communicate	family	communication	communication	n. 沟通	communication | n. 沟通 | effective communication | 有效沟通
communicate	family	communicative	communicative	adj. 交际的	communicative | adj. 交际的 | communicative skill | 交际技能
communicate	family	communicated	communicated	adj. 被传达的	communicated | adj. 被传达的 | communicated message | 被传达的信息
communicate	kin	common	common	adj. 共同的；常见的	common | adj. 共同的；常见的 | common interest / common problem | 共同利益；常见问题
communicate	kin	community	community	n. 社区；群体	community | n. 社区；群体 | local community / academic community | 本地社区；学术共同体
communicate	kin	communal	communal	adj. 公共的；社群的	communal | adj. 公共的；社群的 | communal space / communal life | 公共空间；社群生活
convey	family	conveyance	conveyance	n. 传送；运输	conveyance | n. 传送；运输 | legal conveyance | 法律转让
convey	family	conveyed	conveyed	adj. 被传达的	conveyed | adj. 被传达的 | conveyed message | 被传达的信息
convey	family	conveyor	conveyor	n. 传送装置	conveyor | n. 传送装置 | conveyor belt | 传送带
convey	kin	vehicle	vehicle	n. 车辆；载体	vehicle | n. 车辆；载体 | electric vehicle / vehicle for ideas | 电动车；思想载体
convey	kin	voyage	voyage	n./v. 航行；旅程	voyage | n./v. 航行；旅程 | sea voyage / voyage of discovery | 海上航行；发现之旅
convey	kin	convoy	convoy	n./v. 车队；护送	convoy | n./v. 车队；护送 | aid convoy / convoy ships | 援助车队；护送船只
compatible	family	compatibility	compatibility	n. 兼容性	compatibility | n. 兼容性 | system compatibility | 系统兼容性
compatible	family	compatibly	compatibly	adv. 兼容地	compatibly | adv. 兼容地 | work compatibly | 兼容运行
compatible	family	incompatible	incompatible	adj. 不兼容的	incompatible | adj. 不兼容的 | incompatible goals | 不相容目标
compatible	kin	pact	pact	n. 协定	pact | n. 协定 | trade pact / peace pact | 贸易协定；和平协定
compatible	kin	compact	compact	adj./n. 紧凑的；契约	compact | adj./n. 紧凑的；契约 | compact city / social compact | 紧凑城市；社会契约
compatible	kin	impact	impact	n./v. 影响；撞击	impact | n./v. 影响；撞击 | environmental impact / impact a surface | 环境影响；撞击表面
harmonious	family	harmony	harmony	n. 和谐	harmony | n. 和谐 | social harmony | 社会和谐
harmonious	family	harmoniously	harmoniously	adv. 和谐地	harmoniously | adv. 和谐地 | live harmoniously | 和谐生活
harmonious	family	harmonize	harmonize	v. 协调	harmonize | v. 协调 | harmonize policies | 协调政策
harmonious	kin	harmony	harmony	n. 和谐	harmony | n. 和谐 | social harmony / harmony between groups | 社会和谐；群体间和谐
harmonious	kin	harm	harm	n./v. 伤害	harm | n./v. 伤害 | harm ecosystems / harm children | 伤害生态系统；伤害儿童
harmonious	kin	harmonic	harmonic	adj./n. 和声的；谐波	harmonic | adj./n. 和声的；谐波 | harmonic structure / harmonic frequency | 和声结构；谐波频率
compel	family	compulsion	compulsion	n. 强迫	compulsion | n. 强迫 | legal compulsion | 法律强制
compel	family	compelled	compelled	adj. 被迫的	compelled | adj. 被迫的 | compelled worker | 被迫劳动者
compel	family	compelling	compelling	adj. 有说服力的	compelling | adj. 有说服力的 | compelling evidence | 有力证据
compel	kin	pulse	pulse	n. 脉搏；节奏	pulse | n. 脉搏；节奏 | pulse rate / urban pulse | 脉搏率；城市节奏
compel	kin	impel	impel	v. 推动；驱使	impel | v. 推动；驱使 | impel reform / impel people to act | 推动改革；驱使人们行动
compel	kin	propel	propel	v. 推进；推动	propel | v. 推进；推动 | propel economic growth / propel a vehicle | 推动经济增长；推进车辆
oblige	family	obligation	obligation	n. 义务	obligation | n. 义务 | legal obligation | 法定义务
oblige	family	obliged	obliged	adj. 被迫的	obliged | adj. 被迫的 | obliged workers | 被迫员工
oblige	family	obligatory	obligatory	adj. 强制性的	obligatory | adj. 强制性的 | obligatory training | 强制培训
oblige	kin	obligation	obligation	n. 义务；责任	obligation | n. 义务；责任 | legal obligation / moral obligation | 法律义务；道德责任
oblige	kin	ligament	ligament	n. 韧带	ligament | n. 韧带 | knee ligament / torn ligament | 膝关节韧带；韧带撕裂
oblige	kin	religion	religion	n. 宗教	religion | n. 宗教 | world religion / religion and politics | 世界宗教；宗教与政治
compensate	family	compensation	compensation	n. 补偿	compensation | n. 补偿 | financial compensation | 经济补偿
compensate	family	compensated	compensated	adj. 被补偿的	compensated | adj. 被补偿的 | compensated worker | 被补偿员工
compensate	family	compensatory	compensatory	adj. 补偿性的	compensatory | adj. 补偿性的 | compensatory payment | 补偿性付款
compensate	kin	pension	pension	n. 养老金	pension | n. 养老金 | state pension / pension reform | 国家养老金；养老金改革
compensate	kin	expense	expense	n. 费用；代价	expense | n. 费用；代价 | medical expense / at the expense of fairness | 医疗费用；以公平为代价
compensate	kin	dispense	dispense	v. 分发；免除	dispense | v. 分发；免除 | dispense medicine / dispense with formalities | 配发药物；免去繁文缛节
reimburse	family	reimbursement	reimbursement	n. 报销	reimbursement | n. 报销 | medical reimbursement | 医疗报销
reimburse	family	reimbursed	reimbursed	adj. 已报销的	reimbursed | adj. 已报销的 | reimbursed costs | 已报销费用
reimburse	family	reimbursing	reimbursing	n. 报销	reimbursing | n. 报销 | reimbursing expenses | 报销费用
reimburse	kin	purse	purse	n. 钱包；资金	purse | n. 钱包；资金 | public purse / coin purse | 公共资金；零钱包
reimburse	kin	disburse	disburse	v. 支付；拨款	disburse | v. 支付；拨款 | disburse funds / disburse aid | 拨付资金；发放援助
reimburse	kin	bursary	bursary	n. 助学金	bursary | n. 助学金 | student bursary / university bursary | 学生助学金；大学助学金
complex	family	complexity	complexity	n. 复杂性	complexity | n. 复杂性 | policy complexity | 政策复杂性
complex	family	complexly	complexly	adv. 复杂地	complexly | adv. 复杂地 | interact complexly | 复杂互动
complex	family	complex	complex	n. 综合体	complex | n. 综合体 | housing complex | 住宅区
complex	kin	perplex	perplex	v. 使困惑	perplex | v. 使困惑 | perplex researchers / perplex the public | 使研究者困惑；使公众困惑
complex	kin	multiplex	multiplex	n./adj. 多厅影院；多路的	multiplex | n./adj. 多厅影院；多路的 | multiplex cinema / multiplex signal | 多厅影院；多路信号
complex	kin	plexus	plexus	n. 丛；网络	plexus | n. 丛；网络 | nerve plexus / social plexus | 神经丛；社会网络
intricate	family	intricacy	intricacy	n. 复杂性	intricacy | n. 复杂性 | legal intricacy | 法律复杂性
intricate	family	intricately	intricately	adv. 复杂地	intricately | adv. 复杂地 | intricately connected | 错综相连
intricate	kin	trick	trick	n./v. 技巧；欺骗	trick | n./v. 技巧；欺骗 | memory trick / trick consumers | 记忆技巧；欺骗消费者
intricate	kin	trickle	trickle	v./n. 细流；慢慢流动	trickle | v./n. 细流；慢慢流动 | water trickles / trickle-down effect | 水滴流；涓滴效应
intricate	kin	tricycle	tricycle	n. 三轮车	tricycle | n. 三轮车 | children's tricycle / cargo tricycle | 儿童三轮车；货运三轮车
comprehensive	family	comprehension	comprehension	n. 理解	comprehension | n. 理解 | reading comprehension | 阅读理解
comprehensive	family	comprehensively	comprehensively	adv. 全面地	comprehensively | adv. 全面地 | review comprehensively | 全面审查
comprehensive	family	comprehensiveness	comprehensiveness	n. 全面性	comprehensiveness | n. 全面性 | comprehensiveness of reform | 改革全面性
comprehensive	kin	comprehend	comprehend	v. 理解	comprehend | v. 理解 | comprehend complex data / comprehend legal texts | 理解复杂数据；理解法律文本
comprehensive	kin	apprehend	apprehend	v. 逮捕；理解	apprehend | v. 逮捕；理解 | apprehend criminals / apprehend the logic | 逮捕罪犯；理解逻辑
comprehensive	kin	prehensile	prehensile	adj. 能抓握的	prehensile | adj. 能抓握的 | prehensile tail / prehensile organ | 能抓握的尾巴；抓握器官
exhaustive	family	exhaust	exhaust	v. 耗尽	exhaust | v. 耗尽 | exhaust resources | 耗尽资源
exhaustive	family	exhaustion	exhaustion	n. 筋疲力尽；耗尽	exhaustion | n. 筋疲力尽；耗尽 | resource exhaustion | 资源耗尽
exhaustive	family	exhaustively	exhaustively	adv. 详尽地	exhaustively | adv. 详尽地 | examine exhaustively | 详尽审查
exhaustive	kin	exhaust	exhaust	v./n. 耗尽；排气	exhaust | v./n. 耗尽；排气 | exhaust resources / car exhaust | 耗尽资源；汽车尾气
exhaustive	kin	haust	haust	root 抽；吸	haust | root 抽；吸 | exhaust pipe / haustorium tissue | 排气管；吸器组织
exhaustive	kin	inhale	inhale	v. 吸入	inhale | v. 吸入 | inhale pollutants / inhale oxygen | 吸入污染物；吸入氧气
compromise	family	compromise	compromise	n. 妥协	compromise | n. 妥协 | political compromise | 政治妥协
compromise	family	compromised	compromised	adj. 受损的	compromised | adj. 受损的 | compromised safety | 受损安全
compromise	family	compromising	compromising	adj. 有损的	compromising | adj. 有损的 | compromising situation | 有损处境
compromise	kin	promise	promise	n./v. 承诺	promise | n./v. 承诺 | keep a promise / promise reform | 信守承诺；承诺改革
compromise	kin	promising	promising	adj. 有前途的	promising | adj. 有前途的 | promising technology / promising student | 有前景的技术；有潜力的学生
compromise	kin	premise	premise	n. 前提	premise | n. 前提 | false premise / basic premise | 错误前提；基本前提
undermine	family	undermining	undermining	n. 削弱	undermining | n. 削弱 | undermining trust | 削弱信任
undermine	family	undermined	undermined	adj. 被削弱的	undermined | adj. 被削弱的 | undermined authority | 被削弱的权威
undermine	family	underminer	underminer	n. 破坏者	underminer | n. 破坏者 | institutional underminer | 制度破坏者
undermine	kin	mine	mine	n./v. 矿；采矿	mine | n./v. 矿；采矿 | coal mine / mine data | 煤矿；挖掘数据
undermine	kin	mineral	mineral	n./adj. 矿物；矿物的	mineral | n./adj. 矿物；矿物的 | mineral resource / mineral water | 矿产资源；矿泉水
undermine	kin	determine	determine	v. 决定；确定	determine | v. 决定；确定 | determine causes / determine policy | 确定原因；决定政策
conceive	family	conception	conception	n. 构想；概念	conception | n. 构想；概念 | new conception | 新构想
conceive	family	conceived	conceived	adj. 被构想的	conceived | adj. 被构想的 | conceived plan | 被构想的计划
conceive	family	conceivable	conceivable	adj. 可想象的	conceivable | adj. 可想象的 | conceivable solution | 可想象方案
conceive	kin	receive	receive	v. 收到；接受	receive | v. 收到；接受 | receive support / receive education | 获得支持；接受教育
conceive	kin	deceive	deceive	v. 欺骗	deceive | v. 欺骗 | deceive consumers / deceive oneself | 欺骗消费者；自欺
conceive	kin	perceive	perceive	v. 感知；认为	perceive | v. 感知；认为 | perceive risk / perceive inequality | 感知风险；认为存在不平等
conceptualize	family	conceptualization	conceptualization	n. 概念化	conceptualization | n. 概念化 | conceptualization of risk | 风险概念化
conceptualize	family	conceptual	conceptual	adj. 概念的	conceptual | adj. 概念的 | conceptual framework | 概念框架
conceptualize	family	concept	concept	n. 概念	concept | n. 概念 | core concept | 核心概念
conceptualize	kin	caption	caption	n. 标题；字幕	caption | n. 标题；字幕 | image caption / video caption | 图片说明；视频字幕
conceptualize	kin	capture	capture	v. 捕捉；俘获	capture | v. 捕捉；俘获 | capture attention / capture carbon | 吸引注意；捕集碳
conceptualize	kin	recipient	recipient	n. 接收者	recipient | n. 接收者 | aid recipient / message recipient | 援助接受者；信息接收者
concise	family	conciseness	conciseness	n. 简洁	conciseness | n. 简洁 | conciseness of style | 风格简洁
concise	family	concisely	concisely	adv. 简洁地	concisely | adv. 简洁地 | explain concisely | 简洁解释
concise	family	concision	concision	n. 简洁；精炼	concision | n. 简洁；精炼 | stylistic concision | 风格简洁
concise	kin	scissors	scissors	n. 剪刀	scissors | n. 剪刀 | sharp scissors / surgical scissors | 锋利剪刀；手术剪
concise	kin	incision	incision	n. 切口	incision | n. 切口 | surgical incision / small incision | 手术切口；小切口
concise	kin	precise	precise	adj. 精确的	precise | adj. 精确的 | precise measurement / precise definition | 精确测量；精确定义
succinct	family	succinctness	succinctness	n. 简洁	succinctness | n. 简洁 | succinctness of style | 风格简洁
succinct	family	succinctly	succinctly	adv. 简洁地	succinctly | adv. 简洁地 | explain succinctly | 简洁解释
succinct	family	succincter	succincter	adj. 更简洁的	succincter | adj. 更简洁的 | succincter summary | 更简洁总结
succinct	kin	cinct	cinct	root 束；绑	cinct | root 束；绑 | succinct statement / cincture belt | 简洁陈述；束带
succinct	kin	precinct	precinct	n. 区域；辖区	precinct | n. 区域；辖区 | police precinct / shopping precinct | 警区；商业区
succinct	kin	distinct	distinct	adj. 清楚不同的	distinct | adj. 清楚不同的 | distinct pattern / distinct group | 明显模式；不同群体
conclude	family	conclusion	conclusion	n. 结论；结束	conclusion | n. 结论；结束 | logical conclusion | 逻辑结论
conclude	family	conclusive	conclusive	adj. 决定性的	conclusive | adj. 决定性的 | conclusive evidence | 决定性证据
conclude	family	concluded	concluded	adj. 已结束的	concluded | adj. 已结束的 | concluded negotiation | 已结束谈判
conclude	kin	close	close	v./adj. 关闭；接近的	close | v./adj. 关闭；接近的 | close a debate / close relationship | 结束辩论；亲密关系
conclude	kin	exclude	exclude	v. 排除	exclude | v. 排除 | exclude irrelevant data / exclude minorities | 排除无关数据；排斥少数群体
conclude	kin	include	include	v. 包括	include | v. 包括 | include all citizens / include hidden costs | 包括所有市民；包括隐藏成本
finalize	family	finalization	finalization	n. 最终确定	finalization | n. 最终确定 | finalization of plan | 计划定稿
finalize	family	finalized	finalized	adj. 已确定的	finalized | adj. 已确定的 | finalized agreement | 已确定协议
finalize	family	final	final	adj. 最终的	final | adj. 最终的 | final decision | 最终决定
finalize	kin	final	final	adj. 最终的	final | adj. 最终的 | final decision / final exam | 最终决定；期末考试
finalize	kin	fine	fine	adj./n. 好的；罚款	fine | adj./n. 好的；罚款 | fine detail / pay a fine | 精细细节；支付罚款
finalize	kin	define	define	v. 定义；限定	define | v. 定义；限定 | define a term / define boundaries | 定义术语；划定边界
concrete	family	concreteness	concreteness	n. 具体性	concreteness | n. 具体性 | concreteness of evidence | 证据具体性
concrete	family	concretely	concretely	adv. 具体地	concretely | adv. 具体地 | explain concretely | 具体解释
concrete	family	concrete	concrete	n. 混凝土	concrete | n. 混凝土 | reinforced concrete | 钢筋混凝土
concrete	kin	create	create	v. 创造	create | v. 创造 | create jobs / create a character | 创造就业；创造角色
concrete	kin	creature	creature	n. 生物	creature | n. 生物 | marine creature / mythical creature | 海洋生物；神话生物
concrete	kin	recreate	recreate	v. 重建；再现	recreate | v. 重建；再现 | recreate a scene / recreate social bonds | 再现场景；重建社会联系
tangible	family	tangibility	tangibility	n. 有形性	tangibility | n. 有形性 | tangibility of benefits | 好处的可感知性
tangible	family	tangibly	tangibly	adv. 实际地	tangibly | adv. 实际地 | tangibly improve | 实际改善
tangible	family	intangible	intangible	adj. 无形的	intangible | adj. 无形的 | intangible benefit | 无形收益
tangible	kin	touch	touch	v./n. 触摸；联系	touch | v./n. 触摸；联系 | touch a screen / human touch | 触摸屏幕；人情味
tangible	kin	tangent	tangent	n. 切线；离题话	tangent | n. 切线；离题话 | tangent line / go off on a tangent | 切线；跑题
tangible	kin	tactile	tactile	adj. 触觉的	tactile | adj. 触觉的 | tactile feedback / tactile experience | 触觉反馈；触觉体验
concur	family	concurrence	concurrence	n. 同意；同时发生	concurrence | n. 同意；同时发生 | official concurrence | 官方同意
concur	family	concurrent	concurrent	adj. 同时发生的	concurrent | adj. 同时发生的 | concurrent reforms | 同时进行的改革
concur	family	concurred	concurred	adj. 已同意的	concurred | adj. 已同意的 | concurred judgement | 一致判断
concur	kin	current	current	n./adj. 水流；当前的	current | n./adj. 水流；当前的 | ocean current / current policy | 洋流；现行政策
concur	kin	occur	occur	v. 发生	occur | v. 发生 | accidents occur / occur frequently | 事故发生；频繁发生
concur	kin	recur	recur	v. 复发；再发生	recur | v. 复发；再发生 | problems recur / recur every year | 问题反复出现；每年重复
accord	family	accordance	accordance	n. 一致	accordance | n. 一致 | accordance with law | 符合法律
accord	family	according	according	prep. 根据	according | prep. 根据 | according to evidence | 根据证据
accord	family	accorded	accorded	adj. 被给予的	accorded | adj. 被给予的 | accorded status | 被给予的地位
accord	kin	cord	cord	n. 绳；线	cord | n. 绳；线 | power cord / cord blood | 电源线；脐带血
accord	kin	record	record	n./v. 记录	record | n./v. 记录 | historical record / record data | 历史记录；记录数据
accord	kin	cordial	cordial	adj. 热诚的	cordial | adj. 热诚的 | cordial relationship / cordial invitation | 友好关系；诚挚邀请
confine	family	confinement	confinement	n. 限制；禁闭	confinement | n. 限制；禁闭 | home confinement | 居家限制
confine	family	confined	confined	adj. 受限的	confined | adj. 受限的 | confined space | 受限空间
confine	family	confining	confining	adj. 限制性的	confining | adj. 限制性的 | confining rule | 限制性规则
confine	kin	fine	fine	adj./n. 好的；罚款	fine | adj./n. 好的；罚款 | fine detail / pay a fine | 精细细节；支付罚款
confine	kin	final	final	adj. 最后的	final | adj. 最后的 | final decision / final exam | 最终决定；期末考试
confine	kin	define	define	v. 定义；限定	define | v. 定义；限定 | define a concept / define boundaries | 定义概念；划定边界
restrict	family	restriction	restriction	n. 限制	restriction | n. 限制 | travel restriction | 旅行限制
restrict	family	restricted	restricted	adj. 受限的	restricted | adj. 受限的 | restricted access | 受限访问
restrict	family	restrictive	restrictive	adj. 限制性的	restrictive | adj. 限制性的 | restrictive policy | 限制性政策
restrict	kin	strict	strict	adj. 严格的	strict | adj. 严格的 | strict regulation / strict teacher | 严格监管；严格老师
restrict	kin	district	district	n. 区域	district | n. 区域 | school district / commercial district | 学区；商业区
restrict	kin	constrict	constrict	v. 压缩；限制	constrict | v. 压缩；限制 | constrict blood vessels / constrict freedom | 收缩血管；限制自由
confirm	family	confirmation	confirmation	n. 确认	confirmation | n. 确认 | official confirmation | 官方确认
confirm	family	confirmed	confirmed	adj. 已确认的	confirmed | adj. 已确认的 | confirmed case | 确诊病例
confirm	family	confirmatory	confirmatory	adj. 证实性的	confirmatory | adj. 证实性的 | confirmatory evidence | 证实性证据
confirm	kin	firm	firm	adj./n. 坚定的；公司	firm | adj./n. 坚定的；公司 | firm evidence / law firm | 确凿证据；律师事务所
confirm	kin	affirm	affirm	v. 肯定；确认	affirm | v. 肯定；确认 | affirm rights / affirm identity | 确认权利；肯定身份
confirm	kin	infirm	infirm	adj. 虚弱的	infirm | adj. 虚弱的 | infirm elderly people / infirm body | 虚弱老人；虚弱身体
validate	family	validation	validation	n. 验证	validation | n. 验证 | data validation | 数据验证
validate	family	validated	validated	adj. 被验证的	validated | adj. 被验证的 | validated result | 被验证结果
validate	family	validity	validity	n. 有效性	validity | n. 有效性 | legal validity | 法律有效性
validate	kin	valid	valid	adj. 有效的；合理的	valid | adj. 有效的；合理的 | valid evidence / valid argument | 有效证据；合理论点
validate	kin	validity	validity	n. 有效性	validity | n. 有效性 | scientific validity / legal validity | 科学有效性；法律效力
validate	kin	valence	valence	n. 化合价；情绪效价	valence | n. 化合价；情绪效价 | chemical valence / emotional valence | 化合价；情绪效价
congruent	family	congruence	congruence	n. 一致；全等	congruence | n. 一致；全等 | policy congruence | 政策一致
congruent	family	congruently	congruently	adv. 一致地	congruently | adv. 一致地 | act congruently | 一致行动
congruent	family	incongruent	incongruent	adj. 不一致的	incongruent | adj. 不一致的 | incongruent goals | 不一致目标
congruent	kin	grain	grain	n. 谷物；颗粒	grain | n. 谷物；颗粒 | grain production / grain of sand | 粮食生产；一粒沙
congruent	kin	congress	congress	n. 国会；大会	congress | n. 国会；大会 | national congress / scientific congress | 全国大会；科学大会
congruent	kin	aggregate	aggregate	v./n. 聚合；总量	aggregate | v./n. 聚合；总量 | aggregate data / aggregate demand | 汇总数据；总需求
corresponding	family	correspond	correspond	v. 对应；通信	correspond | v. 对应；通信 | correspond to evidence | 与证据对应
corresponding	family	correspondence	correspondence	n. 对应；通信	correspondence | n. 对应；通信 | direct correspondence | 直接对应
corresponding	family	correspondingly	correspondingly	adv. 相应地	correspondingly | adv. 相应地 | rise correspondingly | 相应上升
corresponding	kin	respond	respond	v. 回应	respond | v. 回应 | respond to criticism / respond to treatment | 回应批评；对治疗有反应
corresponding	kin	sponsor	sponsor	n./v. 赞助者；资助	sponsor | n./v. 赞助者；资助 | corporate sponsor / sponsor a bill | 企业赞助商；支持一项法案
corresponding	kin	despondent	despondent	adj. 沮丧的	despondent | adj. 沮丧的 | despondent mood / despondent workers | 沮丧情绪；沮丧的工人
conjecture	family	conjecture	conjecture	n. 推测	conjecture | n. 推测 | public conjecture | 公众推测
conjecture	family	conjectural	conjectural	adj. 推测性的	conjectural | adj. 推测性的 | conjectural claim | 推测性说法
conjecture	family	conjectured	conjectured	adj. 被推测的	conjectured | adj. 被推测的 | conjectured cause | 被推测的原因
conjecture	kin	project	project	v./n. 投射；项目	project | v./n. 投射；项目 | project future demand / research project | 预测未来需求；研究项目
conjecture	kin	inject	inject	v. 注入	inject | v. 注入 | inject funds / inject medicine | 注入资金；注射药物
conjecture	kin	eject	eject	v. 喷出；驱逐	eject | v. 喷出；驱逐 | eject ash / eject a passenger | 喷出火山灰；驱逐乘客
speculate	family	speculation	speculation	n. 推测；投机	speculation | n. 推测；投机 | market speculation | 市场投机
speculate	family	speculative	speculative	adj. 推测性的	speculative | adj. 推测性的 | speculative claim | 推测性说法
speculate	family	speculator	speculator	n. 投机者	speculator | n. 投机者 | property speculator | 房产投机者
speculate	kin	spectacle	spectacle	n. 景象；奇观	spectacle | n. 景象；奇观 | public spectacle / visual spectacle | 公共奇观；视觉奇观
speculate	kin	inspect	inspect	v. 检查	inspect | v. 检查 | inspect factories / inspect evidence | 检查工厂；检查证据
speculate	kin	perspective	perspective	n. 视角	perspective | n. 视角 | historical perspective / different perspective | 历史视角；不同视角
conquest	family	conquer	conquer	v. 征服	conquer | v. 征服 | conquer territory | 征服领土
conquest	family	conqueror	conqueror	n. 征服者	conqueror | n. 征服者 | ancient conqueror | 古代征服者
conquest	family	conquered	conquered	adj. 被征服的	conquered | adj. 被征服的 | conquered land | 被征服土地
conquest	kin	quest	quest	n. 探索；追求	quest | n. 探索；追求 | quest for knowledge / quest for equality | 求知之旅；追求平等
conquest	kin	question	question	n./v. 问题；质疑	question | n./v. 问题；质疑 | research question / question authority | 研究问题；质疑权威
conquest	kin	request	request	n./v. 请求	request | n./v. 请求 | public request / request information | 公众请求；请求信息
triumph	family	triumphant	triumphant	adj. 胜利的	triumphant | adj. 胜利的 | triumphant team | 胜利团队
triumph	family	triumphantly	triumphantly	adv. 胜利地	triumphantly | adv. 胜利地 | triumphantly announce | 胜利宣布
triumph	family	triumphed	triumphed	adj. 获胜的	triumphed | adj. 获胜的 | triumphed candidate | 获胜候选人
triumph	kin	trumpet	trumpet	n./v. 小号；宣扬	trumpet | n./v. 小号；宣扬 | trumpet sound / trumpet success | 小号声；宣扬成功
triumph	kin	trophy	trophy	n. 奖杯；战利品	trophy | n. 奖杯；战利品 | sports trophy / trophy hunting | 体育奖杯；战利品狩猎
triumph	kin	triumphal	triumphal	adj. 胜利的	triumphal | adj. 胜利的 | triumphal arch / triumphal parade | 凯旋门；胜利游行
considerable	family	considerably	considerably	adv. 相当地	considerably | adv. 相当地 | rise considerably | 大幅上升
considerable	family	consideration	consideration	n. 考虑	consideration | n. 考虑 | careful consideration | 仔细考虑
considerable	family	considered	considered	adj. 经过考虑的	considered | adj. 经过考虑的 | considered decision | 深思熟虑的决定
considerable	kin	side	side	n. 一边；方面	side | n. 一边；方面 | both sides / side effect | 双方；副作用
considerable	kin	sidereal	sidereal	adj. 恒星的	sidereal | adj. 恒星的 | sidereal time / sidereal year | 恒星时；恒星年
considerable	kin	reside	reside	v. 居住；存在于	reside | v. 居住；存在于 | reside in a city / power resides in institutions | 住在城市；权力存在于制度中
substantial	family	substantially	substantially	adv. 大幅地	substantially | adv. 大幅地 | substantially improve | 大幅改善
substantial	family	substance	substance	n. 物质；实质	substance | n. 物质；实质 | harmful substance | 有害物质
substantial	family	substantiality	substantiality	n. 实质性	substantiality | n. 实质性 | substantiality of evidence | 证据实质性
substantial	kin	substance	substance	n. 物质；实质	substance | n. 物质；实质 | toxic substance / substance of argument | 有毒物质；论证实质
substantial	kin	substantiate	substantiate	v. 证实	substantiate | v. 证实 | substantiate a claim / substantiate evidence | 证实主张；证实证据
substantial	kin	stand	stand	v./n. 站立；立场	stand | v./n. 站立；立场 | take a stand / stand firm | 表明立场；立场坚定
comprise	family	comprised	comprised	adj. 由……组成的	comprised | adj. 由……组成的 | comprised group | 组成群体
comprise	family	comprising	comprising	prep. 包括	comprising | prep. 包括 | comprising several stages | 包括几个阶段
comprise	family	comprisable	comprisable	adj. 可包括的	comprisable | adj. 可包括的 | comprisable category | 可包括类别
comprise	kin	price	price	n./v. 价格；定价	price | n./v. 价格；定价 | housing price / price a product | 房价；给产品定价
comprise	kin	prize	prize	n. 奖品；珍视之物	prize | n. 奖品；珍视之物 | Nobel Prize / prize independence | 诺贝尔奖；珍视独立
comprise	kin	surprise	surprise	n./v. 惊喜；使惊讶	surprise | n./v. 惊喜；使惊讶 | pleasant surprise / surprise observers | 惊喜；使观察者惊讶
encompass	family	encompassing	encompassing	adj. 涵盖的	encompassing | adj. 涵盖的 | encompassing approach | 全面方法
encompass	family	encompassed	encompassed	adj. 被涵盖的	encompassed | adj. 被涵盖的 | encompassed costs | 被涵盖成本
encompass	family	encompassment	encompassment	n. 涵盖	encompassment | n. 涵盖 | encompassment of risks | 风险涵盖
encompass	kin	compass	compass	n. 指南针；范围	compass | n. 指南针；范围 | moral compass / within the compass of law | 道德指南针；在法律范围内
encompass	kin	passage	passage	n. 通道；段落	passage | n. 通道；段落 | reading passage / safe passage | 阅读段落；安全通道
encompass	kin	passenger	passenger	n. 乘客	passenger | n. 乘客 | rail passenger / passenger safety | 铁路乘客；乘客安全
consistent	family	consistency	consistency	n. 一致性	consistency | n. 一致性 | policy consistency | 政策一致性
consistent	family	consistently	consistently	adv. 持续地	consistently | adv. 持续地 | consistently improve | 持续改善
consistent	family	inconsistent	inconsistent	adj. 不一致的	inconsistent | adj. 不一致的 | inconsistent evidence | 不一致证据
consistent	kin	persist	persist	v. 持续；坚持	persist | v. 持续；坚持 | problems persist / persist in learning | 问题持续存在；坚持学习
consistent	kin	resist	resist	v. 抵抗；抵制	resist | v. 抵抗；抵制 | resist pressure / resist infection | 抵抗压力；抵抗感染
consistent	kin	assist	assist	v. 帮助	assist | v. 帮助 | assist students / assist recovery | 帮助学生；帮助恢复
steady	family	steadiness	steadiness	n. 稳定	steadiness | n. 稳定 | steadiness of income | 收入稳定
steady	family	steadily	steadily	adv. 稳定地	steadily | adv. 稳定地 | rise steadily | 稳定上升
steady	family	unsteady	unsteady	adj. 不稳定的	unsteady | adj. 不稳定的 | unsteady growth | 不稳定增长
steady	kin	stead	stead	n. 代替；用处	stead | n. 代替；用处 | in one's stead / stand in good stead | 代替某人；很有帮助
steady	kin	instead	instead	adv. 代替；反而	instead | adv. 代替；反而 | instead of cars / choose buses instead | 而不是汽车；改选公交
steady	kin	steadfast	steadfast	adj. 坚定的	steadfast | adj. 坚定的 | steadfast support / steadfast commitment | 坚定支持；坚定承诺
conspicuous	family	conspicuously	conspicuously	adv. 明显地	conspicuously | adv. 明显地 | conspicuously absent | 明显缺席
conspicuous	family	conspicuousness	conspicuousness	n. 显眼	conspicuousness | n. 显眼 | conspicuousness of wealth | 财富的显眼性
conspicuous	family	inconspicuous	inconspicuous	adj. 不显眼的	inconspicuous | adj. 不显眼的 | inconspicuous sign | 不显眼标志
conspicuous	kin	spectacle	spectacle	n. 景象；奇观	spectacle | n. 景象；奇观 | public spectacle / visual spectacle | 公共奇观；视觉奇观
conspicuous	kin	inspect	inspect	v. 检查	inspect | v. 检查 | inspect factories / inspect evidence | 检查工厂；检查证据
conspicuous	kin	suspicious	suspicious	adj. 可疑的	suspicious | adj. 可疑的 | suspicious behavior / suspicious transaction | 可疑行为；可疑交易
noticeable	family	notice	notice	v. 注意到	notice | v. 注意到 | notice changes | 注意变化
noticeable	family	noticeably	noticeably	adv. 明显地	noticeably | adv. 明显地 | noticeably improve | 明显改善
noticeable	family	noticeability	noticeability	n. 显著性	noticeability | n. 显著性 | noticeability of change | 变化的显著性
noticeable	kin	notice	notice	n./v. 注意；通知	notice | n./v. 注意；通知 | public notice / notice details | 公共通知；注意细节
noticeable	kin	note	note	n./v. 笔记；指出	note | n./v. 笔记；指出 | research note / note a trend | 研究笔记；指出趋势
noticeable	kin	notify	notify	v. 通知	notify | v. 通知 | notify users / notify parents | 通知用户；通知家长
constitute	family	constitution	constitution	n. 宪法；构成	constitution | n. 宪法；构成 | national constitution | 国家宪法
constitute	family	constitutional	constitutional	adj. 宪法的	constitutional | adj. 宪法的 | constitutional right | 宪法权利
constitute	family	constituted	constituted	adj. 被构成的	constituted | adj. 被构成的 | constituted body | 组成机构
constitute	kin	statue	statue	n. 雕像	statue | n. 雕像 | bronze statue / public statue | 青铜雕像；公共雕像
constitute	kin	status	status	n. 地位；状态	status | n. 地位；状态 | social status / legal status | 社会地位；法律地位
constitute	kin	institute	institute	n./v. 机构；建立	institute | n./v. 机构；建立 | research institute / institute reforms | 研究机构；建立改革措施
compose	family	composition	composition	n. 构成；作文	composition | n. 构成；作文 | social composition | 社会构成
compose	family	composer	composer	n. 作曲家	composer | n. 作曲家 | classical composer | 古典作曲家
compose	family	composed	composed	adj. 镇定的	composed | adj. 镇定的 | composed response | 镇定回应
compose	kin	pose	pose	v./n. 造成；姿势	pose | v./n. 造成；姿势 | pose a risk / pose for a photo | 构成风险；摆姿势拍照
compose	kin	expose	expose	v. 暴露；揭露	expose | v. 暴露；揭露 | expose corruption / expose skin to sunlight | 揭露腐败；让皮肤暴露在阳光下
compose	kin	dispose	dispose	v. 处理；使倾向于	dispose | v. 处理；使倾向于 | dispose of waste / dispose voters to agree | 处理废物；使选民倾向同意
construe	family	construal	construal	n. 解释	construal | n. 解释 | legal construal | 法律解释
construe	family	construed	construed	adj. 被解释的	construed | adj. 被解释的 | construed meaning | 被解释的含义
construe	family	construable	construable	adj. 可解释的	construable | adj. 可解释的 | construable rule | 可解释规则
construe	kin	structure	structure	n. 结构	structure | n. 结构 | narrative structure / market structure | 叙事结构；市场结构
construe	kin	construct	construct	v. 建构；建造	construct | v. 建构；建造 | construct meaning / construct roads | 建构意义；修路
construe	kin	instruct	instruct	v. 指导；命令	instruct | v. 指导；命令 | instruct learners / instruct staff | 指导学习者；指示员工
interpret	family	interpretation	interpretation	n. 解释	interpretation | n. 解释 | legal interpretation | 法律解释
interpret	family	interpreted	interpreted	adj. 被解释的	interpreted | adj. 被解释的 | interpreted data | 被解读数据
interpret	family	interpreter	interpreter	n. 口译员	interpreter | n. 口译员 | professional interpreter | 专业口译员
interpret	kin	priest	priest	n. 牧师；祭司	priest | n. 牧师；祭司 | village priest / temple priest | 乡村牧师；寺庙祭司
interpret	kin	price	price	n./v. 价格；定价	price | n./v. 价格；定价 | market price / price a product | 市场价格；给产品定价
interpret	kin	enterprise	enterprise	n. 企业；事业	enterprise | n. 企业；事业 | private enterprise / social enterprise | 私营企业；社会企业
consume	family	consumption	consumption	n. 消耗；消费	consumption | n. 消耗；消费 | energy consumption | 能源消耗
consume	family	consumer	consumer	n. 消费者	consumer | n. 消费者 | young consumer | 年轻消费者
consume	family	consumed	consumed	adj. 被消耗的	consumed | adj. 被消耗的 | consumed resources | 被消耗资源
consume	kin	resume	resume	v./n. 恢复；简历	resume | v./n. 恢复；简历 | resume production / update a resume | 恢复生产；更新简历
consume	kin	presume	presume	v. 假定；推定	presume | v. 假定；推定 | presume innocence / presume responsibility | 推定无罪；假定责任
consume	kin	assume	assume	v. 假设；承担	assume | v. 假设；承担 | assume responsibility / assume a link | 承担责任；假设存在关联
devour	family	devouring	devouring	adj. 吞噬性的	devouring | adj. 吞噬性的 | devouring appetite | 强烈欲望
devour	family	devoured	devoured	adj. 被吞噬的	devoured | adj. 被吞噬的 | devoured resources | 被消耗资源
devour	family	devourer	devourer	n. 吞食者	devourer | n. 吞食者 | resource devourer | 资源消耗者
contemporary	family	contemporarily	contemporarily	adv. 当代地	contemporarily | adv. 当代地 | contemporarily relevant | 具有当代相关性
contemporary	family	contemporaneity	contemporaneity	n. 同时代性	contemporaneity | n. 同时代性 | cultural contemporaneity | 文化同时代性
contemporary	family	contemporary	contemporary	n. 同时代人	contemporary | n. 同时代人 | literary contemporary | 文学同时代人
contemporary	kin	temporary	temporary	adj. 临时的	temporary | adj. 临时的 | temporary housing / temporary policy | 临时住房；临时政策
contemporary	kin	tempo	tempo	n. 节奏；速度	tempo | n. 节奏；速度 | urban tempo / musical tempo | 城市节奏；音乐速度
contemporary	kin	temporal	temporal	adj. 时间的；世俗的	temporal | adj. 时间的；世俗的 | temporal order / temporal pressure | 时间顺序；时间压力
modern	family	modernity	modernity	n. 现代性	modernity | n. 现代性 | urban modernity | 城市现代性
modern	family	modernize	modernize	v. 现代化	modernize | v. 现代化 | modernize transport | 使交通现代化
modern	family	modernization	modernization	n. 现代化	modernization | n. 现代化 | economic modernization | 经济现代化
modern	kin	mode	mode	n. 模式；方式	mode | n. 模式；方式 | online mode / mode of communication | 在线模式；沟通方式
modern	kin	moderate	moderate	adj./v. 适度的；调节	moderate | adj./v. 适度的；调节 | moderate exercise / moderate debate | 适度运动；主持辩论
modern	kin	modify	modify	v. 修改；调整	modify | v. 修改；调整 | modify a design / modify rules | 修改设计；修改规则
contradict	family	contradiction	contradiction	n. 矛盾	contradiction | n. 矛盾 | internal contradiction | 内在矛盾
contradict	family	contradictory	contradictory	adj. 矛盾的	contradictory | adj. 矛盾的 | contradictory evidence | 矛盾证据
contradict	family	contradicted	contradicted	adj. 被反驳的	contradicted | adj. 被反驳的 | contradicted claim | 被反驳的说法
contradict	kin	dictate	dictate	v. 支配；口述	dictate | v. 支配；口述 | dictate policy / dictate a letter | 支配政策；口述信件
contradict	kin	dictionary	dictionary	n. 词典	dictionary | n. 词典 | bilingual dictionary / online dictionary | 双语词典；在线词典
contradict	kin	verdict	verdict	n. 判决；结论	verdict | n. 判决；结论 | jury verdict / final verdict | 陪审团裁决；最终结论
oppose	family	opposition	opposition	n. 反对	opposition | n. 反对 | public opposition | 公众反对
oppose	family	opponent	opponent	n. 反对者	opponent | n. 反对者 | political opponent | 政治对手
oppose	family	opposed	opposed	adj. 反对的	opposed | adj. 反对的 | opposed groups | 反对群体
oppose	kin	pose	pose	v./n. 造成；姿势	pose | v./n. 造成；姿势 | pose a threat / pose for pictures | 构成威胁；摆姿势拍照
oppose	kin	expose	expose	v. 暴露；揭露	expose | v. 暴露；揭露 | expose corruption / expose skin | 揭露腐败；暴露皮肤
oppose	kin	compose	compose	v. 组成；创作	compose | v. 组成；创作 | compose a team / compose music | 组成团队；作曲
contradiction	family	contradict	contradict	v. 反驳；矛盾	contradict | v. 反驳；矛盾 | contradict official data | 与官方数据矛盾
contradiction	family	contradictory	contradictory	adj. 矛盾的	contradictory | adj. 矛盾的 | contradictory evidence | 矛盾证据
contradiction	family	contradicted	contradicted	adj. 被反驳的	contradicted | adj. 被反驳的 | contradicted claim | 被反驳的说法
contradiction	kin	dictate	dictate	v. 支配；口述	dictate | v. 支配；口述 | dictate terms / dictate notes | 规定条款；口述笔记
contradiction	kin	verdict	verdict	n. 判决；结论	verdict | n. 判决；结论 | court verdict / final verdict | 法院判决；最终结论
contradiction	kin	dictionary	dictionary	n. 词典	dictionary | n. 词典 | bilingual dictionary / online dictionary | 双语词典；在线词典
paradox	family	paradoxical	paradoxical	adj. 悖论的	paradoxical | adj. 悖论的 | paradoxical result | 悖论性结果
paradox	family	paradoxically	paradoxically	adv. 矛盾地	paradoxically | adv. 矛盾地 | paradoxically increase | 矛盾地增加
paradox	family	paradoxicality	paradoxicality	n. 悖论性	paradoxicality | n. 悖论性 | paradoxicality of progress | 进步的悖论性
paradox	kin	dox	dox	root 观点；信念	dox | root 观点；信念 | orthodox belief / doxology hymn | 正统信念；颂歌
paradox	kin	orthodox	orthodox	adj. 正统的	orthodox | adj. 正统的 | orthodox theory / orthodox medicine | 正统理论；正统医学
paradox	kin	heterodox	heterodox	adj. 非正统的	heterodox | adj. 非正统的 | heterodox economics / heterodox view | 非正统经济学；非正统观点
contribution	family	contribute	contribute	v. 贡献	contribute | v. 贡献 | contribute positively | 积极贡献
contribution	family	contributor	contributor	n. 贡献者	contributor | n. 贡献者 | major contributor | 主要贡献者
contribution	family	contributory	contributory	adj. 促成的	contributory | adj. 促成的 | contributory factor | 促成因素
contribution	kin	tribute	tribute	n. 贡品；致敬	tribute | n. 贡品；致敬 | floral tribute / tribute payment | 献花致敬；贡赋
contribution	kin	distribution	distribution	n. 分配；分布	distribution | n. 分配；分布 | income distribution / species distribution | 收入分配；物种分布
contribution	kin	attribute	attribute	n./v. 属性；归因	attribute | n./v. 属性；归因 | product attribute / attribute failure to poor planning | 产品属性；把失败归因于规划差
input	family	inputting	inputting	n. 输入	inputting | n. 输入 | inputting data | 输入数据
input	family	inputted	inputted	adj. 被输入的	inputted | adj. 被输入的 | inputted information | 被输入信息
input	family	inputs	inputs	n. 投入复数	inputs | n. 投入复数 | agricultural inputs | 农业投入
input	kin	put	put	v. 放置	put | v. 放置 | put data into a system / put pressure on firms | 把数据放进系统；给公司施压
input	kin	output	output	n./v. 输出；产量	output | n./v. 输出；产量 | output data / factory output | 输出数据；工厂产量
input	kin	compute	compute	v. 计算	compute | v. 计算 | compute results / compute cost | 计算结果；计算成本
convene	family	convention	convention	n. 会议；惯例	convention | n. 会议；惯例 | annual convention | 年度大会
convene	family	convened	convened	adj. 被召集的	convened | adj. 被召集的 | convened meeting | 被召集会议
convene	family	convener	convener	n. 召集人	convener | n. 召集人 | conference convener | 会议召集人
convene	kin	venue	venue	n. 场所	venue | n. 场所 | conference venue / concert venue | 会议场所；音乐会场地
convene	kin	revenue	revenue	n. 收入	revenue | n. 收入 | tax revenue / tourism revenue | 税收收入；旅游收入
convene	kin	avenue	avenue	n. 大道；途径	avenue | n. 大道；途径 | main avenue / avenue for reform | 主干道；改革途径
summon	family	summons	summons	n. 传票	summons | n. 传票 | legal summons | 法律传票
summon	family	summoned	summoned	adj. 被召集的	summoned | adj. 被召集的 | summoned experts | 被召集的专家
summon	family	summoning	summoning	n. 召集	summoning | n. 召集 | summoning staff | 召集员工
summon	kin	mountain	mountain	n. 山	mountain | n. 山 | mountain range / high mountain | 山脉；高山
summon	kin	summit	summit	n. 峰会；顶峰	summit | n. 峰会；顶峰 | climate summit / mountain summit | 气候峰会；山顶
summon	kin	summons	summons	n. 传票；召唤	summons | n. 传票；召唤 | court summons / receive a summons | 法院传票；收到传票
conventional	family	convention	convention	n. 惯例；会议	convention | n. 惯例；会议 | social convention | 社会惯例
conventional	family	conventionally	conventionally	adv. 传统地	conventionally | adv. 传统地 | conventionally taught | 传统地教授
conventional	family	unconventional	unconventional	adj. 非传统的	unconventional | adj. 非传统的 | unconventional method | 非传统方法
conventional	kin	convene	convene	v. 召集	convene | v. 召集 | convene a meeting / convene parliament | 召集会议；召集议会
conventional	kin	event	event	n. 事件；活动	event | n. 事件；活动 | international event / major event | 国际赛事；重大事件
conventional	kin	intervention	intervention	n. 干预	intervention | n. 干预 | state intervention / medical intervention | 国家干预；医疗干预
orthodox	family	orthodoxy	orthodoxy	n. 正统观念	orthodoxy | n. 正统观念 | economic orthodoxy | 经济正统观念
orthodox	family	orthodoxly	orthodoxly	adv. 正统地	orthodoxly | adv. 正统地 | argue orthodoxly | 正统地论证
orthodox	family	unorthodox	unorthodox	adj. 非正统的	unorthodox | adj. 非正统的 | unorthodox method | 非正统方法
orthodox	kin	straight	straight	adj./adv. 直的；直接地	straight | adj./adv. 直的；直接地 | straight line / go straight home | 直线；直接回家
orthodox	kin	doctrine	doctrine	n. 学说；教义	doctrine | n. 学说；教义 | religious doctrine / legal doctrine | 宗教教义；法律原则
orthodox	kin	doxology	doxology	n. 颂歌	doxology | n. 颂歌 | Christian doxology / liturgical doxology | 基督教颂歌；礼拜颂歌
converge	family	convergence	convergence	n. 汇聚；趋同	convergence | n. 汇聚；趋同 | policy convergence | 政策趋同
converge	family	convergent	convergent	adj. 汇聚的	convergent | adj. 汇聚的 | convergent interests | 汇聚利益
converge	family	converged	converged	adj. 已汇聚的	converged | adj. 已汇聚的 | converged networks | 融合网络
converge	kin	diverge	diverge	v. 分叉；偏离	diverge | v. 分叉；偏离 | paths diverge / opinions diverge | 道路分叉；意见分歧
converge	kin	emergency	emergency	n. 紧急情况	emergency | n. 紧急情况 | medical emergency / emergency response | 医疗急症；紧急响应
converge	kin	verge	verge	n. 边缘	verge | n. 边缘 | on the verge of collapse / grass verge | 濒临崩溃；路边草地
coalesce	family	coalescence	coalescence	n. 合并	coalescence | n. 合并 | coalescence of groups | 群体合并
coalesce	family	coalesced	coalesced	adj. 合并的	coalesced | adj. 合并的 | coalesced interests | 合并利益
coalesce	family	coalescing	coalescing	adj. 正在联合的	coalescing | adj. 正在联合的 | coalescing movement | 正在联合的运动
coalesce	kin	coalition	coalition	n. 联盟	coalition | n. 联盟 | political coalition / coalition government | 政治联盟；联合政府
coalesce	kin	adolescence	adolescence	n. 青春期	adolescence | n. 青春期 | early adolescence / adolescence development | 青春早期；青春期发展
coalesce	kin	essence	essence	n. 本质；精华	essence | n. 本质；精华 | the essence of democracy / plant essence | 民主的本质；植物精华
counterbalance	family	counterbalance	counterbalance	n. 平衡力量	counterbalance | n. 平衡力量 | institutional counterbalance | 制度性平衡力量
counterbalance	family	counterbalanced	counterbalanced	adj. 被平衡的	counterbalanced | adj. 被平衡的 | counterbalanced risk | 被平衡的风险
counterbalance	family	counterbalancing	counterbalancing	adj. 起平衡作用的	counterbalancing | adj. 起平衡作用的 | counterbalancing effect | 平衡作用
counterbalance	kin	counter	counter	n./v. 柜台；反制	counter | n./v. 柜台；反制 | counter argument / service counter | 反驳论点；服务柜台
counterbalance	kin	balance	balance	n./v. 平衡	balance | n./v. 平衡 | balance public interests / balance sheet | 平衡公共利益；资产负债表
counterbalance	kin	ballast	ballast	n. 压舱物；稳定物	ballast | n. 压舱物；稳定物 | ship ballast / social ballast | 船舶压舱物；社会稳定物
offset	family	offset	offset	n. 抵消物	offset | n. 抵消物 | carbon offset | 碳抵消
offset	family	offsetting	offsetting	adj. 抵消的	offsetting | adj. 抵消的 | offsetting measure | 抵消措施
offset	family	offsettable	offsettable	adj. 可抵消的	offsettable | adj. 可抵消的 | offsettable cost | 可抵消成本
offset	kin	set	set	v./n. 设置；一套	set | v./n. 设置；一套 | set standards / data set | 设定标准；数据集
offset	kin	outset	outset	n. 开始	outset | n. 开始 | from the outset / project outset | 一开始；项目初期
offset	kin	sunset	sunset	n. 日落	sunset | n. 日落 | sunset view / sunset clause | 日落景色；日落条款
counterfeit	family	counterfeiting	counterfeiting	n. 伪造	counterfeiting | n. 伪造 | product counterfeiting | 产品造假
counterfeit	family	counterfeiter	counterfeiter	n. 造假者	counterfeiter | n. 造假者 | online counterfeiter | 网络造假者
counterfeit	family	counterfeited	counterfeited	adj. 被伪造的	counterfeited | adj. 被伪造的 | counterfeited medicine | 假药
counterfeit	kin	counter	counter	n./v. 反制；柜台	counter | n./v. 反制；柜台 | counter measure / ticket counter | 反制措施；售票柜台
counterfeit	kin	fit	fit	v./adj. 适合；健康的	fit | v./adj. 适合；健康的 | fit the evidence / physically fit | 符合证据；身体健康
counterfeit	kin	fake	fake	adj./n. 假的；赝品	fake | adj./n. 假的；赝品 | fake certificate / fake news | 假证书；假新闻
fraudulent	family	fraud	fraud	n. 欺诈	fraud | n. 欺诈 | credit card fraud | 信用卡欺诈
fraudulent	family	fraudulently	fraudulently	adv. 欺诈地	fraudulently | adv. 欺诈地 | act fraudulently | 欺诈行事
fraudulent	family	fraudster	fraudster	n. 骗子	fraudster | n. 骗子 | online fraudster | 网络骗子
fraudulent	kin	fraud	fraud	n. 欺诈	fraud | n. 欺诈 | financial fraud / academic fraud | 金融诈骗；学术造假
fraudulent	kin	fraudster	fraudster	n. 骗子	fraudster | n. 骗子 | online fraudster / professional fraudster | 网络骗子；职业骗子
fraudulent	kin	false	false	adj. 假的	false | adj. 假的 | false claim / false identity | 虚假说法；假身份
counterpart	family	counterparts	counterparts	n. 对应者复数	counterparts | n. 对应者复数 | foreign counterparts | 外国同行
counterpart	family	counterpart	counterpart	n. 对应者；对应物	counterpart | n. 对应者；对应物 | foreign counterpart | 外国对应机构/官员
counterpart	kin	counter	counter	n./v. 对应；反制	counter | n./v. 对应；反制 | counter example / counter pressure | 反例；反向压力
counterpart	kin	part	part	n. 部分；角色	part | n. 部分；角色 | part of society / play a part | 社会的一部分；发挥作用
counterpart	kin	partner	partner	n. 伙伴	partner | n. 伙伴 | trade partner / research partner | 贸易伙伴；研究伙伴
equivalent	family	equivalence	equivalence	n. 等同	equivalence | n. 等同 | legal equivalence | 法律等同
equivalent	family	equivalently	equivalently	adv. 等同地	equivalently | adv. 等同地 | treat equivalently | 等同对待
equivalent	family	equate	equate	v. 等同	equate | v. 等同 | equate wealth with success | 把财富等同于成功
equivalent	kin	equal	equal	adj./v. 相等的；等于	equal | adj./v. 相等的；等于 | equal opportunity / equal pressure | 平等机会；相等压力
equivalent	kin	equation	equation	n. 方程；等式	equation | n. 方程；等式 | linear equation / economic equation | 线性方程；经济等式
equivalent	kin	equator	equator	n. 赤道	equator | n. 赤道 | near the equator / equatorial region | 靠近赤道；赤道地区
credible	family	credibility	credibility	n. 可信度	credibility | n. 可信度 | media credibility | 媒体可信度
credible	family	credibly	credibly	adv. 可信地	credibly | adv. 可信地 | argue credibly | 可信地论证
credible	family	incredible	incredible	adj. 难以置信的	incredible | adj. 难以置信的 | incredible growth | 惊人增长
credible	kin	creed	creed	n. 信条	creed | n. 信条 | political creed / religious creed | 政治信条；宗教信条
credible	kin	credit	credit	n./v. 信用；归功于	credit | n./v. 信用；归功于 | credit score / credit success to effort | 信用评分；把成功归功于努力
credible	kin	credentials	credentials	n. 资历；证明	credentials | n. 资历；证明 | academic credentials / login credentials | 学术资历；登录凭证
plausible	family	plausibility	plausibility	n. 合理性	plausibility | n. 合理性 | plausibility of explanation | 解释的合理性
plausible	family	plausibly	plausibly	adv. 合理地	plausibly | adv. 合理地 | explain plausibly | 合理解释
plausible	family	implausible	implausible	adj. 不可信的	implausible | adj. 不可信的 | implausible claim | 不可信说法
plausible	kin	applause	applause	n. 掌声	applause | n. 掌声 | loud applause / receive applause | 热烈掌声；获得掌声
plausible	kin	clause	clause	n. 条款；从句	clause | n. 条款；从句 | contract clause / relative clause | 合同条款；关系从句
plausible	kin	pause	pause	n./v. 暂停	pause | n./v. 暂停 | short pause / pause a video | 短暂停顿；暂停视频
congested	family	congestion	congestion	n. 拥堵	congestion | n. 拥堵 | traffic congestion | 交通拥堵
congested	family	congest	congest	v. 使拥堵	congest | v. 使拥堵 | congest roads | 堵塞道路
congested	family	congestive	congestive	adj. 充血的；拥堵的	congestive | adj. 充血的；拥堵的 | congestive failure | 充血性衰竭
congested	kin	digest	digest	v./n. 消化；摘要	digest | v./n. 消化；摘要 | digest information / news digest | 消化信息；新闻摘要
congested	kin	gesture	gesture	n./v. 手势；表示	gesture | n./v. 手势；表示 | nonverbal gesture / gesture of support | 非语言手势；支持姿态
congested	kin	register	register	n./v. 登记；语域	register | n./v. 登记；语域 | formal register / register voters | 正式语域；登记选民
overcrowded	family	overcrowding	overcrowding	n. 过度拥挤	overcrowding | n. 过度拥挤 | urban overcrowding | 城市过度拥挤
overcrowded	family	crowded	crowded	adj. 拥挤的	crowded | adj. 拥挤的 | crowded classroom | 拥挤教室
overcrowded	family	crowd	crowd	n. 人群	crowd | n. 人群 | large crowd | 大量人群
overcrowded	kin	crowd	crowd	n./v. 人群；挤满	crowd | n./v. 人群；挤满 | large crowd / crowd into cities | 大量人群；涌入城市
overcrowded	kin	crowded	crowded	adj. 拥挤的	crowded | adj. 拥挤的 | crowded classroom / crowded subway | 拥挤教室；拥挤地铁
overcrowded	kin	crowdfunding	crowdfunding	n. 众筹	crowdfunding | n. 众筹 | online crowdfunding / crowdfunding campaign | 线上众筹；众筹活动
crucial	family	crucially	crucially	adv. 关键地	crucially | adv. 关键地 | crucially affect | 关键影响
crucial	family	cruciality	cruciality	n. 关键性	cruciality | n. 关键性 | cruciality of evidence | 证据关键性
crucial	kin	cross	cross	n./v. 十字；穿过	cross | n./v. 十字；穿过 | cross-cultural exchange / cross a border | 跨文化交流；穿越边境
crucial	kin	crux	crux	n. 关键；症结	crux | n. 关键；症结 | the crux of the problem / legal crux | 问题症结；法律关键
crucial	kin	crucifix	crucifix	n. 十字架	crucifix | n. 十字架 | wooden crucifix / religious crucifix | 木十字架；宗教十字架
pivotal	family	pivot	pivot	n. 枢轴；关键点	pivot | n. 枢轴；关键点 | policy pivot | 政策转向
pivotal	family	pivotally	pivotally	adv. 关键地	pivotally | adv. 关键地 | pivotally influence | 关键影响
pivotal	family	pivotality	pivotality	n. 关键性	pivotality | n. 关键性 | pivotality of reform | 改革关键性
pivotal	kin	pivot	pivot	n./v. 枢轴；转向	pivot | n./v. 枢轴；转向 | pivot point / pivot strategy | 支点；转向策略
pivotal	kin	vote	vote	n./v. 投票	vote | n./v. 投票 | cast a vote / vote for reform | 投票；投票支持改革
pivotal	kin	vital	vital	adj. 至关重要的	vital | adj. 至关重要的 | vital role / vital signs | 关键作用；生命体征
culminate	family	culmination	culmination	n. 顶点；高潮	culmination | n. 顶点；高潮 | culmination of efforts | 努力的顶点
culminate	family	culminating	culminating	adj. 达到顶点的	culminating | adj. 达到顶点的 | culminating event | 高潮事件
culminate	family	culminated	culminated	adj. 已达到顶点的	culminated | adj. 已达到顶点的 | culminated conflict | 达到顶点的冲突
culminate	kin	column	column	n. 柱；专栏	column | n. 柱；专栏 | newspaper column / stone column | 报纸专栏；石柱
culminate	kin	summit	summit	n. 顶峰；峰会	summit | n. 顶峰；峰会 | climate summit / mountain summit | 气候峰会；山顶
culminate	kin	climax	climax	n. 高潮；顶点	climax | n. 高潮；顶点 | dramatic climax / career climax | 戏剧高潮；事业顶点
peak	family	peaked	peaked	adj. 达到峰值的	peaked | adj. 达到峰值的 | peaked demand | 达峰需求
peak	family	peaking	peaking	n. 达峰	peaking | n. 达峰 | peaking of prices | 价格达峰
peak	kin	peek	peek	v./n. 偷看；一瞥	peek | v./n. 偷看；一瞥 | peek at notes / quick peek | 偷看笔记；快速一瞥
peak	kin	speak	speak	v. 说话	speak | v. 说话 | speak clearly / speak for workers | 清楚说话；为工人发声
peak	kin	peak season	peak season	n. 旺季	peak season | n. 旺季 | peak tourist season / peak demand season | 旅游旺季；需求旺季
cultivate	family	cultivation	cultivation	n. 培养；耕作	cultivation | n. 培养；耕作 | crop cultivation | 作物种植
cultivate	family	cultivated	cultivated	adj. 被培养的；有教养的	cultivated | adj. 被培养的；有教养的 | cultivated habit | 培养出的习惯
cultivate	family	cultivator	cultivator	n. 耕作者；培养者	cultivator | n. 耕作者；培养者 | rice cultivator | 水稻种植者
cultivate	kin	culture	culture	n. 文化；培养物	culture | n. 文化；培养物 | local culture / cell culture | 地方文化；细胞培养
cultivate	kin	agriculture	agriculture	n. 农业	agriculture | n. 农业 | sustainable agriculture / modern agriculture | 可持续农业；现代农业
cultivate	kin	cult	cult	n. 崇拜；小圈子	cult | n. 崇拜；小圈子 | personality cult / cult following | 个人崇拜；小众狂热粉丝
nurture	family	nurturing	nurturing	adj. 养育性的	nurturing | adj. 养育性的 | nurturing environment | 滋养环境
nurture	family	nurtured	nurtured	adj. 被培养的	nurtured | adj. 被培养的 | nurtured talent | 被培养的人才
nurture	family	nurturance	nurturance	n. 养育	nurturance | n. 养育 | parental nurturance | 父母养育
nurture	kin	nutrition	nutrition	n. 营养	nutrition | n. 营养 | child nutrition / nutrition policy | 儿童营养；营养政策
nurture	kin	nutrient	nutrient	n. 营养物	nutrient | n. 营养物 | soil nutrient / essential nutrient | 土壤养分；必需营养素
nurture	kin	nurse	nurse	n./v. 护士；护理	nurse | n./v. 护士；护理 | hospital nurse / nurse a wound | 医院护士；护理伤口
cumbersome	family	cumbersomeness	cumbersomeness	n. 笨重；繁琐	cumbersomeness | n. 笨重；繁琐 | cumbersomeness of procedure | 程序繁琐
cumbersome	family	cumbersomely	cumbersomely	adv. 笨重地	cumbersomely | adv. 笨重地 | move cumbersomely | 笨重移动
cumbersome	family	cumbered	cumbered	adj. 被拖累的	cumbered | adj. 被拖累的 | cumbered system | 被拖累的系统
cumbersome	kin	cumber	cumber	v. 妨碍；拖累	cumber | v. 妨碍；拖累 | cumber movement / cumber reform | 妨碍行动；拖累改革
cumbersome	kin	encumber	encumber	v. 阻碍；负担	encumber | v. 阻碍；负担 | encumber a system / encumber families with debt | 拖累系统；使家庭背债
cumbersome	kin	number	number	n./v. 数字；编号	number | n./v. 数字；编号 | student number / number the pages | 学号；给页码编号
unwieldy	family	wield	wield	v. 使用；掌握	wield | v. 使用；掌握 | wield power | 掌握权力
unwieldy	family	wieldy	wieldy	adj. 易操控的	wieldy | adj. 易操控的 | wieldy tool | 易操控工具
unwieldy	family	unwieldiness	unwieldiness	n. 笨重	unwieldiness | n. 笨重 | unwieldiness of system | 系统笨重
unwieldy	kin	wield	wield	v. 使用；行使	wield | v. 使用；行使 | wield power / wield influence | 行使权力；施加影响
unwieldy	kin	yield	yield	v./n. 产生；产量	yield | v./n. 产生；产量 | yield results / crop yield | 产生结果；作物产量
unwieldy	kin	shield	shield	n./v. 盾；保护	shield | n./v. 盾；保护 | legal shield / shield children | 法律保护；保护儿童
curtail	family	curtailment	curtailment	n. 削减；限制	curtailment | n. 削减；限制 | curtailment of spending | 支出削减
curtail	family	curtailed	curtailed	adj. 被削减的	curtailed | adj. 被削减的 | curtailed service | 被削减的服务
curtail	family	curtailing	curtailing	n. 削减	curtailing | n. 削减 | curtailing waste | 削减浪费
curtail	kin	tail	tail	n. 尾巴；末端	tail | n. 尾巴；末端 | long tail effect / aircraft tail | 长尾效应；飞机尾部
curtail	kin	entail	entail	v. 牵涉；需要	entail | v. 牵涉；需要 | entail high costs / entail responsibility | 需要高成本；牵涉责任
curtail	kin	retail	retail	n./v. 零售	retail | n./v. 零售 | retail price / retail business | 零售价；零售业务
restrain	family	restraint	restraint	n. 克制；限制	restraint | n. 克制；限制 | financial restraint | 财务克制
restrain	family	restrained	restrained	adj. 克制的	restrained | adj. 克制的 | restrained spending | 克制支出
restrain	family	restraining	restraining	adj. 限制性的	restraining | adj. 限制性的 | restraining order | 限制令
restrain	kin	strain	strain	n./v. 压力；拉伤	strain | n./v. 压力；拉伤 | mental strain / strain a muscle | 精神压力；拉伤肌肉
restrain	kin	constrain	constrain	v. 限制	constrain | v. 限制 | constrain choice / constrain growth | 限制选择；限制增长
restrain	kin	train	train	v./n. 训练；火车	train | v./n. 训练；火车 | train workers / high-speed train | 培训工人；高铁
debunk	family	debunking	debunking	n. 揭穿	debunking | n. 揭穿 | debunking myths | 揭穿迷思
debunk	family	debunked	debunked	adj. 被揭穿的	debunked | adj. 被揭穿的 | debunked claim | 被揭穿的说法
debunk	family	debunker	debunker	n. 揭穿者	debunker | n. 揭穿者 | myth debunker | 迷思揭穿者
debunk	kin	bunk	bunk	n. 床铺；废话	bunk | n. 床铺；废话 | bunk bed / talk bunk | 双层床；胡说八道
debunk	kin	bunker	bunker	n. 掩体	bunker | n. 掩体 | underground bunker / military bunker | 地下掩体；军事掩体
debunk	kin	junk	junk	n. 垃圾	junk | n. 垃圾 | junk food / junk data | 垃圾食品；垃圾数据
refute	family	refutation	refutation	n. 反驳	refutation | n. 反驳 | logical refutation | 逻辑反驳
refute	family	refuted	refuted	adj. 被反驳的	refuted | adj. 被反驳的 | refuted argument | 被反驳的论点
refute	family	refutable	refutable	adj. 可反驳的	refutable | adj. 可反驳的 | refutable claim | 可反驳说法
refute	kin	futile	futile	adj. 徒劳的	futile | adj. 徒劳的 | futile attempt / futile debate | 徒劳尝试；无意义辩论
refute	kin	confute	confute	v. 驳倒	confute | v. 驳倒 | confute an argument / confute false claims | 驳倒论点；驳倒虚假说法
refute	kin	rebut	rebut	v. 反驳	rebut | v. 反驳 | rebut criticism / rebut evidence | 反驳批评；反驳证据
deceit	family	deceive	deceive	v. 欺骗	deceive | v. 欺骗 | deceive consumers | 欺骗消费者
deceit	family	deceitful	deceitful	adj. 欺骗性的	deceitful | adj. 欺骗性的 | deceitful advertising | 欺骗性广告
deceit	family	deceitfully	deceitfully	adv. 欺骗地	deceitfully | adv. 欺骗地 | act deceitfully | 欺骗地行动
deceit	kin	deceive	deceive	v. 欺骗	deceive | v. 欺骗 | deceive consumers / deceive oneself | 欺骗消费者；自欺
deceit	kin	receive	receive	v. 接收；获得	receive | v. 接收；获得 | receive support / receive treatment | 获得支持；接受治疗
deceit	kin	perceive	perceive	v. 感知；认为	perceive | v. 感知；认为 | perceive risk / perceive unfairness | 感知风险；认为不公平
duplicity	family	duplicitous	duplicitous	adj. 欺骗性的	duplicitous | adj. 欺骗性的 | duplicitous behavior | 欺骗性行为
duplicity	family	duplicitously	duplicitously	adv. 欺骗地	duplicitously | adv. 欺骗地 | act duplicitously | 欺骗地行动
duplicity	family	duplicate	duplicate	v. 复制	duplicate | v. 复制 | duplicate records | 复制记录
duplicity	kin	duplicate	duplicate	v./adj. 复制；重复的	duplicate | v./adj. 复制；重复的 | duplicate files / duplicate effort | 复制文件；重复劳动
duplicity	kin	duplex	duplex	n./adj. 双层住宅；双工的	duplex | n./adj. 双层住宅；双工的 | duplex apartment / duplex printing | 复式公寓；双面打印
duplicity	kin	double	double	adj./v. 双倍；双重	double | adj./v. 双倍；双重 | double identity / double the cost | 双重身份；成本翻倍
deceitful	family	deceit	deceit	n. 欺骗	deceit | n. 欺骗 | deliberate deceit | 蓄意欺骗
deceitful	family	deceitfully	deceitfully	adv. 欺骗地	deceitfully | adv. 欺骗地 | act deceitfully | 欺骗地行动
deceitful	family	deceitfulness	deceitfulness	n. 欺骗性	deceitfulness | n. 欺骗性 | deceitfulness of advertising | 广告的欺骗性
deceitful	kin	deceive	deceive	v. 欺骗	deceive | v. 欺骗 | deceive voters / deceive the public | 欺骗选民；欺骗公众
deceitful	kin	receipt	receipt	n. 收据；收到	receipt | n. 收据；收到 | sales receipt / receipt of payment | 销售收据；收款
deceitful	kin	conceit	conceit	n. 自负；巧妙构思	conceit | n. 自负；巧妙构思 | intellectual conceit / literary conceit | 智识自负；文学巧思
treacherous	family	treachery	treachery	n. 背叛	treachery | n. 背叛 | political treachery | 政治背叛
treacherous	family	treacherously	treacherously	adv. 危险地；背叛地	treacherously | adv. 危险地；背叛地 | behave treacherously | 背叛地行动
treacherous	family	treacherousness	treacherousness	n. 危险性	treacherousness | n. 危险性 | treacherousness of route | 路线危险性
treacherous	kin	treason	treason	n. 叛国	treason | n. 叛国 | high treason / treason trial | 叛国罪；叛国审判
treacherous	kin	treaty	treaty	n. 条约	treaty | n. 条约 | peace treaty / trade treaty | 和平条约；贸易条约
treacherous	kin	teacher	teacher	n. 教师	teacher | n. 教师 | school teacher / language teacher | 学校教师；语言老师
deceptive	family	deception	deception	n. 欺骗	deception | n. 欺骗 | deliberate deception | 蓄意欺骗
deceptive	family	deceptively	deceptively	adv. 欺骗性地	deceptively | adv. 欺骗性地 | deceptively simple | 看似简单
deceptive	family	deceive	deceive	v. 欺骗	deceive | v. 欺骗 | deceive buyers | 欺骗买家
deceptive	kin	deceive	deceive	v. 欺骗	deceive | v. 欺骗 | deceive customers / deceive oneself | 欺骗顾客；自欺
deceptive	kin	perception	perception	n. 感知；看法	perception | n. 感知；看法 | public perception / risk perception | 公众认知；风险感知
deceptive	kin	reception	reception	n. 接待；接收	reception | n. 接待；接收 | warm reception / signal reception | 热烈接待；信号接收
misleading	family	mislead	mislead	v. 误导	mislead | v. 误导 | mislead patients | 误导患者
misleading	family	misled	misled	adj. 被误导的	misled | adj. 被误导的 | misled consumers | 被误导消费者
misleading	family	misleader	misleader	n. 误导者	misleader | n. 误导者 | online misleader | 网络误导者
misleading	kin	lead	lead	v./n. 引导；铅	lead | v./n. 引导；铅 | lead a team / lead exposure | 领导团队；铅暴露
misleading	kin	mislead	mislead	v. 误导	mislead | v. 误导 | mislead consumers / mislead voters | 误导消费者；误导选民
misleading	kin	leader	leader	n. 领导者	leader | n. 领导者 | political leader / team leader | 政治领导人；团队负责人
decline	family	decline	decline	n. 下降；衰退	decline | n. 下降；衰退 | population decline | 人口下降
decline	family	declining	declining	adj. 下降的	declining | adj. 下降的 | declining birthrate | 下降出生率
decline	family	declined	declined	adj. 被拒绝的	declined | adj. 被拒绝的 | declined offer | 被拒绝的提议
decline	kin	incline	incline	v./n. 倾向；斜坡	incline | v./n. 倾向；斜坡 | incline to agree / steep incline | 倾向同意；陡坡
decline	kin	recline	recline	v. 斜躺	recline | v. 斜躺 | recline on a chair / recline the seat | 斜躺在椅子上；放倒座椅
decline	kin	line	line	n./v. 线；排队	line | n./v. 线；排队 | poverty line / line the street | 贫困线；排列在街道两旁
refuse	family	refusal	refusal	n. 拒绝	refusal | n. 拒绝 | refusal of treatment | 拒绝治疗
refuse	family	refused	refused	adj. 被拒绝的	refused | adj. 被拒绝的 | refused request | 被拒绝请求
refuse	family	refusing	refusing	n. 拒绝	refusing | n. 拒绝 | refusing consent | 拒绝同意
refuse	kin	fuse	fuse	v./n. 熔合；保险丝	fuse | v./n. 熔合；保险丝 | fuse metal / electric fuse | 熔合金属；保险丝
refuse	kin	confuse	confuse	v. 使困惑	confuse | v. 使困惑 | confuse students / confuse cause and effect | 使学生困惑；混淆因果
refuse	kin	refuge	refuge	n. 避难所	refuge | n. 避难所 | wildlife refuge / seek refuge | 野生动物保护区；寻求庇护
decode	family	decoding	decoding	n. 解码	decoding | n. 解码 | decoding information | 解码信息
decode	family	decoded	decoded	adj. 被解码的	decoded | adj. 被解码的 | decoded message | 已解码信息
decode	family	decoder	decoder	n. 解码器	decoder | n. 解码器 | speech decoder | 语音解码器
decode	kin	code	code	n./v. 代码；编码	code | n./v. 代码；编码 | source code / code information | 源代码；编码信息
decode	kin	encode	encode	v. 编码	encode | v. 编码 | encode data / encode memory | 编码数据；编码记忆
decode	kin	codify	codify	v. 编纂；系统化	codify | v. 编纂；系统化 | codify laws / codify knowledge | 编纂法律；系统化知识
decipher	family	decipherment	decipherment	n. 破译	decipherment | n. 破译 | decipherment of code | 密码破译
decipher	family	decipherable	decipherable	adj. 可破译的	decipherable | adj. 可破译的 | decipherable handwriting | 可辨认笔迹
decipher	family	deciphered	deciphered	adj. 已破译的	deciphered | adj. 已破译的 | deciphered message | 已破译信息
decipher	kin	cipher	cipher	n. 密码；零	cipher | n. 密码；零 | secret cipher / cipher system | 秘密密码；密码系统
decipher	kin	encipher	encipher	v. 编码；加密	encipher | v. 编码；加密 | encipher messages / encipher data | 加密信息；加密数据
decipher	kin	figure	figure	n./v. 数字；理解	figure | n./v. 数字；理解 | figure out meaning / statistical figure | 弄懂意思；统计数字
deduce	family	deduction	deduction	n. 推断；扣除	deduction | n. 推断；扣除 | logical deduction | 逻辑推断
deduce	family	deduced	deduced	adj. 被推断的	deduced | adj. 被推断的 | deduced conclusion | 推断出的结论
deduce	family	deductive	deductive	adj. 演绎的	deductive | adj. 演绎的 | deductive reasoning | 演绎推理
deduce	kin	conduct	conduct	v. 实施；传导	conduct | v. 实施；传导 | conduct research / conduct electricity | 开展研究；导电
deduce	kin	induce	induce	v. 诱导；导致	induce | v. 诱导；导致 | induce sleep / induce economic change | 诱导睡眠；引发经济变化
deduce	kin	duct	duct	n. 管道	duct | n. 管道 | air duct / tear duct | 通风管道；泪管
infer	family	inference	inference	n. 推断	inference | n. 推断 | logical inference | 逻辑推断
infer	family	inferential	inferential	adj. 推论的	inferential | adj. 推论的 | inferential reasoning | 推论推理
infer	family	inferred	inferred	adj. 被推断的	inferred | adj. 被推断的 | inferred meaning | 推断含义
infer	kin	transfer	transfer	v. 转移；转让	transfer | v. 转移；转让 | transfer data / transfer ownership | 转移数据；转让所有权
infer	kin	refer	refer	v. 指称；参考	refer | v. 指称；参考 | refer to evidence / refer patients to specialists | 参考证据；转诊病人
infer	kin	ferry	ferry	n./v. 渡船；运送	ferry | n./v. 渡船；运送 | passenger ferry / ferry supplies | 客运渡船；运送物资
deem	family	deemed	deemed	adj. 被认为的	deemed | adj. 被认为的 | deemed necessary | 被认为必要的
deem	family	deeming	deeming	n. 认定	deeming | n. 认定 | deeming provision | 认定条款
deem	family	deemable	deemable	adj. 可认定的	deemable | adj. 可认定的 | deemable risk | 可认定风险
deem	kin	redeem	redeem	v. 赎回；弥补	redeem | v. 赎回；弥补 | redeem coupons / redeem a mistake | 兑换优惠券；弥补错误
deem	kin	esteem	esteem	n./v. 尊重；敬重	esteem | n./v. 尊重；敬重 | self-esteem / hold teachers in high esteem | 自尊；高度尊敬教师
deem	kin	seem	seem	v. 似乎	seem | v. 似乎 | seem reasonable / seem impossible | 似乎合理；似乎不可能
regard	family	regard	regard	n. 关注；尊重	regard | n. 关注；尊重 | high regard | 高度尊重
regard	family	regarding	regarding	prep. 关于	regarding | prep. 关于 | regarding public health | 关于公共健康
regard	family	regarded	regarded	adj. 被认为的	regarded | adj. 被认为的 | highly regarded expert | 备受尊敬专家
regard	kin	guard	guard	n./v. 守卫；保护	guard | n./v. 守卫；保护 | security guard / guard privacy | 保安；保护隐私
regard	kin	guardian	guardian	n. 监护人；守护者	guardian | n. 监护人；守护者 | legal guardian / guardian of tradition | 法定监护人；传统守护者
regard	kin	garden	garden	n. 花园	garden | n. 花园 | public garden / garden design | 公共花园；花园设计
deficiency	family	deficient	deficient	adj. 缺乏的	deficient | adj. 缺乏的 | deficient nutrition | 营养不足
deficiency	family	deficiently	deficiently	adv. 不足地	deficiently | adv. 不足地 | function deficiently | 功能不足
deficiency	kin	deficit	deficit	n. 赤字；不足	deficit | n. 赤字；不足 | budget deficit / attention deficit | 预算赤字；注意力缺陷
deficiency	kin	efficient	efficient	adj. 高效的	efficient | adj. 高效的 | efficient transport / efficient learning | 高效交通；高效学习
deficiency	kin	suffice	suffice	v. 足够	suffice | v. 足够 | evidence suffices / suffice for basic needs | 证据足够；足够满足基本需求
insufficiency	family	insufficient	insufficient	adj. 不足的	insufficient | adj. 不足的 | insufficient evidence | 证据不足
insufficiency	family	insufficiently	insufficiently	adv. 不充分地	insufficiently | adv. 不充分地 | insufficiently funded | 资金不足
insufficiency	family	sufficiency	sufficiency	n. 充分	sufficiency | n. 充分 | data sufficiency | 数据充分性
insufficiency	kin	suffice	suffice	v. 足够	suffice | v. 足够 | evidence suffices / suffice for basic needs | 证据足够；足以满足基本需求
insufficiency	kin	efficient	efficient	adj. 高效的	efficient | adj. 高效的 | efficient transport / efficient learning | 高效交通；高效学习
insufficiency	kin	deficiency	deficiency	n. 不足；缺乏	deficiency | n. 不足；缺乏 | nutrient deficiency / legal deficiency | 营养缺乏；法律不足
definitive	family	definition	definition	n. 定义	definition | n. 定义 | clear definition | 清晰定义
definitive	family	definitively	definitively	adv. 最终地	definitively | adv. 最终地 | prove definitively | 最终证明
definitive	family	defined	defined	adj. 被定义的	defined | adj. 被定义的 | defined standard | 明确标准
definitive	kin	define	define	v. 定义；限定	define | v. 定义；限定 | define a concept / define boundaries | 定义概念；划定边界
definitive	kin	final	final	adj. 最终的	final | adj. 最终的 | final decision / final exam | 最终决定；期末考试
definitive	kin	infinite	infinite	adj. 无限的	infinite | adj. 无限的 | infinite possibilities / infinite series | 无限可能；无穷级数
decisive	family	decision	decision	n. 决定	decision | n. 决定 | policy decision | 政策决定
decisive	family	decisively	decisively	adv. 果断地	decisively | adv. 果断地 | act decisively | 果断行动
decisive	family	decisiveness	decisiveness	n. 果断	decisiveness | n. 果断 | decisiveness in crisis | 危机中的果断
decisive	kin	decide	decide	v. 决定	decide | v. 决定 | decide policy / decide a case | 决定政策；裁决案件
decisive	kin	decision	decision	n. 决定	decision | n. 决定 | policy decision / court decision | 政策决定；法院判决
decisive	kin	incision	incision	n. 切口	incision | n. 切口 | surgical incision / small incision | 手术切口；小切口
degrade	family	degradation	degradation	n. 退化；损害	degradation | n. 退化；损害 | environmental degradation | 环境退化
degrade	family	degraded	degraded	adj. 被降低的	degraded | adj. 被降低的 | degraded soil | 退化土壤
degrade	family	degrading	degrading	adj. 有辱人格的；退化的	degrading | adj. 有辱人格的；退化的 | degrading treatment | 有辱人格的待遇
degrade	kin	grade	grade	n./v. 等级；评分	grade | n./v. 等级；评分 | grade essays / income grade | 给作文评分；收入等级
degrade	kin	gradual	gradual	adj. 逐渐的	gradual | adj. 逐渐的 | gradual decline / gradual reform | 逐渐下降；渐进改革
degrade	kin	upgrade	upgrade	v./n. 升级	upgrade | v./n. 升级 | upgrade infrastructure / software upgrade | 升级基础设施；软件升级
deteriorate	family	deterioration	deterioration	n. 恶化	deterioration | n. 恶化 | environmental deterioration | 环境恶化
deteriorate	family	deteriorated	deteriorated	adj. 恶化的	deteriorated | adj. 恶化的 | deteriorated health | 恶化健康
deteriorate	family	deteriorating	deteriorating	adj. 正在恶化的	deteriorating | adj. 正在恶化的 | deteriorating conditions | 恶化条件
deteriorate	kin	interior	interior	n./adj. 内部；内部的	interior | n./adj. 内部；内部的 | building interior / interior design | 建筑内部；室内设计
deteriorate	kin	exterior	exterior	n./adj. 外部；外部的	exterior | n./adj. 外部；外部的 | building exterior / exterior wall | 建筑外部；外墙
deteriorate	kin	territory	territory	n. 领土；领域	territory | n. 领土；领域 | urban territory / territory dispute | 城市空间；领土争端
delineate	family	delineation	delineation	n. 描绘；划定	delineation | n. 描绘；划定 | delineation of boundaries | 边界划定
delineate	family	delineated	delineated	adj. 被划定的	delineated | adj. 被划定的 | delineated area | 被划定区域
delineate	family	delineative	delineative	adj. 描绘性的	delineative | adj. 描绘性的 | delineative map | 描绘性地图
delineate	kin	line	line	n./v. 线；划线	line | n./v. 线；划线 | draw a line / poverty line | 画线；贫困线
delineate	kin	linear	linear	adj. 线性的	linear | adj. 线性的 | linear growth / linear narrative | 线性增长；线性叙事
delineate	kin	outline	outline	n./v. 轮廓；概述	outline | n./v. 轮廓；概述 | outline a plan / clear outline | 概述计划；清晰轮廓
depict	family	depiction	depiction	n. 描绘	depiction | n. 描绘 | realistic depiction | 现实描绘
depict	family	depicted	depicted	adj. 被描绘的	depicted | adj. 被描绘的 | depicted scene | 被描绘场景
depict	family	depictive	depictive	adj. 描绘性的	depictive | adj. 描绘性的 | depictive detail | 描绘性细节
depict	kin	picture	picture	n./v. 图像；描绘	picture | n./v. 图像；描绘 | picture social reality / mental picture | 描绘社会现实；心理图像
depict	kin	pigment	pigment	n. 颜料；色素	pigment | n. 颜料；色素 | natural pigment / skin pigment | 天然颜料；皮肤色素
depict	kin	pictograph	pictograph	n. 象形文字	pictograph | n. 象形文字 | ancient pictograph / pictograph system | 古代象形文字；象形文字系统
demonstrate	family	demonstration	demonstration	n. 证明；示范；示威	demonstration | n. 证明；示范；示威 | public demonstration | 公众示威
demonstrate	family	demonstrated	demonstrated	adj. 被证明的	demonstrated | adj. 被证明的 | demonstrated effect | 被证明的效果
demonstrate	family	demonstrative	demonstrative	adj. 示范的；外露的	demonstrative | adj. 示范的；外露的 | demonstrative example | 示范例子
demonstrate	kin	monster	monster	n. 怪物	monster | n. 怪物 | fictional monster / economic monster | 虚构怪物；经济怪物
demonstrate	kin	muster	muster	v. 集合；鼓起	muster | v. 集合；鼓起 | muster support / muster courage | 争取支持；鼓起勇气
demonstrate	kin	remonstrate	remonstrate	v. 抗议；劝诫	remonstrate | v. 抗议；劝诫 | remonstrate against injustice / remonstrate with officials | 抗议不公；规劝官员
manifest	family	manifestation	manifestation	n. 表现	manifestation | n. 表现 | manifestation of inequality | 不平等表现
manifest	family	manifestly	manifestly	adv. 明显地	manifestly | adv. 明显地 | manifestly unfair | 明显不公平
manifest	family	manifested	manifested	adj. 显现的	manifested | adj. 显现的 | manifested tension | 显现的紧张
manifest	kin	hand	hand	n. 手；人手	hand | n. 手；人手 | manual work / second-hand evidence | 手工劳动；二手证据
manifest	kin	manuscript	manuscript	n. 手稿	manuscript | n. 手稿 | ancient manuscript / submit a manuscript | 古代手稿；提交手稿
manifest	kin	manual	manual	adj./n. 手工的；手册	manual | adj./n. 手工的；手册 | manual labor / instruction manual | 体力劳动；说明书
denote	family	denotation	denotation	n. 指称；本义	denotation | n. 指称；本义 | word denotation | 单词本义
denote	family	denoted	denoted	adj. 被表示的	denoted | adj. 被表示的 | denoted meaning | 被表示含义
denote	family	denotative	denotative	adj. 指称的	denotative | adj. 指称的 | denotative meaning | 指称意义
denote	kin	note	note	n./v. 笔记；指出	note | n./v. 笔记；指出 | research note / note a difference | 研究笔记；指出差异
denote	kin	notation	notation	n. 符号；记号法	notation | n. 符号；记号法 | mathematical notation / musical notation | 数学符号；乐谱记号
denote	kin	annotate	annotate	v. 注释	annotate | v. 注释 | annotate a text / annotate data | 注释文本；标注数据
signify	family	significance	significance	n. 重要性；意义	significance | n. 重要性；意义 | social significance | 社会意义
signify	family	significant	significant	adj. 重要的	significant | adj. 重要的 | significant change | 重大变化
signify	family	signified	signified	adj. 被表示的	signified | adj. 被表示的 | signified meaning | 被表示含义
signify	kin	sign	sign	n./v. 标志；签署	sign | n./v. 标志；签署 | warning sign / sign an agreement | 警告标志；签协议
signify	kin	signal	signal	n./v. 信号；表明	signal | n./v. 信号；表明 | signal strength / signal intention | 信号强度；表明意图
signify	kin	significance	significance	n. 重要性；意义	significance | n. 重要性；意义 | cultural significance / statistical significance | 文化意义；统计显著性
deplete	family	depletion	depletion	n. 耗尽	depletion | n. 耗尽 | resource depletion | 资源耗尽
deplete	family	depleted	depleted	adj. 被耗尽的	depleted | adj. 被耗尽的 | depleted soil | 贫瘠土壤
deplete	family	depleting	depleting	adj. 消耗性的	depleting | adj. 消耗性的 | depleting activity | 消耗性活动
deplete	kin	complete	complete	v./adj. 完成；完整的	complete | v./adj. 完成；完整的 | complete a project / complete data | 完成项目；完整数据
deplete	kin	plenty	plenty	n./pron. 大量	plenty | n./pron. 大量 | plenty of evidence / plenty of time | 大量证据；大量时间
deplete	kin	replenish	replenish	v. 补充	replenish | v. 补充 | replenish water supplies / replenish nutrients | 补充供水；补充营养
exhaust	family	exhaustion	exhaustion	n. 耗尽；疲惫	exhaustion | n. 耗尽；疲惫 | worker exhaustion | 工人疲惫
exhaust	family	exhausted	exhausted	adj. 筋疲力尽的	exhausted | adj. 筋疲力尽的 | exhausted nurse | 疲惫护士
exhaust	family	exhaustive	exhaustive	adj. 详尽的	exhaustive | adj. 详尽的 | exhaustive research | 详尽研究
exhaust	kin	haust	haust	root 抽；吸	haust | root 抽；吸 | exhaust air / haustorium structure | 排出空气；吸器结构
exhaust	kin	inhale	inhale	v. 吸入	inhale | v. 吸入 | inhale smoke / inhale deeply | 吸入烟雾；深吸气
exhaust	kin	exhale	exhale	v. 呼出	exhale | v. 呼出 | exhale slowly / exhale carbon dioxide | 慢慢呼气；呼出二氧化碳
derive	family	derivation	derivation	n. 来源；派生	derivation | n. 来源；派生 | word derivation | 单词派生
derive	family	derived	derived	adj. 派生的；获得的	derived | adj. 派生的；获得的 | derived data | 派生数据
derive	family	derivative	derivative	n. 衍生物	derivative | n. 衍生物 | financial derivative | 金融衍生品
derive	kin	drive	drive	v./n. 驾驶；推动力	drive | v./n. 驾驶；推动力 | drive innovation / drive a car | 推动创新；开车
derive	kin	river	river	n. 河流	river | n. 河流 | river basin / river pollution | 流域；河流污染
derive	kin	drift	drift	v./n. 漂移；趋势	drift | v./n. 漂移；趋势 | iceberg drift / policy drift | 冰山漂移；政策漂移
detach	family	detachment	detachment	n. 分离；超然	detachment | n. 分离；超然 | emotional detachment | 情感抽离
detach	family	detached	detached	adj. 分离的；独立的	detached | adj. 分离的；独立的 | detached house | 独栋住宅
detach	family	detachable	detachable	adj. 可拆卸的	detachable | adj. 可拆卸的 | detachable part | 可拆卸部件
detach	kin	attach	attach	v. 附上；依附	attach | v. 附上；依附 | attach documents / attach importance to education | 附上文件；重视教育
detach	kin	tack	tack	n./v. 大头钉；改变方向	tack | n./v. 大头钉；改变方向 | map tack / change tack | 地图钉；改变策略
detach	kin	touch	touch	v./n. 触碰；联系	touch | v./n. 触碰；联系 | touch a screen / human touch | 触摸屏幕；人情味
separate	family	separation	separation	n. 分离	separation | n. 分离 | waste separation | 垃圾分类
separate	family	separated	separated	adj. 分开的	separated | adj. 分开的 | separated lanes | 分隔车道
separate	family	separately	separately	adv. 分开地	separately | adv. 分开地 | treat separately | 分开处理
separate	kin	prepare	prepare	v. 准备	prepare | v. 准备 | prepare materials / prepare for exams | 准备材料；备考
separate	kin	repair	repair	v./n. 修理	repair | v./n. 修理 | repair roads / repair damage | 修路；修复损害
separate	kin	apparatus	apparatus	n. 装置；机构	apparatus | n. 装置；机构 | laboratory apparatus / state apparatus | 实验装置；国家机器
deterrent	family	deter	deter	v. 阻止	deter | v. 阻止 | deter crime | 阻止犯罪
deterrent	family	deterrence	deterrence	n. 威慑	deterrence | n. 威慑 | nuclear deterrence | 核威慑
deterrent	family	deterring	deterring	adj. 威慑的	deterring | adj. 威慑的 | deterring effect | 威慑效果
deterrent	kin	terror	terror	n. 恐怖	terror | n. 恐怖 | terror attack / public terror | 恐怖袭击；公众恐慌
deterrent	kin	deter	deter	v. 威慑；阻止	deter | v. 威慑；阻止 | deter crime / deter investment | 震慑犯罪；阻碍投资
deterrent	kin	territory	territory	n. 领土；领域	territory | n. 领土；领域 | territorial dispute / research territory | 领土争端；研究领域
disincentive	family	incentive	incentive	n. 激励	incentive | n. 激励 | financial incentive | 经济激励
disincentive	family	disincentivize	disincentivize	v. 抑制	disincentivize | v. 抑制 | disincentivize waste | 抑制浪费
disincentive	family	disincentivized	disincentivized	adj. 被抑制的	disincentivized | adj. 被抑制的 | disincentivized behavior | 被抑制行为
disincentive	kin	incentive	incentive	n. 激励	incentive | n. 激励 | financial incentive / learning incentive | 经济激励；学习动机
disincentive	kin	incite	incite	v. 煽动；激起	incite | v. 煽动；激起 | incite violence / incite anger | 煽动暴力；激起愤怒
disincentive	kin	excite	excite	v. 使兴奋；激发	excite | v. 使兴奋；激发 | excite curiosity / excite investors | 激发好奇心；刺激投资者
detest	family	detestation	detestation	n. 厌恶	detestation | n. 厌恶 | public detestation | 公众厌恶
detest	family	detested	detested	adj. 被厌恶的	detested | adj. 被厌恶的 | detested practice | 被厌恶的做法
detest	family	detestable	detestable	adj. 令人厌恶的	detestable | adj. 令人厌恶的 | detestable behavior | 令人厌恶的行为
detest	kin	test	test	n./v. 测试	test | n./v. 测试 | language test / test a theory | 语言测试；检验理论
detest	kin	protest	protest	n./v. 抗议	protest | n./v. 抗议 | public protest / protest against injustice | 公众抗议；抗议不公
detest	kin	testify	testify	v. 作证；证明	testify | v. 作证；证明 | testify in court / testify to change | 出庭作证；证明变化
loathe	family	loathing	loathing	n. 厌恶	loathing | n. 厌恶 | deep loathing | 深深厌恶
loathe	family	loathed	loathed	adj. 被厌恶的	loathed | adj. 被厌恶的 | loathed policy | 被厌恶的政策
loathe	family	loathsome	loathsome	adj. 令人厌恶的	loathsome | adj. 令人厌恶的 | loathsome practice | 令人厌恶的做法
loathe	kin	oath	oath	n. 誓言	oath | n. 誓言 | legal oath / oath of office | 法律宣誓；就职誓言
loathe	kin	loathsome	loathsome	adj. 令人厌恶的	loathsome | adj. 令人厌恶的 | loathsome behavior / loathsome smell | 令人厌恶的行为；恶心气味
loathe	kin	clothing	clothing	n. 衣物	clothing | n. 衣物 | protective clothing / winter clothing | 防护服；冬装
detrimental	family	detriment	detriment	n. 损害	detriment | n. 损害 | detriment to health | 对健康的损害
detrimental	family	detrimentally	detrimentally	adv. 有害地	detrimentally | adv. 有害地 | affect detrimentally | 有害地影响
detrimental	family	detrimentalness	detrimentalness	n. 有害性	detrimentalness | n. 有害性 | detrimentalness of pollution | 污染有害性
detrimental	kin	dent	dent	n./v. 凹痕；削弱	dent | n./v. 凹痕；削弱 | dent public confidence / car dent | 削弱公众信心；车身凹痕
detrimental	kin	dental	dental	adj. 牙科的	dental | adj. 牙科的 | dental care / dental clinic | 牙科护理；牙科诊所
detrimental	kin	mental	mental	adj. 精神的；心理的	mental | adj. 精神的；心理的 | mental health / mental effort | 心理健康；脑力努力
harmful	family	harm	harm	n. 伤害	harm | n. 伤害 | serious harm | 严重伤害
harmful	family	harmless	harmless	adj. 无害的	harmless | adj. 无害的 | harmless habit | 无害习惯
harmful	family	harmfully	harmfully	adv. 有害地	harmfully | adv. 有害地 | act harmfully | 有害地行动
harmful	kin	harm	harm	n./v. 伤害	harm | n./v. 伤害 | harm public health / do harm | 损害公共健康；造成伤害
harmful	kin	harmony	harmony	n. 和谐	harmony | n. 和谐 | social harmony / musical harmony | 社会和谐；音乐和声
harmful	kin	hazard	hazard	n. 危险	hazard | n. 危险 | health hazard / occupational hazard | 健康危害；职业风险
different	family	difference	difference	n. 差异	difference | n. 差异 | income difference | 收入差异
different	family	differ	differ	v. 不同	differ | v. 不同 | opinions differ | 观点不同
different	family	differently	differently	adv. 不同地	differently | adv. 不同地 | respond differently | 不同地回应
different	kin	differ	differ	v. 不同；有分歧	differ | v. 不同；有分歧 | opinions differ / differ from others | 观点不同；与他人不同
different	kin	ferry	ferry	n./v. 渡船；运送	ferry | n./v. 渡船；运送 | passenger ferry / ferry supplies | 客运渡船；运送物资
different	kin	defer	defer	v. 推迟；服从	defer | v. 推迟；服从 | defer a decision / defer to experts | 推迟决定；听从专家
divergent	family	diverge	diverge	v. 分歧；偏离	diverge | v. 分歧；偏离 | opinions diverge | 观点分歧
divergent	family	divergence	divergence	n. 分歧	divergence | n. 分歧 | policy divergence | 政策分歧
divergent	family	divergently	divergently	adv. 分歧地	divergently | adv. 分歧地 | develop divergently | 分化发展
divergent	kin	converge	converge	v. 汇聚	converge | v. 汇聚 | views converge / rivers converge | 观点趋同；河流汇合
divergent	kin	verge	verge	n. 边缘	verge | n. 边缘 | on the verge of collapse / road verge | 濒临崩溃；路边
divergent	kin	diverge	diverge	v. 分叉；偏离	diverge | v. 分叉；偏离 | opinions diverge / paths diverge | 意见分歧；道路分叉
dilemma	family	dilemmatic	dilemmatic	adj. 两难的	dilemmatic | adj. 两难的 | dilemmatic choice | 两难选择
dilemma	family	dilemmas	dilemmas	n. 困境复数	dilemmas | n. 困境复数 | ethical dilemmas | 伦理困境
dilemma	kin	lemma	lemma	n. 引理；词条	lemma | n. 引理；词条 | mathematical lemma / dictionary lemma | 数学引理；词典词目
dilemma	kin	dilemma horn	dilemma horn	n. 两难之角	dilemma horn | n. 两难之角 | horns of a dilemma / escape the dilemma horn | 两难处境；摆脱两难之角
quandary	family	quandaries	quandaries	n. 困境复数	quandaries | n. 困境复数 | moral quandaries | 道德困境
quandary	kin	quantify	quantify	v. 量化	quantify | v. 量化 | quantify risk / quantify benefits | 量化风险；量化收益
quandary	kin	quantity	quantity	n. 数量	quantity | n. 数量 | large quantity / quantity demanded | 大量；需求量
quandary	kin	quadrant	quadrant	n. 象限；四分之一圆	quadrant | n. 象限；四分之一圆 | upper quadrant / city quadrant | 上象限；城市象限
discern	family	discernment	discernment	n. 辨别力	discernment | n. 辨别力 | moral discernment | 道德判断力
discern	family	discernible	discernible	adj. 可辨别的	discernible | adj. 可辨别的 | discernible pattern | 可辨别模式
discern	family	discerned	discerned	adj. 被识别的	discerned | adj. 被识别的 | discerned difference | 被识别出的差异
discern	kin	concern	concern	n./v. 担忧；涉及	concern | n./v. 担忧；涉及 | public concern / concern local residents | 公众担忧；涉及当地居民
discern	kin	certain	certain	adj. 确定的；某些	certain | adj. 确定的；某些 | certain evidence / certain groups | 确定证据；某些群体
discern	kin	screen	screen	n./v. 屏幕；筛查	screen | n./v. 屏幕；筛查 | phone screen / screen patients | 手机屏幕；筛查病人
perceive	family	perception	perception	n. 感知；看法	perception | n. 感知；看法 | public perception | 公众看法
perceive	family	perceived	perceived	adj. 被感知的	perceived | adj. 被感知的 | perceived risk | 感知风险
perceive	family	perceptive	perceptive	adj. 敏锐的	perceptive | adj. 敏锐的 | perceptive observer | 敏锐观察者
perceive	kin	receive	receive	v. 接收；接受	receive | v. 接收；接受 | receive support / receive treatment | 获得支持；接受治疗
perceive	kin	deceive	deceive	v. 欺骗	deceive | v. 欺骗 | deceive consumers / deceive oneself | 欺骗消费者；自欺
perceive	kin	conceive	conceive	v. 构想；怀孕	conceive | v. 构想；怀孕 | conceive a plan / conceive a child | 构想计划；怀孕
disclose	family	disclosure	disclosure	n. 披露	disclosure | n. 披露 | financial disclosure | 财务披露
disclose	family	disclosed	disclosed	adj. 被披露的	disclosed | adj. 被披露的 | disclosed information | 已披露信息
disclose	family	disclosing	disclosing	n. 披露	disclosing | n. 披露 | disclosing risks | 披露风险
disclose	kin	close	close	v./adj. 关闭；亲近的	close | v./adj. 关闭；亲近的 | close a loophole / close relationship | 堵住漏洞；亲近关系
disclose	kin	enclose	enclose	v. 围住；随信附上	enclose | v. 围住；随信附上 | enclose documents / enclose a garden | 附上文件；围住花园
disclose	kin	closure	closure	n. 关闭；了结	closure | n. 关闭；了结 | school closure / emotional closure | 学校关闭；情感了结
reveal	family	revelation	revelation	n. 揭示；透露	revelation | n. 揭示；透露 | shocking revelation | 震惊揭露
reveal	family	revealed	revealed	adj. 被揭示的	revealed | adj. 被揭示的 | revealed pattern | 被揭示模式
reveal	family	revealing	revealing	adj. 发人深省的	revealing | adj. 发人深省的 | revealing data | 揭示性数据
reveal	kin	veil	veil	n./v. 面纱；遮盖	veil | n./v. 面纱；遮盖 | political veil / veil the truth | 政治遮掩；掩盖真相
reveal	kin	revelation	revelation	n. 揭示；启示	revelation | n. 揭示；启示 | shocking revelation / religious revelation | 惊人揭露；宗教启示
reveal	kin	unveil	unveil	v. 揭开；公布	unveil | v. 揭开；公布 | unveil a plan / unveil a statue | 公布计划；揭幕雕像
discrepancy	family	discrepant	discrepant	adj. 不一致的	discrepant | adj. 不一致的 | discrepant data | 不一致数据
discrepancy	family	discrepantly	discrepantly	adv. 不一致地	discrepantly | adv. 不一致地 | report discrepantly | 不一致地报告
discrepancy	family	discrepancies	discrepancies	n. 差异复数	discrepancies | n. 差异复数 | data discrepancies | 数据差异
discrepancy	kin	creep	creep	v./n. 爬行；悄然出现	creep | v./n. 爬行；悄然出现 | costs creep upward / data creep | 成本悄然上升；数据蠕变
discrepancy	kin	script	script	n. 文字；脚本	script | n. 文字；脚本 | ancient script / film script | 古文字；电影剧本
discrepancy	kin	describe	describe	v. 描述	describe | v. 描述 | describe a trend / describe a process | 描述趋势；描述过程
inconsistency	family	inconsistent	inconsistent	adj. 不一致的	inconsistent | adj. 不一致的 | inconsistent evidence | 不一致证据
inconsistency	family	consistency	consistency	n. 一致性	consistency | n. 一致性 | policy consistency | 政策一致性
inconsistency	family	inconsistently	inconsistently	adv. 不一致地	inconsistently | adv. 不一致地 | apply inconsistently | 不一致地执行
inconsistency	kin	consist	consist	v. 由……组成；在于	consist | v. 由……组成；在于 | consist of three parts / success consists in effort | 由三部分组成；成功在于努力
inconsistency	kin	persist	persist	v. 持续；坚持	persist | v. 持续；坚持 | problems persist / persist in learning | 问题持续存在；坚持学习
inconsistency	kin	resist	resist	v. 抵抗；抵制	resist | v. 抵抗；抵制 | resist pressure / resist infection | 抵抗压力；抵抗感染
discriminate	family	discrimination	discrimination	n. 歧视；区分	discrimination | n. 歧视；区分 | gender discrimination | 性别歧视
discriminate	family	discriminatory	discriminatory	adj. 歧视性的	discriminatory | adj. 歧视性的 | discriminatory policy | 歧视性政策
discriminate	family	discriminating	discriminating	adj. 有辨别力的	discriminating | adj. 有辨别力的 | discriminating reader | 有辨别力的读者
discriminate	kin	crime	crime	n. 犯罪	crime | n. 犯罪 | violent crime / crime rate | 暴力犯罪；犯罪率
discriminate	kin	criminal	criminal	adj./n. 犯罪的；罪犯	criminal | adj./n. 犯罪的；罪犯 | criminal law / criminal record | 刑法；犯罪记录
discriminate	kin	criterion	criterion	n. 标准	criterion | n. 标准 | selection criterion / legal criterion | 选择标准；法律标准
distinguish	family	distinction	distinction	n. 区别；荣誉	distinction | n. 区别；荣誉 | clear distinction | 清晰区别
distinguish	family	distinguished	distinguished	adj. 杰出的	distinguished | adj. 杰出的 | distinguished scholar | 杰出学者
distinguish	family	distinguishable	distinguishable	adj. 可区分的	distinguishable | adj. 可区分的 | distinguishable feature | 可区分特征
distinguish	kin	sting	sting	n./v. 刺痛；叮咬	sting | n./v. 刺痛；叮咬 | bee sting / sting the eyes | 蜜蜂蜇伤；刺痛眼睛
distinguish	kin	extinguish	extinguish	v. 熄灭；消除	extinguish | v. 熄灭；消除 | extinguish fire / extinguish hope | 灭火；扑灭希望
distinguish	kin	instinct	instinct	n. 本能	instinct | n. 本能 | survival instinct / parental instinct | 生存本能；父母本能
disorderly	family	disorder	disorder	n. 混乱；疾病	disorder | n. 混乱；疾病 | social disorder | 社会混乱
disorderly	family	disordered	disordered	adj. 混乱的	disordered | adj. 混乱的 | disordered system | 混乱系统
disorderly	family	disorderliness	disorderliness	n. 混乱	disorderliness | n. 混乱 | disorderliness of streets | 街道混乱
disorderly	kin	order	order	n./v. 秩序；命令	order | n./v. 秩序；命令 | social order / order supplies | 社会秩序；订购物资
disorderly	kin	ordinary	ordinary	adj. 普通的	ordinary | adj. 普通的 | ordinary people / ordinary language | 普通人；日常语言
disorderly	kin	subordinate	subordinate	adj./n. 下级的；下属	subordinate | adj./n. 下级的；下属 | subordinate clause / subordinate employee | 从句；下属员工
chaotic	family	chaos	chaos	n. 混乱	chaos | n. 混乱 | traffic chaos | 交通混乱
chaotic	family	chaotically	chaotically	adv. 混乱地	chaotically | adv. 混乱地 | develop chaotically | 混乱发展
chaotic	family	chaoticness	chaoticness	n. 混乱性	chaoticness | n. 混乱性 | chaoticness of system | 系统混乱性
chaotic	kin	chaos	chaos	n. 混乱	chaos | n. 混乱 | political chaos / traffic chaos | 政治混乱；交通混乱
chaotic	kin	chaos theory	chaos theory	n. 混沌理论	chaos theory | n. 混沌理论 | chaos theory model / apply chaos theory | 混沌理论模型；应用混沌理论
chaotic	kin	chasm	chasm	n. 裂隙；巨大分歧	chasm | n. 裂隙；巨大分歧 | a social chasm / a chasm between groups | 社会鸿沟；群体间鸿沟
disperse	family	dispersion	dispersion	n. 分散	dispersion | n. 分散 | population dispersion | 人口分散
disperse	family	dispersed	dispersed	adj. 分散的	dispersed | adj. 分散的 | dispersed population | 分散人口
disperse	family	dispersal	dispersal	n. 扩散	dispersal | n. 扩散 | seed dispersal | 种子传播
disperse	kin	sparse	sparse	adj. 稀疏的	sparse | adj. 稀疏的 | sparse population / sparse data | 人口稀疏；稀疏数据
disperse	kin	purse	purse	n. 钱包；资金	purse | n. 钱包；资金 | public purse / coin purse | 公共资金；零钱包
disperse	kin	sprawl	sprawl	n./v. 蔓延；摊开	sprawl | n./v. 蔓延；摊开 | urban sprawl / sprawl on the sofa | 城市蔓延；摊在沙发上
scatter	family	scattering	scattering	n. 分散；散射	scattering | n. 分散；散射 | light scattering | 光散射
scatter	family	scattered	scattered	adj. 分散的	scattered | adj. 分散的 | scattered villages | 分散村庄
scatter	family	scatterer	scatterer	n. 散射体	scatterer | n. 散射体 | light scatterer | 光散射体
scatter	kin	category	category	n. 类别	category | n. 类别 | social category / product category | 社会类别；产品类别
scatter	kin	cater	cater	v. 满足；承办餐饮	cater | v. 满足；承办餐饮 | cater to demand / cater an event | 迎合需求；承办活动餐饮
scatter	kin	catastrophe	catastrophe	n. 灾难	catastrophe | n. 灾难 | natural catastrophe / economic catastrophe | 自然灾害；经济灾难
disregard	family	disregard	disregard	n. 忽视	disregard | n. 忽视 | reckless disregard | 鲁莽忽视
disregard	family	disregarded	disregarded	adj. 被忽视的	disregarded | adj. 被忽视的 | disregarded evidence | 被忽视证据
disregard	family	disregarding	disregarding	prep. 不顾	disregarding | prep. 不顾 | disregarding safety | 不顾安全
disregard	kin	regard	regard	v./n. 看待；尊重	regard | v./n. 看待；尊重 | regard evidence as weak / with regard to policy | 认为证据薄弱；关于政策
disregard	kin	guard	guard	n./v. 守卫；保护	guard | n./v. 守卫；保护 | security guard / guard privacy | 保安；保护隐私
disregard	kin	guardian	guardian	n. 监护人；守护者	guardian | n. 监护人；守护者 | legal guardian / guardian of tradition | 法定监护人；传统守护者
dismiss	family	dismissal	dismissal	n. 驳回；解雇	dismissal | n. 驳回；解雇 | unfair dismissal | 不公平解雇
dismiss	family	dismissed	dismissed	adj. 被驳回的	dismissed | adj. 被驳回的 | dismissed claim | 被驳回说法
dismiss	family	dismissive	dismissive	adj. 轻蔑的	dismissive | adj. 轻蔑的 | dismissive attitude | 轻蔑态度
dismiss	kin	miss	miss	v. 错过；想念	miss | v. 错过；想念 | miss a deadline / miss home | 错过截止日期；想家
dismiss	kin	mission	mission	n. 任务；使命	mission | n. 任务；使命 | public mission / space mission | 公共使命；太空任务
dismiss	kin	missile	missile	n. 导弹	missile | n. 导弹 | ballistic missile / missile defense | 弹道导弹；导弹防御
disseminate	family	dissemination	dissemination	n. 传播	dissemination | n. 传播 | information dissemination | 信息传播
disseminate	family	disseminated	disseminated	adj. 被传播的	disseminated | adj. 被传播的 | disseminated message | 被传播信息
disseminate	family	disseminator	disseminator	n. 传播者	disseminator | n. 传播者 | information disseminator | 信息传播者
disseminate	kin	seed	seed	n./v. 种子；播种	seed | n./v. 种子；播种 | plant seeds / seed a database | 播种；给数据库填初始数据
disseminate	kin	semen	semen	n. 精液	semen | n. 精液 | semen analysis / semen sample | 精液分析；精液样本
disseminate	kin	seminar	seminar	n. 研讨课	seminar | n. 研讨课 | research seminar / graduate seminar | 研究研讨会；研究生研讨课
spread	family	spread	spread	n. 传播；范围	spread | n. 传播；范围 | disease spread | 疾病传播
spread	family	spreading	spreading	adj. 扩散的	spreading | adj. 扩散的 | spreading misinformation | 扩散的错误信息
spread	family	widespread	widespread	adj. 广泛的	widespread | adj. 广泛的 | widespread concern | 广泛担忧
spread	kin	spray	spray	v./n. 喷洒；喷雾	spray | v./n. 喷洒；喷雾 | spray pesticide / spray bottle | 喷洒农药；喷雾瓶
spread	kin	spreadsheet	spreadsheet	n. 电子表格	spreadsheet | n. 电子表格 | Excel spreadsheet / budget spreadsheet | Excel表格；预算表
spread	kin	sprawl	sprawl	v./n. 蔓延；摊开	sprawl | v./n. 蔓延；摊开 | urban sprawl / sprawl on the sofa | 城市蔓延；摊在沙发上
distinct	family	distinction	distinction	n. 区别	distinction | n. 区别 | clear distinction | 清晰区别
distinct	family	distinctive	distinctive	adj. 独特的	distinctive | adj. 独特的 | distinctive feature | 独特特征
distinct	family	distinctly	distinctly	adv. 明显地	distinctly | adv. 明显地 | differ distinctly | 明显不同
distinct	kin	instinct	instinct	n. 本能	instinct | n. 本能 | survival instinct / parental instinct | 生存本能；父母本能
distinct	kin	extinct	extinct	adj. 灭绝的	extinct | adj. 灭绝的 | extinct species / extinct volcano | 灭绝物种；死火山
distinct	kin	distinguish	distinguish	v. 区分	distinguish | v. 区分 | distinguish facts from opinions / distinguish species | 区分事实和观点；区分物种
unique	family	uniqueness	uniqueness	n. 独特性	uniqueness | n. 独特性 | cultural uniqueness | 文化独特性
unique	family	uniquely	uniquely	adv. 独特地	uniquely | adv. 独特地 | uniquely positioned | 独特定位
unique	kin	union	union	n. 联盟；结合	union | n. 联盟；结合 | labor union / union of states | 工会；国家联盟
unique	kin	unify	unify	v. 统一	unify | v. 统一 | unify standards / unify groups | 统一标准；统一群体
unique	kin	uniform	uniform	adj./n. 统一的；制服	uniform | adj./n. 统一的；制服 | uniform rule / school uniform | 统一规则；校服
distinguished	family	distinguish	distinguish	v. 区分；使出众	distinguish | v. 区分；使出众 | distinguish facts | 区分事实
distinguished	family	distinction	distinction	n. 荣誉；区别	distinction | n. 荣誉；区别 | academic distinction | 学术荣誉
distinguished	family	distinguishable	distinguishable	adj. 可区分的	distinguishable | adj. 可区分的 | distinguishable feature | 可区分特征
distinguished	kin	distinguish	distinguish	v. 区分；使出众	distinguish | v. 区分；使出众 | distinguish causes / distinguish oneself | 区分原因；使自己出众
distinguished	kin	sting	sting	n./v. 刺痛；叮咬	sting | n./v. 刺痛；叮咬 | bee sting / sting the eyes | 蜜蜂蜇伤；刺痛眼睛
distinguished	kin	extinguish	extinguish	v. 熄灭；消除	extinguish | v. 熄灭；消除 | extinguish fire / extinguish hope | 灭火；扑灭希望
eminent	family	eminence	eminence	n. 卓越；显赫	eminence | n. 卓越；显赫 | academic eminence | 学术显赫
eminent	family	eminently	eminently	adv. 极其；突出地	eminently | adv. 极其；突出地 | eminently suitable | 极其适合
eminent	family	preeminent	preeminent	adj. 卓越的	preeminent | adj. 卓越的 | preeminent scholar | 卓越学者
eminent	kin	mountain	mountain	n. 山	mountain | n. 山 | high mountain / mountain range | 高山；山脉
eminent	kin	prominent	prominent	adj. 突出的	prominent | adj. 突出的 | prominent scholar / prominent feature | 著名学者；突出特征
eminent	kin	imminent	imminent	adj. 即将发生的	imminent | adj. 即将发生的 | imminent danger / imminent reform | 迫近危险；即将到来的改革
distort	family	distortion	distortion	n. 扭曲	distortion | n. 扭曲 | media distortion | 媒体扭曲
distort	family	distorted	distorted	adj. 被扭曲的	distorted | adj. 被扭曲的 | distorted image | 扭曲图像
distort	family	distorting	distorting	adj. 扭曲性的	distorting | adj. 扭曲性的 | distorting effect | 扭曲作用
distort	kin	tort	tort	n. 侵权行为	tort | n. 侵权行为 | civil tort / tort law | 民事侵权；侵权法
distort	kin	torture	torture	n./v. 折磨	torture | n./v. 折磨 | psychological torture / torture prisoners | 心理折磨；折磨囚犯
distort	kin	contort	contort	v. 扭曲	contort | v. 扭曲 | contort the body / contort the facts | 扭曲身体；歪曲事实
misrepresent	family	misrepresentation	misrepresentation	n. 歪曲	misrepresentation | n. 歪曲 | data misrepresentation | 数据歪曲
misrepresent	family	misrepresented	misrepresented	adj. 被歪曲的	misrepresented | adj. 被歪曲的 | misrepresented evidence | 被歪曲证据
misrepresent	family	represent	represent	v. 代表；呈现	represent | v. 代表；呈现 | represent reality | 呈现现实
misrepresent	kin	present	present	v./adj. 呈现；当前的	present | v./adj. 呈现；当前的 | present evidence / present situation | 呈现证据；当前情况
misrepresent	kin	represent	represent	v. 代表；表现	represent | v. 代表；表现 | represent voters / represent social reality | 代表选民；表现社会现实
misrepresent	kin	presentation	presentation	n. 展示；陈述	presentation | n. 展示；陈述 | class presentation / data presentation | 课堂展示；数据呈现
distribute	family	distribution	distribution	n. 分配；分布	distribution | n. 分配；分布 | income distribution | 收入分配
distribute	family	distributed	distributed	adj. 分布式的	distributed | adj. 分布式的 | distributed network | 分布式网络
distribute	family	distributor	distributor	n. 分销商	distributor | n. 分销商 | food distributor | 食品分销商
distribute	kin	tribute	tribute	n. 致敬；贡品	tribute | n. 致敬；贡品 | pay tribute / annual tribute | 致敬；年度贡品
distribute	kin	contribute	contribute	v. 贡献；导致	contribute | v. 贡献；导致 | contribute evidence / contribute to growth | 提供证据；促进增长
distribute	kin	attribute	attribute	v./n. 归因；属性	attribute | v./n. 归因；属性 | attribute success to policy / product attribute | 把成功归因于政策；产品属性
allocate	family	allocation	allocation	n. 分配	allocation | n. 分配 | budget allocation | 预算分配
allocate	family	allocated	allocated	adj. 被分配的	allocated | adj. 被分配的 | allocated funding | 已分配资金
allocate	family	allocative	allocative	adj. 分配的	allocative | adj. 分配的 | allocative efficiency | 配置效率
allocate	kin	local	local	adj. 当地的	local | adj. 当地的 | local communities / local economy | 当地社区；地方经济
allocate	kin	location	location	n. 位置；地点	location | n. 位置；地点 | factory location / remote location | 工厂位置；偏远地点
allocate	kin	relocate	relocate	v. 迁移；重新安置	relocate | v. 迁移；重新安置 | relocate residents / relocate a factory | 重新安置居民；迁移工厂
diverge	family	divergence	divergence	n. 分歧	divergence | n. 分歧 | policy divergence | 政策分歧
diverge	family	divergent	divergent	adj. 分歧的	divergent | adj. 分歧的 | divergent views | 不同观点
diverge	family	diverging	diverging	adj. 分化的	diverging | adj. 分化的 | diverging interests | 分化利益
diverge	kin	verge	verge	n. 边缘	verge | n. 边缘 | on the verge of collapse / road verge | 濒临崩溃；路边
diverge	kin	converge	converge	v. 汇聚	converge | v. 汇聚 | opinions converge / rivers converge | 意见趋同；河流汇合
diverge	kin	emerge	emerge	v. 出现	emerge | v. 出现 | new problems emerge / emerge from poverty | 新问题出现；摆脱贫困
deviate	family	deviation	deviation	n. 偏离	deviation | n. 偏离 | policy deviation | 政策偏离
deviate	family	deviant	deviant	adj. 偏离常规的	deviant | adj. 偏离常规的 | deviant behavior | 异常行为
deviate	family	deviated	deviated	adj. 偏离的	deviated | adj. 偏离的 | deviated route | 偏离路线
deviate	kin	via	via	prep. 经由	via | prep. 经由 | via email / via public transport | 通过邮件；经由公共交通
deviate	kin	voyage	voyage	n./v. 航行；旅程	voyage | n./v. 航行；旅程 | sea voyage / voyage of discovery | 海上航行；发现之旅
deviate	kin	trivial	trivial	adj. 琐碎的；微不足道的	trivial | adj. 琐碎的；微不足道的 | trivial detail / trivial error | 琐碎细节；小错误
divert	family	diversion	diversion	n. 转移；消遣	diversion | n. 转移；消遣 | traffic diversion | 交通改道
divert	family	diverted	diverted	adj. 被转移的	diverted | adj. 被转移的 | diverted funds | 被转移资金
divert	family	diverting	diverting	adj. 转移的	diverting | adj. 转移的 | diverting strategy | 转移策略
divert	kin	convert	convert	v. 转换	convert | v. 转换 | convert waste into energy / convert files | 把废物转化为能源；转换文件
divert	kin	invert	invert	v. 颠倒	invert | v. 颠倒 | invert an image / invert the order | 倒置图片；颠倒顺序
divert	kin	avert	avert	v. 避免	avert | v. 避免 | avert a crisis / avert danger | 避免危机；避开危险
redirect	family	redirection	redirection	n. 重新导向	redirection | n. 重新导向 | traffic redirection | 交通重定向
redirect	family	redirected	redirected	adj. 被转移的	redirected | adj. 被转移的 | redirected funding | 被转移资金
redirect	family	redirecting	redirecting	n. 转移	redirecting | n. 转移 | redirecting attention | 转移注意力
redirect	kin	direct	direct	v./adj. 引导；直接的	direct | v./adj. 引导；直接的 | direct traffic / direct evidence | 指挥交通；直接证据
redirect	kin	rectangle	rectangle	n. 矩形	rectangle | n. 矩形 | rectangle area / rectangle layout | 矩形面积；矩形布局
redirect	kin	correct	correct	v./adj. 纠正；正确的	correct | v./adj. 纠正；正确的 | correct errors / correct answer | 纠正错误；正确答案
dominant	family	dominance	dominance	n. 主导地位	dominance | n. 主导地位 | market dominance | 市场主导地位
dominant	family	dominate	dominate	v. 支配	dominate | v. 支配 | dominate market | 支配市场
dominant	family	dominantly	dominantly	adv. 主导地	dominantly | adv. 主导地 | operate dominantly | 主导性运行
dominant	kin	domain	domain	n. 领域；域名	domain | n. 领域；域名 | public domain / internet domain | 公共领域；互联网域名
dominant	kin	domestic	domestic	adj. 国内的；家庭的	domestic | adj. 国内的；家庭的 | domestic market / domestic violence | 国内市场；家庭暴力
dominant	kin	dominion	dominion	n. 统治；领土	dominion | n. 统治；领土 | imperial dominion / territorial dominion | 帝国统治；领土管辖
prevailing	family	prevail	prevail	v. 盛行；获胜	prevail | v. 盛行；获胜 | views prevail | 观点占上风
prevailing	family	prevalence	prevalence	n. 流行；普遍	prevalence | n. 流行；普遍 | disease prevalence | 疾病流行率
prevailing	family	prevalent	prevalent	adj. 普遍的	prevalent | adj. 普遍的 | prevalent belief | 普遍观念
prevailing	kin	veil	veil	n./v. 面纱；遮盖	veil | n./v. 面纱；遮盖 | political veil / veil the truth | 政治遮掩；掩盖真相
prevailing	kin	available	available	adj. 可获得的	available | adj. 可获得的 | available data / available resources | 可用数据；可获得资源
prevailing	kin	prevail	prevail	v. 盛行；获胜	prevail | v. 盛行；获胜 | views prevail / justice prevails | 观点占上风；正义获胜
dominate	family	dominance	dominance	n. 支配地位	dominance | n. 支配地位 | market dominance | 市场支配地位
dominate	family	dominant	dominant	adj. 主导的	dominant | adj. 主导的 | dominant role | 主导作用
dominate	family	dominated	dominated	adj. 被支配的	dominated | adj. 被支配的 | dominated market | 被支配市场
dominate	kin	domain	domain	n. 领域；域名	domain | n. 领域；域名 | public domain / internet domain | 公共领域；互联网域名
dominate	kin	domestic	domestic	adj. 国内的；家庭的	domestic | adj. 国内的；家庭的 | domestic market / domestic violence | 国内市场；家庭暴力
dominate	kin	dominion	dominion	n. 统治；领土	dominion | n. 统治；领土 | imperial dominion / territorial dominion | 帝国统治；领土管辖
overshadow	family	overshadowed	overshadowed	adj. 被掩盖的	overshadowed | adj. 被掩盖的 | overshadowed issue | 被掩盖的问题
overshadow	family	overshadowing	overshadowing	adj. 掩盖性的	overshadowing | adj. 掩盖性的 | overshadowing effect | 掩盖作用
overshadow	family	shadow	shadow	n. 阴影	shadow | n. 阴影 | political shadow | 政治阴影
overshadow	kin	shadow	shadow	n./v. 影子；遮蔽	shadow | n./v. 影子；遮蔽 | cast a shadow / shadow economy | 投下阴影；影子经济
overshadow	kin	shade	shade	n./v. 阴影；遮蔽	shade | n./v. 阴影；遮蔽 | tree shade / shade the eyes | 树荫；遮住眼睛
overshadow	kin	window	window	n. 窗口	window | n. 窗口 | window of opportunity / browser window | 机会窗口；浏览器窗口
dormant	family	dormancy	dormancy	n. 休眠	dormancy | n. 休眠 | economic dormancy | 经济停滞
dormant	family	dormantly	dormantly	adv. 休眠地	dormantly | adv. 休眠地 | remain dormantly | 休眠存在
dormant	kin	door	door	n. 门	door | n. 门 | front door / open-door policy | 前门；开放政策
dormant	kin	dormitory	dormitory	n. 宿舍	dormitory | n. 宿舍 | student dormitory / dormitory building | 学生宿舍；宿舍楼
dormant	kin	doze	doze	v./n. 打盹	doze | v./n. 打盹 | doze off / short doze | 打瞌睡；小睡
inactive	family	inactivity	inactivity	n. 不活跃	inactivity | n. 不活跃 | physical inactivity | 缺乏运动
inactive	family	actively	actively	adv. 积极地	actively | adv. 积极地 | actively participate | 积极参与
inactive	family	active	active	adj. 活跃的	active | adj. 活跃的 | active citizen | 活跃市民
inactive	kin	act	act	n./v. 行动；行为	act | n./v. 行动；行为 | act quickly / public act | 迅速行动；公共行为
inactive	kin	active	active	adj. 活跃的	active | adj. 活跃的 | active learning / active volcano | 主动学习；活火山
inactive	kin	reaction	reaction	n. 反应	reaction | n. 反应 | chemical reaction / public reaction | 化学反应；公众反应
doubtful	family	doubt	doubt	n. 怀疑	doubt | n. 怀疑 | serious doubt | 严重怀疑
doubtful	family	doubtfully	doubtfully	adv. 怀疑地	doubtfully | adv. 怀疑地 | respond doubtfully | 怀疑地回应
doubtful	family	undoubtedly	undoubtedly	adv. 无疑地	undoubtedly | adv. 无疑地 | undoubtedly important | 无疑重要
doubtful	kin	doubt	doubt	n./v. 怀疑	doubt | n./v. 怀疑 | reasonable doubt / doubt the result | 合理怀疑；怀疑结果
doubtful	kin	double	double	adj./v. 双倍；加倍	double | adj./v. 双倍；加倍 | double standard / double income | 双重标准；收入翻倍
doubtful	kin	dubious	dubious	adj. 可疑的	dubious | adj. 可疑的 | dubious evidence / dubious claim | 可疑证据；可疑说法
dubious	family	dubiety	dubiety	n. 怀疑	dubiety | n. 怀疑 | legal dubiety | 法律疑点
dubious	family	dubiously	dubiously	adv. 可疑地	dubiously | adv. 可疑地 | argue dubiously | 可疑地论证
dubious	family	dubiousness	dubiousness	n. 可疑性	dubiousness | n. 可疑性 | dubiousness of claim | 说法可疑性
dubious	kin	doubt	doubt	n./v. 怀疑	doubt | n./v. 怀疑 | doubt a claim / raise doubts | 怀疑说法；提出疑问
dubious	kin	double	double	adj./v. 双倍；加倍	double | adj./v. 双倍；加倍 | double burden / double the budget | 双重负担；预算翻倍
dubious	kin	dubiousness	dubiousness	n. 可疑性	dubiousness | n. 可疑性 | dubiousness of evidence / moral dubiousness | 证据可疑性；道德可疑性
drastic	family	drastically	drastically	adv. 剧烈地	drastically | adv. 剧烈地 | change drastically | 剧烈变化
drastic	family	drasticness	drasticness	n. 剧烈性	drasticness | n. 剧烈性 | drasticness of reform | 改革剧烈性
drastic	kin	drama	drama	n. 戏剧；戏剧性事件	drama | n. 戏剧；戏剧性事件 | social drama / classroom drama | 社会戏剧；课堂戏剧
drastic	kin	elastic	elastic	adj./n. 有弹性的	elastic | adj./n. 有弹性的 | elastic demand / elastic band | 弹性需求；橡皮筋
drastic	kin	plastic	plastic	n./adj. 塑料；可塑的	plastic | n./adj. 塑料；可塑的 | plastic waste / plastic surgery | 塑料垃圾；整形手术
radical	family	radically	radically	adv. 激进地；彻底地	radically | adv. 激进地；彻底地 | radically reform | 彻底改革
radical	family	radicalism	radicalism	n. 激进主义	radicalism | n. 激进主义 | political radicalism | 政治激进主义
radical	family	radicalize	radicalize	v. 激进化	radicalize | v. 激进化 | radicalize youth | 使青年激进化
radical	kin	root	root	n./v. 根；扎根	root | n./v. 根；扎根 | root cause / root in tradition | 根本原因；扎根传统
radical	kin	radish	radish	n. 萝卜	radish | n. 萝卜 | red radish / radish seed | 红萝卜；萝卜种子
radical	kin	eradicate	eradicate	v. 根除	eradicate | v. 根除 | eradicate poverty / eradicate disease | 消除贫困；根除疾病
durable	family	durability	durability	n. 耐久性	durability | n. 耐久性 | product durability | 产品耐久性
durable	family	durably	durably	adv. 持久地	durably | adv. 持久地 | durably improve | 持久改善
durable	family	endurable	endurable	adj. 可忍受的	endurable | adj. 可忍受的 | endurable pressure | 可忍受压力
durable	kin	endure	endure	v. 忍受；持久	endure | v. 忍受；持久 | endure hardship / endure over time | 忍受艰难；经久不衰
durable	kin	duration	duration	n. 持续时间	duration | n. 持续时间 | short duration / project duration | 短持续时间；项目周期
durable	kin	during	during	prep. 在……期间	during | prep. 在……期间 | during childhood / during crises | 童年期间；危机期间
resilient	family	resilience	resilience	n. 韧性	resilience | n. 韧性 | urban resilience | 城市韧性
resilient	family	resiliently	resiliently	adv. 有韧性地	resiliently | adv. 有韧性地 | recover resiliently | 有韧性地恢复
resilient	family	resiliency	resiliency	n. 韧性	resiliency | n. 韧性 | community resiliency | 社区韧性
resilient	kin	resilience	resilience	n. 韧性；恢复力	resilience | n. 韧性；恢复力 | community resilience / economic resilience | 社区韧性；经济韧性
resilient	kin	salient	salient	adj. 显著的	salient | adj. 显著的 | salient feature / salient point | 显著特征；重点
resilient	kin	silent	silent	adj. 沉默的	silent | adj. 沉默的 | silent majority / silent film | 沉默的大多数；无声电影
duration	family	during	during	prep. 在……期间	during | prep. 在……期间 | during retirement | 在退休期间
duration	family	durational	durational	adj. 持续时间的	durational | adj. 持续时间的 | durational difference | 时长差异
duration	family	endurance	endurance	n. 耐力	endurance | n. 耐力 | physical endurance | 身体耐力
duration	kin	durable	durable	adj. 耐用的	durable | adj. 耐用的 | durable goods / durable material | 耐用品；耐用材料
duration	kin	endure	endure	v. 忍受；持久	endure | v. 忍受；持久 | endure pressure / endure for centuries | 承受压力；持续数世纪
duration	kin	during	during	prep. 在……期间	during | prep. 在……期间 | during the exam / during a recession | 考试期间；衰退期间
length	family	lengthen	lengthen	v. 延长	lengthen | v. 延长 | lengthen retirement | 延长退休期
length	family	lengthy	lengthy	adj. 冗长的	lengthy | adj. 冗长的 | lengthy process | 冗长过程
length	family	lengthwise	lengthwise	adv. 纵向地	lengthwise | adv. 纵向地 | cut lengthwise | 纵向切开
length	kin	long	long	adj. 长的	long | adj. 长的 | long distance / long-term plan | 长距离；长期计划
length	kin	longitude	longitude	n. 经度	longitude | n. 经度 | line of longitude / longitude coordinates | 经线；经度坐标
length	kin	elongate	elongate	v. 拉长	elongate | v. 拉长 | elongate cells / elongate the shape | 拉长细胞；拉长形状
dwindle	family	dwindling	dwindling	adj. 逐渐减少的	dwindling | adj. 逐渐减少的 | dwindling resources | 日益减少的资源
dwindle	family	dwindled	dwindled	adj. 减少的	dwindled | adj. 减少的 | dwindled income | 减少的收入
dwindle	family	dwindlement	dwindlement	n. 减少	dwindlement | n. 减少 | dwindlement of supply | 供应减少
dwindle	kin	wind	wind	n./v. 风；缠绕	wind | n./v. 风；缠绕 | strong wind / wind a clock | 强风；给钟上发条
dwindle	kin	window	window	n. 窗口	window | n. 窗口 | browser window / window of opportunity | 浏览器窗口；机会窗口
dwindle	kin	dwindling	dwindling	adj. 缩小的；减少的	dwindling | adj. 缩小的；减少的 | dwindling resources / dwindling population | 减少的资源；减少的人口
eager	family	eagerness	eagerness	n. 渴望	eagerness | n. 渴望 | eagerness to learn | 学习热情
eager	family	eagerly	eagerly	adv. 热切地	eagerly | adv. 热切地 | wait eagerly | 热切等待
eager	family	overeager	overeager	adj. 过于急切的	overeager | adj. 过于急切的 | overeager investor | 过于急切的投资者
eager	kin	eagle	eagle	n. 鹰	eagle | n. 鹰 | golden eagle / eagle eye | 金雕；鹰眼
eager	kin	eagerness	eagerness	n. 渴望	eagerness | n. 渴望 | eagerness to learn / public eagerness | 学习渴望；公众热情
eager	kin	agitate	agitate	v. 煽动；搅动	agitate | v. 煽动；搅动 | agitate water / agitate the crowd | 搅动水；煽动人群
keen	family	keenly	keenly	adv. 敏锐地；强烈地	keenly | adv. 敏锐地；强烈地 | keenly observe | 敏锐观察
keen	family	keenness	keenness	n. 热切；敏锐	keenness | n. 热切；敏锐 | keenness to improve | 改善热情
keen	family	keen-eyed	keen-eyed	adj. 目光敏锐的	keen-eyed | adj. 目光敏锐的 | keen-eyed observer | 目光敏锐的观察者
keen	kin	kin	kin	n. 亲属；同类	kin | n. 亲属；同类 | close kin / kin selection | 近亲；亲缘选择
keen	kin	kindle	kindle	v. 点燃；激起	kindle | v. 点燃；激起 | kindle interest / kindle a fire | 激起兴趣；点火
keen	kin	knowledge	knowledge	n. 知识	knowledge | n. 知识 | scientific knowledge / local knowledge | 科学知识；地方知识
earnest	family	earnestly	earnestly	adv. 认真地	earnestly | adv. 认真地 | argue earnestly | 认真论证
earnest	family	earnestness	earnestness	n. 认真；诚挚	earnestness | n. 认真；诚挚 | earnestness of effort | 努力的认真性
earnest	kin	earn	earn	v. 赚得；赢得	earn | v. 赚得；赢得 | earn income / earn respect | 赚收入；赢得尊重
earnest	kin	earnings	earnings	n. 收入；收益	earnings | n. 收入；收益 | annual earnings / corporate earnings | 年收入；企业收益
earnest	kin	yearn	yearn	v. 渴望	yearn | v. 渴望 | yearn for freedom / yearn to learn | 渴望自由；渴望学习
sincere	family	sincerity	sincerity	n. 真诚	sincerity | n. 真诚 | political sincerity | 政治真诚
sincere	family	sincerely	sincerely	adv. 真诚地	sincerely | adv. 真诚地 | sincerely apologize | 真诚道歉
sincere	family	insincere	insincere	adj. 不真诚的	insincere | adj. 不真诚的 | insincere promise | 不真诚承诺
sincere	kin	sincerity	sincerity	n. 真诚	sincerity | n. 真诚 | political sincerity / sincerity of apology | 政治诚意；道歉诚意
sincere	kin	ceremony	ceremony	n. 仪式	ceremony | n. 仪式 | graduation ceremony / opening ceremony | 毕业典礼；开幕式
sincere	kin	severe	severe	adj. 严重的；严厉的	severe | adj. 严重的；严厉的 | severe problem / severe teacher | 严重问题；严厉老师
eccentric	family	eccentricity	eccentricity	n. 古怪；离心率	eccentricity | n. 古怪；离心率 | social eccentricity | 社会古怪性
eccentric	family	eccentrically	eccentrically	adv. 古怪地	eccentrically | adv. 古怪地 | behave eccentrically | 古怪地行事
eccentric	kin	center	center	n. 中心	center | n. 中心 | city center / research center | 市中心；研究中心
eccentric	kin	central	central	adj. 中央的；核心的	central | adj. 中央的；核心的 | central authority / central question | 中央权威；核心问题
eccentric	kin	concentric	concentric	adj. 同心的	concentric | adj. 同心的 | concentric circles / concentric design | 同心圆；同心设计
unconventional	family	conventional	conventional	adj. 传统的	conventional | adj. 传统的 | conventional wisdom | 传统观念
unconventional	family	unconventionally	unconventionally	adv. 非传统地	unconventionally | adv. 非传统地 | teach unconventionally | 非传统地教学
unconventional	family	unconventionality	unconventionality	n. 非传统性	unconventionality | n. 非传统性 | unconventionality of method | 方法的非传统性
unconventional	kin	convene	convene	v. 召集	convene | v. 召集 | convene a meeting / convene parliament | 召集会议；召集议会
unconventional	kin	conventional	conventional	adj. 传统的；常规的	conventional | adj. 传统的；常规的 | conventional wisdom / conventional method | 传统观念；常规方法
unconventional	kin	event	event	n. 事件；活动	event | n. 事件；活动 | major event / international event | 重大事件；国际赛事
economic	family	economy	economy	n. 经济	economy | n. 经济 | local economy | 本地经济
economic	family	economically	economically	adv. 经济上	economically | adv. 经济上 | economically vulnerable | 经济脆弱的
economic	family	economics	economics	n. 经济学	economics | n. 经济学 | behavioural economics | 行为经济学
economic	kin	economy	economy	n. 经济；节约	economy | n. 经济；节约 | market economy / economy of effort | 市场经济；省力
economic	kin	ecology	ecology	n. 生态学	ecology | n. 生态学 | urban ecology / marine ecology | 城市生态学；海洋生态学
economic	kin	household	household	n. 家庭	household | n. 家庭 | household income / household spending | 家庭收入；家庭支出
financial	family	finance	finance	n. 金融；财政	finance | n. 金融；财政 | public finance | 公共财政
financial	family	financially	financially	adv. 财务上	financially | adv. 财务上 | financially independent | 财务独立的
financial	family	financing	financing	n. 融资	financing | n. 融资 | project financing | 项目融资
financial	kin	finance	finance	n./v. 金融；资助	finance | n./v. 金融；资助 | public finance / finance education | 公共财政；资助教育
financial	kin	final	final	adj. 最终的	final | adj. 最终的 | final report / final result | 最终报告；最终结果
financial	kin	fine	fine	n./adj. 罚款；精细的	fine | n./adj. 罚款；精细的 | traffic fine / fine distinction | 交通罚款；细微差别
effective	family	effect	effect	n. 效果	effect | n. 效果 | positive effect | 积极效果
effective	family	effectively	effectively	adv. 有效地	effectively | adv. 有效地 | work effectively | 有效运行
effective	family	effectiveness	effectiveness	n. 有效性	effectiveness | n. 有效性 | policy effectiveness | 政策有效性
effective	kin	effect	effect	n. 效果；影响	effect | n. 效果；影响 | long-term effect / side effect | 长期影响；副作用
effective	kin	affect	affect	v. 影响	affect | v. 影响 | affect public health / affect learning outcomes | 影响公共健康；影响学习结果
effective	kin	defect	defect	n. 缺陷	defect | n. 缺陷 | design defect / birth defect | 设计缺陷；出生缺陷
efficient	family	efficiency	efficiency	n. 效率	efficiency | n. 效率 | energy efficiency | 能源效率
efficient	family	efficiently	efficiently	adv. 高效地	efficiently | adv. 高效地 | operate efficiently | 高效运行
efficient	family	inefficient	inefficient	adj. 低效的	inefficient | adj. 低效的 | inefficient system | 低效系统
efficient	kin	suffice	suffice	v. 足够	suffice | v. 足够 | evidence suffices / suffice for basic needs | 证据足够；足以满足基本需求
efficient	kin	deficient	deficient	adj. 不足的	deficient | adj. 不足的 | deficient evidence / nutrient-deficient diet | 证据不足；营养不足饮食
efficient	kin	office	office	n. 办公室；职位	office | n. 办公室；职位 | public office / office worker | 公职；办公室职员
elaborate	family	elaboration	elaboration	n. 详述	elaboration | n. 详述 | theoretical elaboration | 理论详述
elaborate	family	elaborately	elaborately	adv. 精细地	elaborately | adv. 精细地 | elaborately designed | 精细设计
elaborate	family	elaborated	elaborated	adj. 被详述的	elaborated | adj. 被详述的 | elaborated argument | 详述论证
elaborate	kin	labor	labor	n./v. 劳动；努力	labor | n./v. 劳动；努力 | manual labor / labor for hours | 体力劳动；劳动数小时
elaborate	kin	laboratory	laboratory	n. 实验室	laboratory | n. 实验室 | research laboratory / school laboratory | 研究实验室；学校实验室
elaborate	kin	collaborate	collaborate	v. 合作	collaborate | v. 合作 | collaborate on research / collaborate with peers | 合作研究；与同伴合作
detailed	family	detail	detail	n. 细节	detail | n. 细节 | important detail | 重要细节
detailed	family	detail	detail	v. 详述	detail | v. 详述 | detail causes | 详述原因
detailed	family	detailedly	detailedly	adv. 详细地	detailedly | adv. 详细地 | explain detailedly | 详细解释
detailed	kin	detail	detail	n./v. 细节；详述	detail | n./v. 细节；详述 | technical detail / detail a plan | 技术细节；详述计划
detailed	kin	tail	tail	n. 尾巴；末端	tail | n. 尾巴；末端 | long tail effect / aircraft tail | 长尾效应；飞机尾部
detailed	kin	entail	entail	v. 牵涉；需要	entail | v. 牵涉；需要 | entail costs / entail responsibility | 需要成本；牵涉责任
elevate	family	elevation	elevation	n. 提高；海拔	elevation | n. 提高；海拔 | elevation of standards | 标准提升
elevate	family	elevated	elevated	adj. 提高的	elevated | adj. 提高的 | elevated risk | 升高风险
elevate	family	elevator	elevator	n. 电梯	elevator | n. 电梯 | elevator system | 电梯系统
elevate	kin	lever	lever	n. 杠杆	lever | n. 杠杆 | policy lever / lever mechanism | 政策杠杆；杠杆机制
elevate	kin	elevator	elevator	n. 电梯	elevator | n. 电梯 | office elevator / grain elevator | 办公楼电梯；谷仓升降机
elevate	kin	level	level	n./v. 水平；使平整	level | n./v. 水平；使平整 | income level / level the ground | 收入水平；平整地面
raise	family	raising	raising	n. 提高；养育	raising | n. 提高；养育 | raising children | 养育孩子
raise	family	raised	raised	adj. 提高的	raised | adj. 提高的 | raised standard | 提高的标准
raise	family	raiser	raiser	n. 筹集者	raiser | n. 筹集者 | fund raiser | 筹款人
raise	kin	rise	rise	v./n. 上升；上涨	rise | v./n. 上升；上涨 | sea-level rise / rise in prices | 海平面上升；价格上涨
raise	kin	arise	arise	v. 出现	arise | v. 出现 | problems arise / opportunities arise | 问题出现；机会出现
raise	kin	arouse	arouse	v. 激起	arouse | v. 激起 | arouse interest / arouse suspicion | 激起兴趣；引起怀疑
eligible	family	eligibility	eligibility	n. 资格	eligibility | n. 资格 | eligibility criteria | 资格标准
eligible	family	eligibly	eligibly	adv. 合格地	eligibly | adv. 合格地 | eligibly apply | 合格申请
eligible	family	ineligible	ineligible	adj. 不合格的	ineligible | adj. 不合格的 | ineligible applicant | 不合格申请者
eligible	kin	elect	elect	v. 选举；选择	elect | v. 选举；选择 | elect a leader / elect representatives | 选举领导人；选举代表
eligible	kin	legal	legal	adj. 法律的；合法的	legal | adj. 法律的；合法的 | legal status / legal aid | 法律地位；法律援助
eligible	kin	illegible	illegible	adj. 难以辨认的	illegible | adj. 难以辨认的 | illegible handwriting / illegible signature | 难以辨认的字迹；难认签名
qualified	family	qualification	qualification	n. 资格	qualification | n. 资格 | professional qualification | 专业资格
qualified	family	qualify	qualify	v. 使合格	qualify | v. 使合格 | qualify for aid | 有资格获得援助
qualified	family	qualifier	qualifier	n. 限定词	qualifier | n. 限定词 | grammatical qualifier | 语法限定词
qualified	kin	quality	quality	n. 质量；特质	quality | n. 质量；特质 | high quality / quality control | 高质量；质量控制
qualified	kin	qualify	qualify	v. 使有资格；限定	qualify | v. 使有资格；限定 | qualify as a teacher / qualify the claim | 有资格当教师；限定说法
qualified	kin	quantifier	quantifier	n. 量词；量化词	quantifier | n. 量词；量化词 | universal quantifier / English quantifier | 全称量词；英语量词
eradicate	family	eradication	eradication	n. 根除	eradication | n. 根除 | disease eradication | 疾病根除
eradicate	family	eradicated	eradicated	adj. 被根除的	eradicated | adj. 被根除的 | eradicated disease | 被根除疾病
eradicate	family	eradicable	eradicable	adj. 可根除的	eradicable | adj. 可根除的 | eradicable poverty | 可根除贫困
eradicate	kin	radish	radish	n. 萝卜	radish | n. 萝卜 | red radish / radish seed | 红萝卜；萝卜种子
eradicate	kin	radical	radical	adj./n. 根本的；激进的	radical | adj./n. 根本的；激进的 | radical reform / radical idea | 根本改革；激进想法
eradicate	kin	root	root	n./v. 根；扎根	root | n./v. 根；扎根 | root cause / root in culture | 根本原因；扎根于文化
eloquent	family	eloquence	eloquence	n. 雄辩	eloquence | n. 雄辩 | political eloquence | 政治雄辩
eloquent	family	eloquently	eloquently	adv. 雄辩地	eloquently | adv. 雄辩地 | speak eloquently | 雄辩地讲话
eloquent	family	ineloquent	ineloquent	adj. 不善言辞的	ineloquent | adj. 不善言辞的 | ineloquent speaker | 不善言辞者
eloquent	kin	locution	locution	n. 说法；表达方式	locution | n. 说法；表达方式 | legal locution / formal locution | 法律措辞；正式说法
eloquent	kin	colloquial	colloquial	adj. 口语的	colloquial | adj. 口语的 | colloquial expression / colloquial style | 口语表达；口语风格
eloquent	kin	ventriloquism	ventriloquism	n. 腹语术	ventriloquism | n. 腹语术 | stage ventriloquism / ventriloquism performance | 舞台腹语；腹语表演
emerge	family	emergence	emergence	n. 出现	emergence | n. 出现 | emergence of problems | 问题出现
emerge	family	emergent	emergent	adj. 新兴的	emergent | adj. 新兴的 | emergent technology | 新兴技术
emerge	family	emerging	emerging	adj. 新兴的	emerging | adj. 新兴的 | emerging market | 新兴市场
emerge	kin	merge	merge	v. 合并；融合	merge | v. 合并；融合 | merge departments / merge into traffic | 合并部门；汇入车流
emerge	kin	submerge	submerge	v. 淹没；浸入	submerge | v. 淹没；浸入 | submerge coastal land / submerge samples in water | 淹没沿海土地；把样本浸入水中
emerge	kin	emergency	emergency	n. 紧急情况	emergency | n. 紧急情况 | medical emergency / emergency response | 医疗急症；紧急响应
arise	family	arising	arising	adj. 出现的	arising | adj. 出现的 | arising problem | 新出现问题
arise	family	arisen	arisen	adj. 已出现的	arisen | adj. 已出现的 | arisen issue | 已出现议题
arise	family	arousal	arousal	n. 唤起	arousal | n. 唤起 | emotional arousal | 情绪唤起
arise	kin	rise	rise	v./n. 上升；上涨	rise | v./n. 上升；上涨 | rise in prices / sea-level rise | 价格上涨；海平面上升
arise	kin	raise	raise	v. 提高；筹集；抚养	raise | v. 提高；筹集；抚养 | raise awareness / raise children | 提高意识；抚养孩子
arise	kin	uprising	uprising	n. 起义；暴动	uprising | n. 起义；暴动 | popular uprising / armed uprising | 民众起义；武装暴动
prominent	family	prominence	prominence	n. 突出；显著	prominence | n. 突出；显著 | social prominence | 社会显著性
prominent	family	prominently	prominently	adv. 显著地	prominently | adv. 显著地 | display prominently | 显著展示
prominent	family	preeminent	preeminent	adj. 卓越的	preeminent | adj. 卓越的 | preeminent institution | 卓越机构
prominent	kin	mountain	mountain	n. 山	mountain | n. 山 | mountain range / high mountain | 山脉；高山
prominent	kin	eminent	eminent	adj. 著名的；突出的	eminent | adj. 著名的；突出的 | eminent scholar / eminent position | 著名学者；显赫地位
prominent	kin	imminent	imminent	adj. 即将发生的	imminent | adj. 即将发生的 | imminent danger / imminent reform | 迫近危险；即将到来的改革
empathy	family	empathetic	empathetic	adj. 有共情力的	empathetic | adj. 有共情力的 | empathetic teacher | 有共情力的教师
empathy	family	empathetically	empathetically	adv. 共情地	empathetically | adv. 共情地 | respond empathetically | 共情回应
empathy	family	empathize	empathize	v. 共情	empathize | v. 共情 | empathize with patients | 与患者共情
empathy	kin	path	path	n. 路径	path | n. 路径 | learning path / career path | 学习路径；职业路径
empathy	kin	pathology	pathology	n. 病理学	pathology | n. 病理学 | clinical pathology / social pathology | 临床病理学；社会病态
empathy	kin	sympathy	sympathy	n. 同情	sympathy | n. 同情 | public sympathy / sympathy for victims | 公众同情；对受害者的同情
compassion	family	compassionate	compassionate	adj. 有同情心的	compassionate | adj. 有同情心的 | compassionate care | 有同情心的护理
compassion	family	compassionately	compassionately	adv. 有同情心地	compassionately | adv. 有同情心地 | act compassionately | 有同情心地行动
compassion	family	compassionless	compassionless	adj. 无同情心的	compassionless | adj. 无同情心的 | compassionless policy | 无同情心政策
compassion	kin	passion	passion	n. 激情；热爱	passion | n. 激情；热爱 | passion for learning / political passion | 学习热情；政治激情
compassion	kin	passive	passive	adj. 被动的	passive | adj. 被动的 | passive learning / passive voice | 被动学习；被动语态
compassion	kin	patient	patient	adj./n. 有耐心的；病人	patient | adj./n. 有耐心的；病人 | patient teacher / hospital patient | 有耐心的老师；医院病人
empirical	family	empirically	empirically	adv. 实证地	empirically | adv. 实证地 | empirically test | 实证检验
empirical	family	empiricism	empiricism	n. 经验主义	empiricism | n. 经验主义 | scientific empiricism | 科学经验主义
empirical	family	empiricist	empiricist	n. 经验主义者	empiricist | n. 经验主义者 | modern empiricist | 现代经验主义者
empirical	kin	empire	empire	n. 帝国	empire | n. 帝国 | Roman Empire / business empire | 罗马帝国；商业帝国
empirical	kin	imperial	imperial	adj. 帝国的	imperial | adj. 帝国的 | imperial expansion / imperial measurement | 帝国扩张；英制计量
empirical	kin	imperative	imperative	adj./n. 必要的；命令	imperative | adj./n. 必要的；命令 | moral imperative / political imperative | 道德必要性；政治必要性
evidence-based	family	evidence	evidence	n. 证据	evidence | n. 证据 | scientific evidence | 科学证据
evidence-based	family	evident	evident	adj. 明显的	evident | adj. 明显的 | evident pattern | 明显模式
evidence-based	family	evidently	evidently	adv. 显然地	evidently | adv. 显然地 | evidently improve | 显然改善
evidence-based	kin	visible	visible	adj. 可见的	visible | adj. 可见的 | visible progress / visible damage | 明显进步；可见损害
evidence-based	kin	vision	vision	n. 视野；愿景	vision | n. 视野；愿景 | strategic vision / poor vision | 战略愿景；视力差
evidence-based	kin	video	video	n. 视频	video | n. 视频 | video evidence / educational video | 视频证据；教育视频
enable	family	enabled	enabled	adj. 被启用的	enabled | adj. 被启用的 | enabled access | 被启用的访问
enable	family	enabler	enabler	n. 促成者	enabler | n. 促成者 | technology enabler | 技术促成因素
enable	family	enabling	enabling	adj. 促成的	enabling | adj. 促成的 | enabling policy | 促成性政策
enable	kin	able	able	adj. 能够的	able | adj. 能够的 | able students / be able to adapt | 有能力的学生；能够适应
enable	kin	disable	disable	v. 使失去能力	disable | v. 使失去能力 | disable a function / disable an account | 禁用功能；停用账号
enable	kin	capable	capable	adj. 有能力的	capable | adj. 有能力的 | capable workers / capable of reform | 有能力的工人；能够改革
facilitate	family	facilitation	facilitation	n. 促进	facilitation | n. 促进 | trade facilitation | 贸易便利化
facilitate	family	facilitator	facilitator	n. 促进者	facilitator | n. 促进者 | learning facilitator | 学习促进者
facilitate	family	facilitated	facilitated	adj. 被促进的	facilitated | adj. 被促进的 | facilitated cooperation | 被促进的合作
facilitate	kin	facility	facility	n. 设施；能力	facility | n. 设施；能力 | public facility / language facility | 公共设施；语言能力
facilitate	kin	facile	facile	adj. 轻率的；轻易的	facile | adj. 轻率的；轻易的 | facile answer / facile solution | 轻率答案；轻易方案
facilitate	kin	faculty	faculty	n. 学院；能力	faculty | n. 学院；能力 | faculty member / mental faculty | 教职员工；心智能力
encounter	family	encounter	encounter	n. 遭遇	encounter | n. 遭遇 | brief encounter | 短暂遭遇
encounter	family	encountered	encountered	adj. 遇到的	encountered | adj. 遇到的 | encountered problem | 遇到的问题
encounter	family	encountering	encountering	n. 遭遇	encountering | n. 遭遇 | encountering barriers | 遭遇障碍
encounter	kin	counter	counter	n./v. 柜台；反制	counter | n./v. 柜台；反制 | counter argument / service counter | 反驳论点；服务柜台
encounter	kin	count	count	v./n. 计数；重要	count | v./n. 计数；重要 | count votes / every minute counts | 计票；每分钟都重要
encounter	kin	account	account	n./v. 账户；解释	account | n./v. 账户；解释 | bank account / account for differences | 银行账户；解释差异
confront	family	confrontation	confrontation	n. 对抗	confrontation | n. 对抗 | political confrontation | 政治对抗
confront	family	confronted	confronted	adj. 被面对的	confronted | adj. 被面对的 | confronted problem | 被面对的问题
confront	family	confrontational	confrontational	adj. 对抗性的	confrontational | adj. 对抗性的 | confrontational style | 对抗风格
confront	kin	frontier	frontier	n. 边疆；前沿	frontier | n. 边疆；前沿 | scientific frontier / frontier town | 科学前沿；边境城镇
confront	kin	forefront	forefront	n. 前沿；最前列	forefront | n. 前沿；最前列 | at the forefront of reform / technological forefront | 处于改革前沿；技术前沿
confront	kin	frontline	frontline	n./adj. 前线；一线的	frontline | n./adj. 前线；一线的 | frontline workers / frontline service | 一线工人；一线服务
encourage	family	encouragement	encouragement	n. 鼓励	encouragement | n. 鼓励 | teacher encouragement | 教师鼓励
encourage	family	encouraging	encouraging	adj. 鼓舞人心的	encouraging | adj. 鼓舞人心的 | encouraging result | 鼓舞结果
encourage	family	encouraged	encouraged	adj. 被鼓励的	encouraged | adj. 被鼓励的 | encouraged student | 被鼓励学生
encourage	kin	courage	courage	n. 勇气	courage | n. 勇气 | moral courage / political courage | 道德勇气；政治勇气
encourage	kin	discourage	discourage	v. 阻止；使灰心	discourage | v. 阻止；使灰心 | discourage waste / discourage students | 阻止浪费；使学生灰心
encourage	kin	core	core	n. 核心	core | n. 核心 | core value / core curriculum | 核心价值；核心课程
motivate	family	motivation	motivation	n. 动机；激励	motivation | n. 动机；激励 | learning motivation | 学习动机
motivate	family	motivated	motivated	adj. 有动力的	motivated | adj. 有动力的 | motivated student | 有动力学生
motivate	family	motivational	motivational	adj. 激励性的	motivational | adj. 激励性的 | motivational speech | 激励演讲
motivate	kin	motive	motive	n. 动机	motive | n. 动机 | hidden motive / economic motive | 隐藏动机；经济动机
motivate	kin	motion	motion	n. 运动；动议	motion | n. 运动；动议 | motion sensor / parliamentary motion | 运动传感器；议会动议
motivate	kin	emotion	emotion	n. 情绪	emotion | n. 情绪 | strong emotion / emotion regulation | 强烈情绪；情绪调节
endanger	family	endangered	endangered	adj. 濒危的	endangered | adj. 濒危的 | endangered species | 濒危物种
endanger	family	endangerment	endangerment	n. 危害	endangerment | n. 危害 | child endangerment | 危害儿童
endanger	family	danger	danger	n. 危险	danger | n. 危险 | public danger | 公共危险
endanger	kin	danger	danger	n. 危险	danger | n. 危险 | public danger / danger of collapse | 公共危险；崩塌危险
endanger	kin	dangerous	dangerous	adj. 危险的	dangerous | adj. 危险的 | dangerous chemicals / dangerous precedent | 危险化学品；危险先例
endanger	kin	jeopardy	jeopardy	n. 危险	jeopardy | n. 危险 | put jobs in jeopardy / legal jeopardy | 使工作处于危险中；法律风险
jeopardize	family	jeopardy	jeopardy	n. 危险	jeopardy | n. 危险 | legal jeopardy | 法律风险
jeopardize	family	jeopardized	jeopardized	adj. 被危及的	jeopardized | adj. 被危及的 | jeopardized safety | 被危及安全
jeopardize	family	jeopardizing	jeopardizing	n. 危及	jeopardizing | n. 危及 | jeopardizing health | 危及健康
jeopardize	kin	jeopardy	jeopardy	n. 危险	jeopardy | n. 危险 | put jobs in jeopardy / legal jeopardy | 使工作处于危险；法律风险
jeopardize	kin	leopard	leopard	n. 豹	leopard | n. 豹 | snow leopard / leopard habitat | 雪豹；豹子栖息地
jeopardize	kin	hazard	hazard	n. 危险	hazard | n. 危险 | health hazard / occupational hazard | 健康危害；职业风险
endure	family	endurance	endurance	n. 忍耐；耐力	endurance | n. 忍耐；耐力 | physical endurance | 身体耐力
endure	family	enduring	enduring	adj. 持久的	enduring | adj. 持久的 | enduring value | 持久价值
endure	family	endured	endured	adj. 经受过的	endured | adj. 经受过的 | endured hardship | 经受的困难
endure	kin	durable	durable	adj. 耐用的	durable | adj. 耐用的 | durable material / durable goods | 耐用材料；耐用品
endure	kin	duration	duration	n. 持续时间	duration | n. 持续时间 | long duration / project duration | 长持续时间；项目周期
endure	kin	during	during	prep. 在……期间	during | prep. 在……期间 | during childhood / during economic crises | 童年期间；经济危机期间
withstand	family	withstanding	withstanding	n. 经受	withstanding | n. 经受 | withstanding pressure | 承受压力
withstand	family	withstood	withstood	adj. 经受住的	withstood | adj. 经受住的 | withstood test | 经受住考验
withstand	family	withstandable	withstandable	adj. 可承受的	withstandable | adj. 可承受的 | withstandable pressure | 可承受压力
withstand	kin	stand	stand	v./n. 站立；立场	stand | v./n. 站立；立场 | stand firm / take a stand | 立场坚定；表明立场
withstand	kin	standard	standard	n./adj. 标准；标准的	standard | n./adj. 标准；标准的 | quality standard / standard procedure | 质量标准；标准流程
withstand	kin	outstanding	outstanding	adj. 杰出的；未解决的	outstanding | adj. 杰出的；未解决的 | outstanding achievement / outstanding debt | 杰出成就；未偿债务
enhance	family	enhancement	enhancement	n. 提升	enhancement | n. 提升 | performance enhancement | 性能提升
enhance	family	enhanced	enhanced	adj. 增强的	enhanced | adj. 增强的 | enhanced protection | 增强保护
enhance	family	enhancing	enhancing	adj. 增强的	enhancing | adj. 增强的 | enhancing effect | 增强效果
enhance	kin	chance	chance	n. 机会；概率	chance | n. 机会；概率 | equal chance / chance of success | 平等机会；成功概率
enhance	kin	enchant	enchant	v. 使着迷	enchant | v. 使着迷 | enchant visitors / enchanted forest | 使游客着迷；魔法森林
enhance	kin	chancellor	chancellor	n. 大臣；校长	chancellor | n. 大臣；校长 | university chancellor / German chancellor | 大学校长；德国总理
enormous	family	enormously	enormously	adv. 极大地	enormously | adv. 极大地 | increase enormously | 巨大增长
enormous	family	enormity	enormity	n. 巨大；严重性	enormity | n. 巨大；严重性 | enormity of crisis | 危机严重性
enormous	family	enormousness	enormousness	n. 巨大	enormousness | n. 巨大 | enormousness of cost | 成本巨大
enormous	kin	norm	norm	n. 规范；常态	norm | n. 规范；常态 | social norm / legal norm | 社会规范；法律规范
enormous	kin	normal	normal	adj. 正常的	normal | adj. 正常的 | normal distribution / normal life | 正态分布；正常生活
enormous	kin	enormousness	enormousness	n. 巨大	enormousness | n. 巨大 | enormousness of the task / enormousness of impact | 任务的巨大性；影响之大
immense	family	immensity	immensity	n. 巨大	immensity | n. 巨大 | immensity of pressure | 压力巨大
immense	family	immensely	immensely	adv. 极大地	immensely | adv. 极大地 | immensely benefit | 极大受益
immense	kin	mensuration	mensuration	n. 测量；量算	mensuration | n. 测量；量算 | land mensuration / geometric mensuration | 土地测量；几何测量
immense	kin	measure	measure	n./v. 测量；措施	measure | n./v. 测量；措施 | measure distance / policy measure | 测量距离；政策措施
immense	kin	dimension	dimension	n. 维度；尺寸	dimension | n. 维度；尺寸 | social dimension / spatial dimension | 社会维度；空间维度
ensure	family	ensured	ensured	adj. 被确保的	ensured | adj. 被确保的 | ensured access | 被确保的可及性
ensure	family	ensuring	ensuring	n. 确保	ensuring | n. 确保 | ensuring safety | 确保安全
ensure	family	ensurement	ensurement	n. 确保	ensurement | n. 确保 | ensurement of quality | 质量确保
ensure	kin	sure	sure	adj. 确定的	sure | adj. 确定的 | be sure of evidence / make sure | 确信证据；确保
ensure	kin	assure	assure	v. 保证；使安心	assure | v. 保证；使安心 | assure parents / assure investors of stability | 让父母安心；向投资者保证稳定
ensure	kin	insurance	insurance	n. 保险	insurance | n. 保险 | health insurance / insurance premium | 健康保险；保险费
guarantee	family	guarantee	guarantee	n. 保证	guarantee | n. 保证 | legal guarantee | 法律保证
guarantee	family	guaranteed	guaranteed	adj. 被保证的	guaranteed | adj. 被保证的 | guaranteed income | 保障收入
guarantee	family	guarantor	guarantor	n. 担保人	guarantor | n. 担保人 | loan guarantor | 贷款担保人
guarantee	kin	guard	guard	n./v. 守卫；保护	guard | n./v. 守卫；保护 | security guard / guard privacy | 保安；保护隐私
guarantee	kin	guardian	guardian	n. 监护人；守护者	guardian | n. 监护人；守护者 | legal guardian / guardian of tradition | 法定监护人；传统守护者
guarantee	kin	warrant	warrant	n./v. 授权令；保证	warrant | n./v. 授权令；保证 | search warrant / warrant attention | 搜查令；值得注意
entail	family	entailment	entailment	n. 蕴含；必要结果	entailment | n. 蕴含；必要结果 | logical entailment | 逻辑蕴含
entail	family	entailed	entailed	adj. 涉及的	entailed | adj. 涉及的 | entailed cost | 所涉及成本
entail	family	entailing	entailing	adj. 涉及的	entailing | adj. 涉及的 | entailing risk | 涉及风险
entail	kin	tail	tail	n. 尾巴；末端	tail | n. 尾巴；末端 | long tail effect / aircraft tail | 长尾效应；飞机尾部
entail	kin	retail	retail	n./v. 零售	retail | n./v. 零售 | retail price / retail business | 零售价；零售业务
entail	kin	curtail	curtail	v. 削减；限制	curtail | v. 削减；限制 | curtail freedom / curtail spending | 限制自由；削减开支
involve	family	involvement	involvement	n. 参与；涉及	involvement | n. 参与；涉及 | parental involvement | 父母参与
involve	family	involved	involved	adj. 涉及的	involved | adj. 涉及的 | involved parties | 相关方
involve	family	involving	involving	prep. 涉及	involving | prep. 涉及 | involving public funds | 涉及公共资金
involve	kin	revolve	revolve	v. 旋转；围绕	revolve | v. 旋转；围绕 | planets revolve / revolve around profit | 行星旋转；围绕利润
involve	kin	evolve	evolve	v. 进化；发展	evolve | v. 进化；发展 | species evolve / ideas evolve | 物种进化；观念发展
involve	kin	revolution	revolution	n. 革命；旋转	revolution | n. 革命；旋转 | industrial revolution / one revolution | 工业革命；旋转一圈
entire	family	entirely	entirely	adv. 完全地	entirely | adv. 完全地 | entirely depend | 完全依赖
entire	family	entirety	entirety	n. 全部	entirety | n. 全部 | entirety of system | 整个系统
entire	family	entireness	entireness	n. 完整性	entireness | n. 完整性 | entireness of plan | 计划完整性
entire	kin	tire	tire	n./v. 轮胎；疲劳	tire | n./v. 轮胎；疲劳 | car tire / tire quickly | 汽车轮胎；很快疲劳
entire	kin	attire	attire	n./v. 服装；穿衣	attire | n./v. 服装；穿衣 | formal attire / attire oneself | 正式服装；穿衣
entire	kin	satire	satire	n. 讽刺	satire | n. 讽刺 | political satire / satire writing | 政治讽刺；讽刺写作
whole	family	wholly	wholly	adv. 完全地	wholly | adv. 完全地 | wholly depend | 完全依赖
whole	family	wholeness	wholeness	n. 完整性	wholeness | n. 完整性 | wholeness of community | 社区完整性
whole	family	wholehearted	wholehearted	adj. 全心的	wholehearted | adj. 全心的 | wholehearted support | 全心支持
whole	kin	holistic	holistic	adj. 整体的	holistic | adj. 整体的 | holistic education / holistic approach | 整体教育；整体方法
whole	kin	wholesome	wholesome	adj. 健康的；有益的	wholesome | adj. 健康的；有益的 | wholesome food / wholesome entertainment | 健康食物；有益娱乐
whole	kin	wholly	wholly	adv. 完全地	wholly | adv. 完全地 | wholly different / wholly inadequate | 完全不同；完全不足
equitable	family	equity	equity	n. 公平	equity | n. 公平 | educational equity | 教育公平
equitable	family	equitably	equitably	adv. 公平地	equitably | adv. 公平地 | distribute equitably | 公平分配
equitable	family	inequitable	inequitable	adj. 不公平的	inequitable | adj. 不公平的 | inequitable system | 不公平制度
equitable	kin	equal	equal	adj. 平等的；相等的	equal | adj. 平等的；相等的 | equal opportunity / equal pressure | 平等机会；相等压力
equitable	kin	equity	equity	n. 公平；资产净值	equity | n. 公平；资产净值 | educational equity / home equity | 教育公平；房屋净值
equitable	kin	equation	equation	n. 方程；等式	equation | n. 方程；等式 | linear equation / economic equation | 线性方程；经济等式
fair	family	fairness	fairness	n. 公平	fairness | n. 公平 | social fairness | 社会公平
fair	family	fairly	fairly	adv. 公平地	fairly | adv. 公平地 | treat fairly | 公平对待
fair	family	unfair	unfair	adj. 不公平的	unfair | adj. 不公平的 | unfair rule | 不公平规则
fair	kin	affair	affair	n. 事务；事件	affair | n. 事务；事件 | public affair / foreign affairs | 公共事务；外交事务
fair	kin	unfair	unfair	adj. 不公平的	unfair | adj. 不公平的 | unfair treatment / unfair competition | 不公平待遇；不公平竞争
fair	kin	fairy	fairy	n. 仙子	fairy | n. 仙子 | fairy tale / fairy wings | 童话；仙子翅膀
comparable	family	comparison	comparison	n. 比较	comparison | n. 比较 | fair comparison | 公平比较
comparable	family	comparably	comparably	adv. 可比较地	comparably | adv. 可比较地 | compare comparably | 可比较地比较
comparable	family	incomparable	incomparable	adj. 无可比拟的	incomparable | adj. 无可比拟的 | incomparable value | 无可比拟价值
comparable	kin	compare	compare	v. 比较	compare | v. 比较 | compare outcomes / compare prices | 比较结果；比较价格
comparable	kin	parity	parity	n. 平等；对等	parity | n. 平等；对等 | gender parity / price parity | 性别平等；价格平价
comparable	kin	pair	pair	n./v. 一对；配对	pair | n./v. 一对；配对 | a pair of shoes / pair words together | 一双鞋；把词配对
erratic	family	erratically	erratically	adv. 不规律地	erratically | adv. 不规律地 | behave erratically | 行为反复无常
erratic	family	erraticism	erraticism	n. 不稳定性	erraticism | n. 不稳定性 | erraticism of demand | 需求不稳定性
erratic	kin	error	error	n. 错误	error | n. 错误 | system error / measurement error | 系统错误；测量误差
erratic	kin	err	err	v. 犯错；偏离	err | v. 犯错；偏离 | err on the side of caution / humans err | 宁可谨慎；人会犯错
erratic	kin	wander	wander	v. 游荡；偏离	wander | v. 游荡；偏离 | wander off topic / wander through streets | 偏离主题；在街上闲逛
irregular	family	regular	regular	adj. 规律的	regular | adj. 规律的 | regular income | 稳定收入
irregular	family	irregularity	irregularity	n. 不规则；违规	irregularity | n. 不规则；违规 | financial irregularity | 财务违规
irregular	family	irregularly	irregularly	adv. 不规律地	irregularly | adv. 不规律地 | work irregularly | 不规律工作
irregular	kin	regular	regular	adj. 规则的；定期的	regular | adj. 规则的；定期的 | regular exercise / regular pattern | 定期运动；规则模式
irregular	kin	regulate	regulate	v. 监管；调节	regulate | v. 监管；调节 | regulate markets / regulate body temperature | 监管市场；调节体温
irregular	kin	rule	rule	n./v. 规则；统治	rule | n./v. 规则；统治 | school rule / rule a country | 校规；统治国家
essential	family	essence	essence	n. 本质	essence | n. 本质 | essence of reform | 改革本质
essential	family	essentially	essentially	adv. 本质上	essentially | adv. 本质上 | essentially depend | 本质上依赖
essential	family	inessential	inessential	adj. 非必要的	inessential | adj. 非必要的 | inessential detail | 非必要细节
essential	kin	essence	essence	n. 本质；精华	essence | n. 本质；精华 | the essence of democracy / plant essence | 民主的本质；植物精华
essential	kin	sense	sense	n. 感觉；意义	sense | n. 感觉；意义 | common sense / sense of identity | 常识；身份感
essential	kin	sensory	sensory	adj. 感官的	sensory | adj. 感官的 | sensory input / sensory experience | 感官输入；感官体验
indispensable	family	indispensability	indispensability	n. 不可或缺性	indispensability | n. 不可或缺性 | indispensability of evidence | 证据不可或缺性
indispensable	family	indispensably	indispensably	adv. 必不可少地	indispensably | adv. 必不可少地 | contribute indispensably | 不可或缺地贡献
indispensable	family	dispensable	dispensable	adj. 可有可无的	dispensable | adj. 可有可无的 | dispensable cost | 可省成本
indispensable	kin	pend	pend	root 悬挂；称量	pend | root 悬挂；称量 | pending case / pendant light | 悬而未决案件；吊灯
indispensable	kin	depend	depend	v. 依赖	depend | v. 依赖 | depend on public transport / depend on evidence | 依赖公共交通；依赖证据
indispensable	kin	dispense	dispense	v. 分发；免除	dispense | v. 分发；免除 | dispense medicine / dispense with rules | 配发药物；免去规则
establish	family	establishment	establishment	n. 建立；机构	establishment | n. 建立；机构 | educational establishment | 教育机构
establish	family	established	established	adj. 已确立的	established | adj. 已确立的 | established rule | 既定规则
establish	family	establishing	establishing	n. 建立	establishing | n. 建立 | establishing standards | 建立标准
establish	kin	stable	stable	adj. 稳定的	stable | adj. 稳定的 | stable income / stable government | 稳定收入；稳定政府
establish	kin	table	table	n. 桌子；表格	table | n. 桌子；表格 | data table / dining table | 数据表；餐桌
establish	kin	stall	stall	n./v. 摊位；停滞	stall | n./v. 摊位；停滞 | market stall / reform stalls | 市场摊位；改革停滞
found	family	foundation	foundation	n. 基础；基金会	foundation | n. 基础；基金会 | solid foundation | 坚实基础
found	family	founder	founder	n. 创始人	founder | n. 创始人 | company founder | 公司创始人
found	family	founded	founded	adj. 建立的	founded | adj. 建立的 | newly founded school | 新建学校
found	kin	foundation	foundation	n. 基础；基金会	foundation | n. 基础；基金会 | solid foundation / charitable foundation | 坚实基础；慈善基金会
found	kin	fund	fund	n./v. 资金；资助	fund | n./v. 资金；资助 | public fund / fund research | 公共基金；资助研究
found	kin	profound	profound	adj. 深刻的	profound | adj. 深刻的 | profound change / profound impact | 深刻变化；深远影响
estimate	family	estimation	estimation	n. 估计	estimation | n. 估计 | cost estimation | 成本估算
estimate	family	estimated	estimated	adj. 估计的	estimated | adj. 估计的 | estimated cost | 估计成本
estimate	family	estimator	estimator	n. 估算者	estimator | n. 估算者 | cost estimator | 成本估算者
estimate	kin	esteem	esteem	n./v. 尊重；敬重	esteem | n./v. 尊重；敬重 | self-esteem / hold teachers in high esteem | 自尊；高度尊重教师
estimate	kin	overestimate	overestimate	v. 高估	overestimate | v. 高估 | overestimate demand / overestimate ability | 高估需求；高估能力
estimate	kin	underestimate	underestimate	v. 低估	underestimate | v. 低估 | underestimate costs / underestimate risk | 低估成本；低估风险
approximate	family	approximation	approximation	n. 近似值	approximation | n. 近似值 | rough approximation | 粗略近似值
approximate	family	approximately	approximately	adv. 大约	approximately | adv. 大约 | approximately equal | 大约相等
approximate	family	approximated	approximated	adj. 近似的	approximated | adj. 近似的 | approximated figure | 近似数字
approximate	kin	proximity	proximity	n. 接近；邻近	proximity | n. 接近；邻近 | geographical proximity / proximity to schools | 地理邻近；靠近学校
approximate	kin	proxy	proxy	n. 代理；替代指标	proxy | n. 代理；替代指标 | a proxy indicator / vote by proxy | 替代指标；代理投票
approximate	kin	approach	approach	n./v. 方法；接近	approach | n./v. 方法；接近 | a practical approach / approach a problem | 实用方法；处理问题
ethical	family	ethics	ethics	n. 伦理	ethics | n. 伦理 | medical ethics | 医学伦理
ethical	family	ethically	ethically	adv. 合乎伦理地	ethically | adv. 合乎伦理地 | act ethically | 合乎伦理地行动
ethical	family	unethical	unethical	adj. 不道德的	unethical | adj. 不道德的 | unethical practice | 不道德做法
ethical	kin	ethics	ethics	n. 伦理	ethics | n. 伦理 | research ethics / business ethics | 研究伦理；商业伦理
ethical	kin	ethnic	ethnic	adj. 民族的	ethnic | adj. 民族的 | ethnic identity / ethnic minority | 民族身份；少数族裔
ethical	kin	ethnography	ethnography	n. 民族志	ethnography | n. 民族志 | digital ethnography / ethnographic fieldwork | 数字民族志；民族志田野调查
moral	family	morality	morality	n. 道德	morality | n. 道德 | public morality | 公共道德
moral	family	morally	morally	adv. 道德上	morally | adv. 道德上 | morally responsible | 道德上负责
moral	family	immoral	immoral	adj. 不道德的	immoral | adj. 不道德的 | immoral behavior | 不道德行为
moral	kin	morale	morale	n. 士气	morale | n. 士气 | high morale / employee morale | 高士气；员工士气
moral	kin	morality	morality	n. 道德	morality | n. 道德 | public morality / moral philosophy | 公共道德；道德哲学
moral	kin	mortal	mortal	adj./n. 会死的；凡人	mortal | adj./n. 会死的；凡人 | mortal danger / mortal beings | 致命危险；凡人
eventually	family	eventual	eventual	adj. 最终的	eventual | adj. 最终的 | eventual result | 最终结果
eventually	family	eventuality	eventuality	n. 可能结果	eventuality | n. 可能结果 | possible eventuality | 可能结果
eventually	family	event	event	n. 事件	event | n. 事件 | major event | 重大事件
eventually	kin	event	event	n. 事件	event | n. 事件 | major event / sporting event | 重大事件；体育赛事
eventually	kin	prevent	prevent	v. 防止	prevent | v. 防止 | prevent disease / prevent crime | 预防疾病；预防犯罪
eventually	kin	intervention	intervention	n. 干预	intervention | n. 干预 | early intervention / state intervention | 早期干预；国家干预
ultimately	family	ultimate	ultimate	adj. 最终的	ultimate | adj. 最终的 | ultimate goal | 最终目标
ultimately	family	ultimatum	ultimatum	n. 最后通牒	ultimatum | n. 最后通牒 | political ultimatum | 政治最后通牒
ultimately	family	ultimacy	ultimacy	n. 终极性	ultimacy | n. 终极性 | ultimacy of value | 价值终极性
ultimately	kin	ultimate	ultimate	adj. 最终的；根本的	ultimate | adj. 最终的；根本的 | ultimate goal / ultimate cause | 最终目标；根本原因
ultimately	kin	ultimatum	ultimatum	n. 最后通牒	ultimatum | n. 最后通牒 | issue an ultimatum / political ultimatum | 发出最后通牒；政治最后通牒
ultimately	kin	limit	limit	n./v. 限制；限度	limit | n./v. 限制；限度 | legal limit / limit emissions | 法律限制；限制排放
evident	family	evidence	evidence	n. 证据	evidence | n. 证据 | scientific evidence | 科学证据
evident	family	evidently	evidently	adv. 显然	evidently | adv. 显然 | evidently false | 显然错误
evident	family	self-evident	self-evident	adj. 不言自明的	self-evident | adj. 不言自明的 | self-evident truth | 不言自明的真理
evident	kin	visible	visible	adj. 可见的	visible | adj. 可见的 | visible progress / visible damage | 明显进步；可见损害
evident	kin	vision	vision	n. 视力；愿景	vision | n. 视力；愿景 | strategic vision / poor vision | 战略愿景；视力差
evident	kin	video	video	n. 视频	video | n. 视频 | video evidence / educational video | 视频证据；教育视频
apparent	family	apparently	apparently	adv. 显然；表面上	apparently | adv. 显然；表面上 | apparently harmless | 表面无害
apparent	family	appearance	appearance	n. 外观；出现	appearance | n. 外观；出现 | public appearance | 公开露面
apparent	family	apparency	apparency	n. 明显性	apparency | n. 明显性 | apparency of risk | 风险明显性
apparent	kin	parent	parent	n. 父母	parent | n. 父母 | working parent / parent company | 在职父母；母公司
apparent	kin	transparent	transparent	adj. 透明的	transparent | adj. 透明的 | transparent process / transparent material | 透明流程；透明材料
apparent	kin	appearance	appearance	n. 外观；出现	appearance | n. 外观；出现 | physical appearance / first appearance | 外貌；首次出现
evoke	family	evocation	evocation	n. 唤起	evocation | n. 唤起 | evocation of memory | 记忆唤起
evoke	family	evocative	evocative	adj. 唤起情感的	evocative | adj. 唤起情感的 | evocative image | 唤起情感的图像
evoke	family	evoked	evoked	adj. 被唤起的	evoked | adj. 被唤起的 | evoked response | 被唤起的反应
evoke	kin	voice	voice	n./v. 声音；表达	voice | n./v. 声音；表达 | public voice / voice concern | 公众声音；表达担忧
evoke	kin	vocal	vocal	adj. 声音的；直言的	vocal | adj. 声音的；直言的 | vocal opposition / vocal training | 公开反对；声乐训练
evoke	kin	invoke	invoke	v. 援引；调用	invoke | v. 援引；调用 | invoke authority / invoke a function | 援引权威；调用函数
elicit	family	elicitation	elicitation	n. 引出	elicitation | n. 引出 | data elicitation | 数据引出
elicit	family	elicited	elicited	adj. 被引出的	elicited | adj. 被引出的 | elicited response | 被引出的回应
elicit	family	eliciting	eliciting	adj. 引发的	eliciting | adj. 引发的 | eliciting question | 引导性问题
elicit	kin	solicit	solicit	v. 征求；索取	solicit | v. 征求；索取 | solicit feedback / solicit donations | 征求反馈；募捐
elicit	kin	illicit	illicit	adj. 非法的	illicit | adj. 非法的 | illicit trade / illicit drugs | 非法贸易；非法药物
elicit	kin	delicate	delicate	adj. 精细的；脆弱的	delicate | adj. 精细的；脆弱的 | delicate balance / delicate skin | 微妙平衡；娇嫩皮肤
exact	family	exactly	exactly	adv. 精确地；正是	exactly | adv. 精确地；正是 | exactly measure | 精确测量
exact	family	exactness	exactness	n. 精确性	exactness | n. 精确性 | exactness of data | 数据精确性
exact	family	inexact	inexact	adj. 不精确的	inexact | adj. 不精确的 | inexact estimate | 不精确估计
exact	kin	act	act	n./v. 行为；行动	act | n./v. 行为；行动 | public act / act quickly | 公共行为；迅速行动
exact	kin	enact	enact	v. 制定；颁布	enact | v. 制定；颁布 | enact a law / enact reform | 颁布法律；实施改革
exact	kin	actor	actor	n. 行动者；演员	actor | n. 行动者；演员 | social actor / film actor | 社会行动者；电影演员
precise	family	precision	precision	n. 精确	precision | n. 精确 | measurement precision | 测量精度
precise	family	precisely	precisely	adv. 精确地	precisely | adv. 精确地 | measure precisely | 精确测量
precise	family	imprecise	imprecise	adj. 不精确的	imprecise | adj. 不精确的 | imprecise language | 不精确语言
precise	kin	scissors	scissors	n. 剪刀	scissors | n. 剪刀 | sharp scissors / surgical scissors | 锋利剪刀；手术剪
precise	kin	incision	incision	n. 切口	incision | n. 切口 | surgical incision / small incision | 手术切口；小切口
precise	kin	concise	concise	adj. 简洁的	concise | adj. 简洁的 | concise summary / concise writing | 简洁总结；简洁写作
exaggerate	family	exaggeration	exaggeration	n. 夸大	exaggeration | n. 夸大 | media exaggeration | 媒体夸大
exaggerate	family	exaggerated	exaggerated	adj. 被夸大的	exaggerated | adj. 被夸大的 | exaggerated risk | 被夸大的风险
exaggerate	family	exaggerating	exaggerating	adj. 夸大的	exaggerating | adj. 夸大的 | exaggerating claim | 夸张说法
exaggerate	kin	grand	grand	adj. 宏大的	grand | adj. 宏大的 | grand plan / grand building | 宏大计划；宏伟建筑
exaggerate	kin	aggregate	aggregate	v./n. 汇总；总量	aggregate | v./n. 汇总；总量 | aggregate data / aggregate demand | 汇总数据；总需求
exaggerate	kin	gigantic	gigantic	adj. 巨大的	gigantic | adj. 巨大的 | gigantic cost / gigantic statue | 巨大成本；巨型雕像
overstate	family	overstatement	overstatement	n. 夸大	overstatement | n. 夸大 | political overstatement | 政治夸大
overstate	family	overstated	overstated	adj. 被夸大的	overstated | adj. 被夸大的 | overstated benefit | 被夸大的好处
overstate	family	overstating	overstating	n. 夸大	overstating | n. 夸大 | overstating risks | 夸大风险
overstate	kin	state	state	n./v. 国家；陈述	state | n./v. 国家；陈述 | welfare state / state a fact | 福利国家；陈述事实
overstate	kin	statement	statement	n. 声明；陈述	statement | n. 声明；陈述 | official statement / financial statement | 官方声明；财务报表
overstate	kin	estate	estate	n. 房地产；遗产	estate | n. 房地产；遗产 | real estate / estate tax | 房地产；遗产税
examine	family	examination	examination	n. 检查；考试	examination | n. 检查；考试 | medical examination | 医学检查
examine	family	examiner	examiner	n. 考官；检查员	examiner | n. 考官；检查员 | IELTS examiner | 雅思考官
examine	family	examined	examined	adj. 被检查的	examined | adj. 被检查的 | examined evidence | 被审查证据
examine	kin	exam	exam	n. 考试	exam | n. 考试 | final exam / English exam | 期末考试；英语考试
examine	kin	example	example	n. 例子	example | n. 例子 | classic example / real-world example | 经典例子；现实例子
examine	kin	exact	exact	adj. 精确的	exact | adj. 精确的 | exact number / exact meaning | 准确数字；确切含义
inspect	family	inspection	inspection	n. 检查	inspection | n. 检查 | safety inspection | 安全检查
inspect	family	inspector	inspector	n. 检查员	inspector | n. 检查员 | food inspector | 食品检查员
inspect	family	inspected	inspected	adj. 被检查的	inspected | adj. 被检查的 | inspected factory | 被检查工厂
inspect	kin	spectacle	spectacle	n. 景象；奇观	spectacle | n. 景象；奇观 | public spectacle / visual spectacle | 公共奇观；视觉奇观
inspect	kin	perspective	perspective	n. 视角	perspective | n. 视角 | historical perspective / different perspective | 历史视角；不同视角
inspect	kin	suspect	suspect	v./n. 怀疑；嫌疑人	suspect | v./n. 怀疑；嫌疑人 | suspect fraud / main suspect | 怀疑欺诈；主要嫌疑人
exceed	family	excess	excess	n. 过量	excess | n. 过量 | excess spending | 过度支出
exceed	family	excessive	excessive	adj. 过度的	excessive | adj. 过度的 | excessive cost | 过高成本
exceed	family	exceeding	exceeding	adj. 超过的	exceeding | adj. 超过的 | exceeding limit | 超出限制
exceed	kin	proceed	proceed	v. 继续；进行	proceed | v. 继续；进行 | proceed with reform / proceed to the next stage | 继续改革；进入下一阶段
exceed	kin	succeed	succeed	v. 成功；继承	succeed | v. 成功；继承 | succeed in business / succeed the previous leader | 商业成功；继任前任领导
exceed	kin	recede	recede	v. 后退；减弱	recede | v. 后退；减弱 | floodwaters recede / recede from memory | 洪水退去；从记忆中淡去
surpass	family	surpassing	surpassing	adj. 超越的	surpassing | adj. 超越的 | surpassing quality | 卓越质量
surpass	family	surpassed	surpassed	adj. 被超过的	surpassed | adj. 被超过的 | surpassed target | 被超过的目标
surpass	family	surpassable	surpassable	adj. 可超越的	surpassable | adj. 可超越的 | surpassable limit | 可超越限制
surpass	kin	pass	pass	v./n. 通过；通行证	pass | v./n. 通过；通行证 | pass an exam / bus pass | 通过考试；公交卡
surpass	kin	passage	passage	n. 通道；段落	passage | n. 通道；段落 | reading passage / safe passage | 阅读段落；安全通道
surpass	kin	bypass	bypass	v./n. 绕过；旁路	bypass | v./n. 绕过；旁路 | bypass restrictions / heart bypass | 绕过限制；心脏搭桥
exceptional	family	exception	exception	n. 例外	exception | n. 例外 | rare exception | 罕见例外
exceptional	family	exceptionally	exceptionally	adv. 异常地	exceptionally | adv. 异常地 | exceptionally difficult | 异常困难
exceptional	family	unexceptional	unexceptional	adj. 普通的	unexceptional | adj. 普通的 | unexceptional result | 普通结果
exceptional	kin	except	except	v./prep. 除外	except | v./prep. 除外 | except minor cases / except for high costs | 除小案例外；除了高成本
exceptional	kin	exception	exception	n. 例外	exception | n. 例外 | rare exception / legal exception | 罕见例外；法律例外
exceptional	kin	intercept	intercept	v. 拦截	intercept | v. 拦截 | intercept messages / intercept a missile | 拦截信息；拦截导弹
extraordinary	family	extraordinarily	extraordinarily	adv. 非常地	extraordinarily | adv. 非常地 | extraordinarily effective | 非常有效
extraordinary	family	extraordinariness	extraordinariness	n. 非凡	extraordinariness | n. 非凡 | extraordinariness of achievement | 成就非凡性
extraordinary	family	ordinary	ordinary	adj. 普通的	ordinary | adj. 普通的 | ordinary worker | 普通工人
extraordinary	kin	order	order	n./v. 秩序；命令	order | n./v. 秩序；命令 | social order / order supplies | 社会秩序；订购物资
extraordinary	kin	ordinary	ordinary	adj. 普通的	ordinary | adj. 普通的 | ordinary people / ordinary language | 普通人；日常语言
extraordinary	kin	subordinate	subordinate	adj./n. 下级的；从句	subordinate | adj./n. 下级的；从句 | subordinate clause / subordinate employee | 从句；下属员工
excessive	family	excess	excess	n. 过量	excess | n. 过量 | excess consumption | 过度消费
excessive	family	excessively	excessively	adv. 过度地	excessively | adv. 过度地 | spend excessively | 过度花费
excessive	family	excessiveness	excessiveness	n. 过度	excessiveness | n. 过度 | excessiveness of debt | 债务过度
excessive	kin	exceed	exceed	v. 超过	exceed | v. 超过 | exceed expectations / exceed the limit | 超出预期；超过限制
excessive	kin	excess	excess	n./adj. 过量；额外的	excess | n./adj. 过量；额外的 | excess demand / excess fat | 过量需求；多余脂肪
excessive	kin	access	access	n./v. 进入；获取	access | n./v. 进入；获取 | internet access / access data | 互联网接入；获取数据
undue	family	unduly	unduly	adv. 过度地	unduly | adv. 过度地 | unduly influence | 过度影响
undue	family	dueness	dueness	n. 应得性	dueness | n. 应得性 | dueness of payment | 付款到期性
undue	family	due	due	adj. 到期的；应有的	due | adj. 到期的；应有的 | due process | 正当程序
undue	kin	due	due	adj. 到期的；应有的	due | adj. 到期的；应有的 | due process / payment due | 正当程序；应付款
undue	kin	duty	duty	n. 责任；税	duty | n. 责任；税 | public duty / import duty | 公共责任；进口税
undue	kin	endue	endue	v. 赋予	endue | v. 赋予 | endue someone with rights / endue a role with meaning | 赋予某人权利；赋予角色意义
exclude	family	exclusion	exclusion	n. 排除	exclusion | n. 排除 | social exclusion | 社会排斥
exclude	family	excluded	excluded	adj. 被排除的	excluded | adj. 被排除的 | excluded students | 被排除学生
exclude	family	exclusive	exclusive	adj. 排他的；独家的	exclusive | adj. 排他的；独家的 | exclusive access | 独家访问
exclude	kin	include	include	v. 包括	include | v. 包括 | include all residents / include hidden costs | 包括所有居民；包括隐藏成本
exclude	kin	closure	closure	n. 关闭；了结	closure | n. 关闭；了结 | school closure / emotional closure | 学校关闭；情感了结
exclude	kin	clause	clause	n. 条款；从句	clause | n. 条款；从句 | contract clause / relative clause | 合同条款；关系从句
omit	family	omission	omission	n. 省略；遗漏	omission | n. 省略；遗漏 | serious omission | 严重遗漏
omit	family	omitted	omitted	adj. 被遗漏的	omitted | adj. 被遗漏的 | omitted detail | 被遗漏细节
omit	family	omissible	omissible	adj. 可省略的	omissible | adj. 可省略的 | omissible phrase | 可省略短语
omit	kin	emit	emit	v. 排放；发出	emit | v. 排放；发出 | emit carbon dioxide / emit light | 排放二氧化碳；发光
omit	kin	submit	submit	v. 提交；屈服	submit | v. 提交；屈服 | submit an application / submit to authority | 提交申请；服从权威
omit	kin	permit	permit	v./n. 允许；许可证	permit | v./n. 允许；许可证 | permit entry / work permit | 允许进入；工作许可
exhibit	family	exhibition	exhibition	n. 展览	exhibition | n. 展览 | public exhibition | 公共展览
exhibit	family	exhibited	exhibited	adj. 被展示的	exhibited | adj. 被展示的 | exhibited artwork | 展出作品
exhibit	family	exhibitor	exhibitor	n. 展商	exhibitor | n. 展商 | museum exhibitor | 博物馆展商
exhibit	kin	habit	habit	n. 习惯	habit | n. 习惯 | study habit / consumer habit | 学习习惯；消费习惯
exhibit	kin	inhibit	inhibit	v. 抑制	inhibit | v. 抑制 | inhibit growth / inhibit response | 抑制增长；抑制反应
exhibit	kin	prohibit	prohibit	v. 禁止	prohibit | v. 禁止 | prohibit smoking / prohibit discrimination | 禁止吸烟；禁止歧视
display	family	display	display	n. 展示；显示	display | n. 展示；显示 | digital display | 数字显示屏
display	family	displayed	displayed	adj. 被展示的	displayed | adj. 被展示的 | displayed data | 被展示数据
display	family	displayable	displayable	adj. 可展示的	displayable | adj. 可展示的 | displayable result | 可展示结果
display	kin	play	play	v./n. 玩；戏剧	play | v./n. 玩；戏剧 | play a role / school play | 发挥作用；校园剧
display	kin	replay	replay	v./n. 重播；回放	replay | v./n. 重播；回放 | video replay / replay memories | 视频回放；重放记忆
display	kin	playground	playground	n. 操场；活动场	playground | n. 操场；活动场 | school playground / political playground | 学校操场；政治活动场
expand	family	expansion	expansion	n. 扩张	expansion | n. 扩张 | urban expansion | 城市扩张
expand	family	expanded	expanded	adj. 扩大的	expanded | adj. 扩大的 | expanded service | 扩大后的服务
expand	family	expansive	expansive	adj. 广阔的	expansive | adj. 广阔的 | expansive policy | 扩张性政策
expand	kin	span	span	n./v. 跨度；横跨	span | n./v. 跨度；横跨 | attention span / span two decades | 注意广度；横跨二十年
expand	kin	expanse	expanse	n. 广阔区域	expanse | n. 广阔区域 | vast expanse / expanse of ocean | 广阔空间；一大片海洋
expand	kin	spandex	spandex	n. 氨纶	spandex | n. 氨纶 | spandex fabric / spandex leggings | 氨纶面料；氨纶打底裤
extend	family	extension	extension	n. 延伸；扩展	extension | n. 延伸；扩展 | service extension | 服务扩展
extend	family	extended	extended	adj. 延长的	extended | adj. 延长的 | extended retirement | 延长退休
extend	family	extendable	extendable	adj. 可延长的	extendable | adj. 可延长的 | extendable deadline | 可延长期限
extend	kin	tendon	tendon	n. 肌腱	tendon | n. 肌腱 | Achilles tendon / tendon injury | 跟腱；肌腱损伤
extend	kin	tension	tension	n. 张力；紧张	tension | n. 张力；紧张 | surface tension / social tension | 表面张力；社会紧张
extend	kin	intend	intend	v. 打算	intend | v. 打算 | intend to reform / intend no harm | 打算改革；无意伤害
expedite	family	expedition	expedition	n. 远征；迅速处理	expedition | n. 远征；迅速处理 | research expedition | 研究远征
expedite	family	expedited	expedited	adj. 加快的	expedited | adj. 加快的 | expedited process | 加快流程
expedite	family	expeditious	expeditious	adj. 迅速的	expeditious | adj. 迅速的 | expeditious response | 迅速回应
expedite	kin	pedal	pedal	n./v. 踏板；踩踏	pedal | n./v. 踏板；踩踏 | brake pedal / pedal a bike | 刹车踏板；踩自行车
expedite	kin	pedestrian	pedestrian	n./adj. 行人；步行的	pedestrian | n./adj. 行人；步行的 | pedestrian safety / pedestrian street | 行人安全；步行街
expedite	kin	expedition	expedition	n. 远征；考察	expedition | n. 远征；考察 | scientific expedition / polar expedition | 科学考察；极地远征
accelerate	family	acceleration	acceleration	n. 加速	acceleration | n. 加速 | technological acceleration | 技术加速
accelerate	family	accelerated	accelerated	adj. 加速的	accelerated | adj. 加速的 | accelerated growth | 加速增长
accelerate	family	accelerator	accelerator	n. 加速器	accelerator | n. 加速器 | particle accelerator | 粒子加速器
accelerate	kin	celerity	celerity	n. 迅速	celerity | n. 迅速 | act with celerity / administrative celerity | 迅速行动；行政效率
accelerate	kin	decelerate	decelerate	v. 减速	decelerate | v. 减速 | decelerate a vehicle / decelerate growth | 让车辆减速；放缓增长
accelerate	kin	velocity	velocity	n. 速度	velocity | n. 速度 | high velocity / velocity of change | 高速；变化速度
expenditure	family	expend	expend	v. 花费；消耗	expend | v. 花费；消耗 | expend resources | 消耗资源
expenditure	family	expended	expended	adj. 被花费的	expended | adj. 被花费的 | expended funds | 已花费资金
expenditure	family	expendable	expendable	adj. 可消耗的	expendable | adj. 可消耗的 | expendable resource | 可消耗资源
expenditure	kin	spend	spend	v. 花费	spend | v. 花费 | spend public money / spend time learning | 花公共资金；花时间学习
expenditure	kin	expensive	expensive	adj. 昂贵的	expensive | adj. 昂贵的 | expensive housing / expensive treatment | 昂贵住房；昂贵治疗
expenditure	kin	pension	pension	n. 养老金	pension | n. 养老金 | state pension / pension reform | 国家养老金；养老金改革
spending	family	spend	spend	v. 花费	spend | v. 花费 | spend money | 花钱
spending	family	spent	spent	adj. 已花费的	spent | adj. 已花费的 | spent funds | 已花费资金
spending	family	spender	spender	n. 花钱者	spender | n. 花钱者 | heavy spender | 大手大脚花钱者
spending	kin	spend	spend	v. 花费	spend | v. 花费 | spend public money / spend time learning | 花公共资金；花时间学习
spending	kin	expenditure	expenditure	n. 支出	expenditure | n. 支出 | public expenditure / health expenditure | 公共支出；医疗支出
spending	kin	expensive	expensive	adj. 昂贵的	expensive | adj. 昂贵的 | expensive housing / expensive treatment | 昂贵住房；昂贵治疗
explicit	family	explicitly	explicitly	adv. 明确地	explicitly | adv. 明确地 | explicitly state | 明确说明
explicit	family	explicitness	explicitness	n. 明确性	explicitness | n. 明确性 | explicitness of rule | 规则明确性
explicit	family	implicit	implicit	adj. 隐含的	implicit | adj. 隐含的 | implicit assumption | 隐含假设
explicit	kin	implicit	implicit	adj. 含蓄的	implicit | adj. 含蓄的 | implicit bias / implicit meaning | 隐性偏见；隐含意义
explicit	kin	complicate	complicate	v. 使复杂化	complicate | v. 使复杂化 | complicate diagnosis / complicate reform | 使诊断复杂化；使改革复杂化
explicit	kin	replicate	replicate	v. 复制；复现	replicate | v. 复制；复现 | replicate results / replicate a model | 复现实验结果；复制模型
clear	family	clarity	clarity	n. 清晰	clarity | n. 清晰 | policy clarity | 政策清晰度
clear	family	clearly	clearly	adv. 清楚地	clearly | adv. 清楚地 | explain clearly | 清楚解释
clear	family	unclear	unclear	adj. 不清楚的	unclear | adj. 不清楚的 | unclear rule | 不清楚规则
clear	kin	declare	declare	v. 宣布；声明	declare | v. 宣布；声明 | declare independence / declare a policy | 宣布独立；宣布政策
clear	kin	clarify	clarify	v. 澄清	clarify | v. 澄清 | clarify meaning / clarify responsibilities | 澄清含义；明确责任
clear	kin	clearance	clearance	n. 清除；许可	clearance | n. 清除；许可 | security clearance / clearance sale | 安全许可；清仓甩卖
exploit	family	exploitation	exploitation	n. 利用；剥削	exploitation | n. 利用；剥削 | worker exploitation | 工人剥削
exploit	family	exploitative	exploitative	adj. 剥削性的	exploitative | adj. 剥削性的 | exploitative practice | 剥削性做法
exploit	family	exploited	exploited	adj. 被剥削的	exploited | adj. 被剥削的 | exploited worker | 被剥削工人
exploit	kin	employ	employ	v. 雇用；使用	employ | v. 雇用；使用 | employ workers / employ a method | 雇用工人；使用方法
exploit	kin	deployment	deployment	n. 部署	deployment | n. 部署 | technology deployment / military deployment | 技术部署；军事部署
exploit	kin	plot	plot	n./v. 情节；策划	plot | n./v. 情节；策划 | plot development / plot a route | 情节发展；规划路线
utilize	family	utilization	utilization	n. 利用	utilization | n. 利用 | resource utilization | 资源利用
utilize	family	utilized	utilized	adj. 被利用的	utilized | adj. 被利用的 | utilized data | 被利用数据
utilize	family	utility	utility	n. 效用；公用事业	utility | n. 效用；公用事业 | public utility | 公用事业
utilize	kin	utility	utility	n. 实用性；公用事业	utility | n. 实用性；公用事业 | public utility / utility value | 公共事业；实用价值
utilize	kin	useful	useful	adj. 有用的	useful | adj. 有用的 | useful evidence / useful tool | 有用证据；有用工具
utilize	kin	use	use	v./n. 使用；用途	use | v./n. 使用；用途 | use technology / practical use | 使用技术；实际用途
expose	family	exposure	exposure	n. 暴露；接触	exposure | n. 暴露；接触 | media exposure | 媒体曝光
expose	family	exposed	exposed	adj. 暴露的	exposed | adj. 暴露的 | exposed data | 暴露数据
expose	family	exposing	exposing	n. 揭露	exposing | n. 揭露 | exposing fraud | 揭露欺诈
expose	kin	pose	pose	v./n. 造成；姿势	pose | v./n. 造成；姿势 | pose a risk / pose for a photo | 构成风险；摆姿势拍照
expose	kin	compose	compose	v. 组成；创作	compose | v. 组成；创作 | compose an essay / compose music | 写作文；作曲
expose	kin	dispose	dispose	v. 处理；使倾向	dispose | v. 处理；使倾向 | dispose of waste / dispose voters to agree | 处理废物；使选民倾向同意
extensive	family	extent	extent	n. 程度；范围	extent | n. 程度；范围 | great extent | 很大程度
extensive	family	extensively	extensively	adv. 广泛地	extensively | adv. 广泛地 | study extensively | 广泛研究
extensive	family	extension	extension	n. 扩展	extension | n. 扩展 | service extension | 服务扩展
extensive	kin	extend	extend	v. 扩展；延伸	extend | v. 扩展；延伸 | extend public services / extend working hours | 扩大公共服务；延长工作时间
extensive	kin	tension	tension	n. 张力；紧张	tension | n. 张力；紧张 | social tension / surface tension | 社会紧张；表面张力
extensive	kin	intensive	intensive	adj. 密集的；强化的	intensive | adj. 密集的；强化的 | intensive training / intensive care | 强化训练；重症监护
broad	family	breadth	breadth	n. 广度	breadth | n. 广度 | breadth of research | 研究广度
broad	family	broadly	broadly	adv. 广泛地	broadly | adv. 广泛地 | broadly support | 广泛支持
broad	family	broaden	broaden	v. 扩大	broaden | v. 扩大 | broaden access | 扩大机会
broad	kin	road	road	n. 道路	road | n. 道路 | main road / road safety | 主路；道路安全
broad	kin	abroad	abroad	adv. 在国外	abroad | adv. 在国外 | study abroad / travel abroad | 出国留学；出国旅行
broad	kin	broadcast	broadcast	v./n. 广播；传播	broadcast | v./n. 广播；传播 | broadcast news / broadcast signal | 播报新闻；广播信号
external	family	externally	externally	adv. 外部地	externally | adv. 外部地 | externally funded | 外部资助
external	family	externality	externality	n. 外部性	externality | n. 外部性 | negative externality | 负外部性
external	family	externalize	externalize	v. 外部化	externalize | v. 外部化 | externalize costs | 外部化成本
external	kin	extra	extra	adj./n. 额外的	extra | adj./n. 额外的 | extra cost / extra support | 额外成本；额外支持
external	kin	exterior	exterior	n./adj. 外部；外部的	exterior | n./adj. 外部；外部的 | building exterior / exterior wall | 建筑外部；外墙
external	kin	eternal	eternal	adj. 永恒的	eternal | adj. 永恒的 | eternal value / eternal conflict | 永恒价值；永恒冲突
outer	family	outermost	outermost	adj. 最外层的	outermost | adj. 最外层的 | outermost layer | 最外层
outer	family	outward	outward	adj. 向外的	outward | adj. 向外的 | outward appearance | 外在表现
outer	family	outside	outside	adj. 外部的	outside | adj. 外部的 | outside support | 外部支持
outer	kin	out	out	adv./prep. 外出；在外	out | adv./prep. 外出；在外 | go out / out of control | 外出；失控
outer	kin	exterior	exterior	n./adj. 外部；外部的	exterior | n./adj. 外部；外部的 | building exterior / exterior wall | 建筑外部；外墙
outer	kin	external	external	adj. 外部的	external | adj. 外部的 | external pressure / external factor | 外部压力；外部因素
fabricate	family	fabrication	fabrication	n. 编造；制造	fabrication | n. 编造；制造 | data fabrication | 数据造假
fabricate	family	fabricated	fabricated	adj. 被编造的	fabricated | adj. 被编造的 | fabricated evidence | 编造证据
fabricate	family	fabricator	fabricator	n. 制造者；造假者	fabricator | n. 制造者；造假者 | metal fabricator | 金属制造者
fabricate	kin	fabric	fabric	n. 布料；结构	fabric | n. 布料；结构 | cotton fabric / social fabric | 棉布；社会结构
fabricate	kin	factory	factory	n. 工厂	factory | n. 工厂 | smart factory / factory worker | 智能工厂；工厂工人
fabricate	kin	factual	factual	adj. 事实的	factual | adj. 事实的 | factual error / factual basis | 事实错误；事实基础
invent	family	invention	invention	n. 发明	invention | n. 发明 | technological invention | 技术发明
invent	family	inventor	inventor	n. 发明者	inventor | n. 发明者 | young inventor | 年轻发明者
invent	family	inventive	inventive	adj. 有创造力的	inventive | adj. 有创造力的 | inventive solution | 创新方案
invent	kin	event	event	n. 事件	event | n. 事件 | major event / historical event | 重大事件；历史事件
invent	kin	prevent	prevent	v. 防止	prevent | v. 防止 | prevent disease / prevent crime | 预防疾病；防止犯罪
invent	kin	intervention	intervention	n. 干预	intervention | n. 干预 | early intervention / policy intervention | 早期干预；政策干预
factual	family	fact	fact	n. 事实	fact | n. 事实 | basic fact | 基本事实
factual	family	factually	factually	adv. 事实上	factually | adv. 事实上 | factually accurate | 事实准确的
factual	family	factuality	factuality	n. 事实性	factuality | n. 事实性 | factuality of report | 报告事实性
factual	kin	fact	fact	n. 事实	fact | n. 事实 | basic fact / scientific fact | 基本事实；科学事实
factual	kin	factory	factory	n. 工厂	factory | n. 工厂 | smart factory / factory worker | 智能工厂；工厂工人
factual	kin	manufacture	manufacture	v./n. 制造	manufacture | v./n. 制造 | manufacture goods / mass manufacture | 制造商品；大规模制造
objective	family	objectivity	objectivity	n. 客观性	objectivity | n. 客观性 | journalistic objectivity | 新闻客观性
objective	family	objectively	objectively	adv. 客观地	objectively | adv. 客观地 | assess objectively | 客观评估
objective	family	object	object	n. 物体；目标	object | n. 物体；目标 | physical object | 物理物体
objective	kin	object	object	n./v. 物体；反对	object | n./v. 物体；反对 | physical object / object to unfair rules | 实体物体；反对不公平规则
objective	kin	project	project	n./v. 项目；投射	project | n./v. 项目；投射 | research project / project future demand | 研究项目；预测未来需求
objective	kin	reject	reject	v. 拒绝	reject | v. 拒绝 | reject false claims / reject a proposal | 驳斥虚假说法；拒绝提案
falter	family	faltering	faltering	adj. 衰退的；迟疑的	faltering | adj. 衰退的；迟疑的 | faltering economy | 衰退经济
falter	family	faltered	faltered	adj. 已动摇的	faltered | adj. 已动摇的 | faltered confidence | 动摇信心
falter	family	falteringly	falteringly	adv. 迟疑地	falteringly | adv. 迟疑地 | speak falteringly | 迟疑地讲话
falter	kin	fault	fault	n. 错误；断层	fault | n. 错误；断层 | fault line / find fault | 断层线；挑错
falter	kin	alter	alter	v. 改变	alter | v. 改变 | alter policy / alter a dress | 改变政策；改衣服
falter	kin	filter	filter	n./v. 过滤器；过滤	filter | n./v. 过滤器；过滤 | water filter / filter information | 净水器；筛选信息
waver	family	wavering	wavering	adj. 动摇的	wavering | adj. 动摇的 | wavering support | 动摇支持
waver	family	wavered	wavered	adj. 已犹豫的	wavered | adj. 已犹豫的 | wavered decision | 犹豫后的决定
waver	family	waverer	waverer	n. 犹豫者	waverer | n. 犹豫者 | political waverer | 政治犹豫者
waver	kin	wave	wave	n./v. 波浪；挥手	wave | n./v. 波浪；挥手 | sound wave / wave goodbye | 声波；挥手告别
waver	kin	waiver	waiver	n. 放弃；豁免	waiver | n. 放弃；豁免 | fee waiver / legal waiver | 费用减免；法律豁免
waver	kin	wavelength	wavelength	n. 波长	wavelength | n. 波长 | light wavelength / radio wavelength | 光波长；无线电波长
feasible	family	feasibility	feasibility	n. 可行性	feasibility | n. 可行性 | feasibility study | 可行性研究
feasible	family	feasibly	feasibly	adv. 可行地	feasibly | adv. 可行地 | feasibly implement | 可行地实施
feasible	family	unfeasible	unfeasible	adj. 不可行的	unfeasible | adj. 不可行的 | unfeasible plan | 不可行计划
feasible	kin	feature	feature	n. 特征；功能	feature | n. 特征；功能 | key feature / facial feature | 关键特征；面部特征
feasible	kin	defeat	defeat	v./n. 击败；失败	defeat | v./n. 击败；失败 | defeat an opponent / suffer defeat | 击败对手；遭遇失败
feasible	kin	feat	feat	n. 壮举	feat | n. 壮举 | engineering feat / remarkable feat | 工程壮举；非凡成就
viable	family	viability	viability	n. 可行性	viability | n. 可行性 | economic viability | 经济可行性
viable	family	viably	viably	adv. 可行地	viably | adv. 可行地 | operate viably | 可行运行
viable	family	nonviable	nonviable	adj. 不可行的	nonviable | adj. 不可行的 | nonviable project | 不可行项目
viable	kin	via	via	prep. 经由	via | prep. 经由 | via email / via public transport | 通过邮件；通过公共交通
viable	kin	vital	vital	adj. 至关重要的；有生命力的	vital | adj. 至关重要的；有生命力的 | vital role / vital signs | 关键作用；生命体征
viable	kin	vitality	vitality	n. 活力	vitality | n. 活力 | urban vitality / cultural vitality | 城市活力；文化活力
fertile	family	fertility	fertility	n. 肥力；生育率	fertility | n. 肥力；生育率 | soil fertility | 土壤肥力
fertile	family	fertilize	fertilize	v. 施肥；使受精	fertilize | v. 施肥；使受精 | fertilize crops | 给作物施肥
fertile	family	fertilizer	fertilizer	n. 肥料	fertilizer | n. 肥料 | organic fertilizer | 有机肥料
fertile	kin	fertilizer	fertilizer	n. 肥料	fertilizer | n. 肥料 | organic fertilizer / fertilizer use | 有机肥；肥料使用
fertile	kin	fertility	fertility	n. 肥力；生育力	fertility | n. 肥力；生育力 | soil fertility / fertility rate | 土壤肥力；生育率
fertile	kin	fermentation	fermentation	n. 发酵	fermentation | n. 发酵 | food fermentation / fermentation process | 食物发酵；发酵过程
productive	family	productivity	productivity	n. 生产力	productivity | n. 生产力 | labour productivity | 劳动生产率
productive	family	productively	productively	adv. 富有成效地	productively | adv. 富有成效地 | work productively | 高效工作
productive	family	produce	produce	v. 生产	produce | v. 生产 | produce food | 生产食物
productive	kin	product	product	n. 产品；结果	product | n. 产品；结果 | agricultural product / final product | 农产品；最终产品
productive	kin	produce	produce	v./n. 生产；农产品	produce | v./n. 生产；农产品 | produce evidence / fresh produce | 提出证据；新鲜农产品
productive	kin	productivity	productivity	n. 生产力	productivity | n. 生产力 | labor productivity / productivity growth | 劳动生产率；生产力增长
fictitious	family	fiction	fiction	n. 小说；虚构	fiction | n. 小说；虚构 | science fiction | 科幻小说
fictitious	family	fictitiously	fictitiously	adv. 虚构地	fictitiously | adv. 虚构地 | report fictitiously | 虚构地报道
fictitious	family	fictive	fictive	adj. 虚构的	fictive | adj. 虚构的 | fictive identity | 虚构身份
fictitious	kin	fiction	fiction	n. 小说；虚构	fiction | n. 小说；虚构 | science fiction / legal fiction | 科幻小说；法律拟制
fictitious	kin	fictional	fictional	adj. 虚构的	fictional | adj. 虚构的 | fictional character / fictional world | 虚构人物；虚构世界
fictitious	kin	nonfiction	nonfiction	n. 非虚构作品	nonfiction | n. 非虚构作品 | nonfiction writing / nonfiction book | 非虚构写作；纪实书籍
imaginary	family	imagination	imagination	n. 想象力	imagination | n. 想象力 | creative imagination | 创造性想象力
imaginary	family	imagine	imagine	v. 想象	imagine | v. 想象 | imagine alternatives | 想象替代方案
imaginary	family	imaginative	imaginative	adj. 有想象力的	imaginative | adj. 有想象力的 | imaginative solution | 有想象力的方案
imaginary	kin	image	image	n. 图像；形象	image | n. 图像；形象 | public image / mental image | 公众形象；心理图像
imaginary	kin	imagination	imagination	n. 想象力	imagination | n. 想象力 | creative imagination / moral imagination | 创造性想象；道德想象力
imaginary	kin	imitate	imitate	v. 模仿	imitate | v. 模仿 | imitate adults / imitate natural processes | 模仿成年人；模仿自然过程
flawed	family	flaw	flaw	n. 缺陷	flaw | n. 缺陷 | serious flaw | 严重缺陷
flawed	family	flawless	flawless	adj. 无瑕的	flawless | adj. 无瑕的 | flawless design | 完美设计
flawed	family	flawedness	flawedness	n. 缺陷性	flawedness | n. 缺陷性 | flawedness of method | 方法缺陷性
flawed	kin	flaw	flaw	n. 缺陷	flaw | n. 缺陷 | fatal flaw / methodological flaw | 致命缺陷；方法缺陷
flawed	kin	floor	floor	n. 地板；楼层	floor | n. 地板；楼层 | wooden floor / factory floor | 木地板；工厂车间
flawed	kin	flow	flow	n./v. 流动	flow | n./v. 流动 | cash flow / traffic flow | 现金流；交通流
defective	family	defect	defect	n. 缺陷	defect | n. 缺陷 | design defect | 设计缺陷
defective	family	defectively	defectively	adv. 有缺陷地	defectively | adv. 有缺陷地 | function defectively | 有缺陷地运行
defective	family	defectiveness	defectiveness	n. 缺陷性	defectiveness | n. 缺陷性 | defectiveness of product | 产品缺陷性
defective	kin	defect	defect	n. 缺陷	defect | n. 缺陷 | manufacturing defect / design defect | 制造缺陷；设计缺陷
defective	kin	effect	effect	n. 效果；影响	effect | n. 效果；影响 | side effect / long-term effect | 副作用；长期影响
defective	kin	infect	infect	v. 感染；影响	infect | v. 感染；影响 | infect patients / infect public opinion | 感染病人；影响公众舆论
fluctuate	family	fluctuation	fluctuation	n. 波动	fluctuation | n. 波动 | price fluctuation | 价格波动
fluctuate	family	fluctuating	fluctuating	adj. 波动的	fluctuating | adj. 波动的 | fluctuating income | 波动收入
fluctuate	family	fluctuated	fluctuated	adj. 已波动的	fluctuated | adj. 已波动的 | fluctuated demand | 波动需求
fluctuate	kin	flux	flux	n. 流动；变动	flux | n. 流动；变动 | market flux / heat flux | 市场波动；热通量
fluctuate	kin	fluid	fluid	n./adj. 流体；流动的	fluid | n./adj. 流体；流动的 | body fluid / fluid identity | 体液；流动身份
fluctuate	kin	influx	influx	n. 涌入	influx | n. 涌入 | influx of tourists / capital influx | 游客涌入；资本涌入
vary	family	variation	variation	n. 变化；差异	variation | n. 变化；差异 | regional variation | 地区差异
vary	family	varied	varied	adj. 多样的	varied | adj. 多样的 | varied needs | 多样需求
vary	family	variable	variable	adj. 可变的	variable | adj. 可变的 | variable cost | 可变成本
vary	kin	variable	variable	n./adj. 变量；可变的	variable | n./adj. 变量；可变的 | dependent variable / variable cost | 因变量；可变成本
vary	kin	variety	variety	n. 多样性；种类	variety | n. 多样性；种类 | cultural variety / variety of choices | 文化多样性；多种选择
vary	kin	variation	variation	n. 变化；变体	variation | n. 变化；变体 | genetic variation / regional variation | 遗传变异；地区差异
foreseeable	family	foresee	foresee	v. 预见	foresee | v. 预见 | foresee risks | 预见风险
foreseeable	family	foresight	foresight	n. 远见	foresight | n. 远见 | political foresight | 政治远见
foreseeable	family	foreseen	foreseen	adj. 已预见的	foreseen | adj. 已预见的 | foreseen risk | 已预见风险
foreseeable	kin	see	see	v. 看见；理解	see | v. 看见；理解 | see consequences / see the point | 看见后果；明白重点
foreseeable	kin	forecast	forecast	v./n. 预测	forecast | v./n. 预测 | weather forecast / forecast demand | 天气预报；预测需求
foreseeable	kin	foresight	foresight	n. 远见	foresight | n. 远见 | political foresight / lack foresight | 政治远见；缺乏远见
predictable	family	predict	predict	v. 预测	predict | v. 预测 | predict demand | 预测需求
predictable	family	prediction	prediction	n. 预测	prediction | n. 预测 | economic prediction | 经济预测
predictable	family	predictably	predictably	adv. 可预测地	predictably | adv. 可预测地 | behave predictably | 可预测地行动
predictable	kin	dictate	dictate	v. 支配；口述	dictate | v. 支配；口述 | dictate policy / dictate notes | 支配政策；口述笔记
predictable	kin	verdict	verdict	n. 判决；结论	verdict | n. 判决；结论 | final verdict / court verdict | 最终结论；法院判决
predictable	kin	dictionary	dictionary	n. 词典	dictionary | n. 词典 | online dictionary / bilingual dictionary | 在线词典；双语词典
formulate	family	formulation	formulation	n. 制定；表达	formulation | n. 制定；表达 | policy formulation | 政策制定
formulate	family	formulated	formulated	adj. 被制定的	formulated | adj. 被制定的 | formulated plan | 已制定计划
formulate	family	formula	formula	n. 公式；方案	formula | n. 公式；方案 | simple formula | 简单公式
formulate	kin	formula	formula	n. 公式；方案	formula | n. 公式；方案 | mathematical formula / policy formula | 数学公式；政策方案
formulate	kin	form	form	n./v. 形式；形成	form | n./v. 形式；形成 | form a habit / social form | 形成习惯；社会形式
formulate	kin	transform	transform	v. 转变	transform | v. 转变 | transform cities / transform learning | 改变城市；改变学习
devise	family	device	device	n. 设备；装置	device | n. 设备；装置 | digital device | 数字设备
devise	family	devised	devised	adj. 被设计的	devised | adj. 被设计的 | devised plan | 被设计的计划
devise	family	devising	devising	n. 设计	devising | n. 设计 | devising strategies | 设计策略
devise	kin	device	device	n. 设备；手段	device | n. 设备；手段 | mobile device / rhetorical device | 移动设备；修辞手法
devise	kin	division	division	n. 分割；部门	division | n. 分割；部门 | social division / research division | 社会分裂；研究部门
devise	kin	vision	vision	n. 视野；愿景	vision | n. 视野；愿景 | long-term vision / poor vision | 长期愿景；视力差
fragile	family	fragility	fragility	n. 脆弱性	fragility | n. 脆弱性 | economic fragility | 经济脆弱性
fragile	family	fragilely	fragilely	adv. 脆弱地	fragilely | adv. 脆弱地 | recover fragilely | 脆弱恢复
fragile	kin	fragment	fragment	n./v. 碎片；碎裂	fragment | n./v. 碎片；碎裂 | fragmented memory / fragment society | 碎片化记忆；撕裂社会
fragile	kin	fraction	fraction	n. 分数；一小部分	fraction | n. 分数；一小部分 | small fraction / fraction of cost | 小部分；成本的一部分
fragile	kin	fracture	fracture	n./v. 断裂	fracture | n./v. 断裂 | bone fracture / fracture under pressure | 骨折；受压断裂
vulnerable	family	vulnerability	vulnerability	n. 脆弱性	vulnerability | n. 脆弱性 | social vulnerability | 社会脆弱性
vulnerable	family	vulnerably	vulnerably	adv. 脆弱地	vulnerably | adv. 脆弱地 | live vulnerably | 脆弱生活
vulnerable	family	invulnerable	invulnerable	adj. 不易受伤的	invulnerable | adj. 不易受伤的 | invulnerable system | 不脆弱系统
vulnerable	kin	wound	wound	n./v. 伤口；伤害	wound | n./v. 伤口；伤害 | deep wound / wound public trust | 深伤口；伤害公众信任
vulnerable	kin	vulnerability	vulnerability	n. 脆弱性	vulnerability | n. 脆弱性 | economic vulnerability / security vulnerability | 经济脆弱性；安全漏洞
vulnerable	kin	invulnerable	invulnerable	adj. 不易受伤的	invulnerable | adj. 不易受伤的 | invulnerable system / invulnerable hero | 不易受损系统；无敌英雄
frequent	family	frequency	frequency	n. 频率	frequency | n. 频率 | update frequency | 更新频率
frequent	family	frequently	frequently	adv. 频繁地	frequently | adv. 频繁地 | occur frequently | 频繁发生
frequent	family	infrequent	infrequent	adj. 不频繁的	infrequent | adj. 不频繁的 | infrequent service | 不频繁服务
frequent	kin	frequency	frequency	n. 频率	frequency | n. 频率 | high frequency / radio frequency | 高频率；无线电频率
frequent	kin	consequence	consequence	n. 后果	consequence | n. 后果 | serious consequence / policy consequence | 严重后果；政策后果
frequent	kin	sequence	sequence	n. 顺序；序列	sequence | n. 顺序；序列 | event sequence / genetic sequence | 事件顺序；基因序列
regular	family	regularity	regularity	n. 规律性	regularity | n. 规律性 | service regularity | 服务规律性
regular	family	regularly	regularly	adv. 定期地	regularly | adv. 定期地 | check regularly | 定期检查
regular	family	irregular	irregular	adj. 不规律的	irregular | adj. 不规律的 | irregular income | 不稳定收入
regular	kin	rule	rule	n./v. 规则；统治	rule | n./v. 规则；统治 | school rule / rule a country | 校规；统治国家
regular	kin	regulate	regulate	v. 监管；调节	regulate | v. 监管；调节 | regulate markets / regulate temperature | 监管市场；调节温度
regular	kin	irregular	irregular	adj. 不规则的	irregular | adj. 不规则的 | irregular rainfall / irregular working hours | 不规则降雨；不规律工时
frustrate	family	frustration	frustration	n. 沮丧	frustration | n. 沮丧 | public frustration | 公众沮丧
frustrate	family	frustrated	frustrated	adj. 沮丧的	frustrated | adj. 沮丧的 | frustrated residents | 沮丧居民
frustrate	family	frustrating	frustrating	adj. 令人沮丧的	frustrating | adj. 令人沮丧的 | frustrating process | 令人沮丧流程
frustrate	kin	fracture	fracture	n./v. 断裂	fracture | n./v. 断裂 | bone fracture / fracture under pressure | 骨折；受压断裂
frustrate	kin	fragment	fragment	n./v. 碎片；碎裂	fragment | n./v. 碎片；碎裂 | text fragment / fragment society | 文本片段；撕裂社会
frustrate	kin	fraction	fraction	n. 分数；一小部分	fraction | n. 分数；一小部分 | a fraction of income / fraction calculation | 收入的一小部分；分数计算
hinder	family	hindrance	hindrance	n. 阻碍	hindrance | n. 阻碍 | major hindrance | 主要阻碍
hinder	family	hindered	hindered	adj. 被阻碍的	hindered | adj. 被阻碍的 | hindered progress | 受阻进展
hinder	family	hindering	hindering	adj. 阻碍的	hindering | adj. 阻碍的 | hindering factor | 阻碍因素
hinder	kin	hind	hind	adj./n. 后部的；雌鹿	hind | adj./n. 后部的；雌鹿 | hind leg / hind quarter | 后腿；后半部
hinder	kin	behind	behind	prep./adv. 在后面	behind | prep./adv. 在后面 | behind the scenes / fall behind | 幕后；落后
hinder	kin	hindrance	hindrance	n. 阻碍	hindrance | n. 阻碍 | major hindrance / legal hindrance | 主要障碍；法律障碍
fundamental	family	fundamentally	fundamentally	adv. 根本上	fundamentally | adv. 根本上 | fundamentally change | 根本改变
fundamental	family	fundamentalism	fundamentalism	n. 原教旨主义	fundamentalism | n. 原教旨主义 | religious fundamentalism | 宗教原教旨主义
fundamental	family	fundament	fundament	n. 基础	fundament | n. 基础 | theoretical fundament | 理论基础
fundamental	kin	fund	fund	n./v. 资金；资助	fund | n./v. 资金；资助 | public fund / fund research | 公共基金；资助研究
fundamental	kin	foundation	foundation	n. 基础；基金会	foundation | n. 基础；基金会 | solid foundation / charitable foundation | 坚实基础；慈善基金会
fundamental	kin	profound	profound	adj. 深刻的	profound | adj. 深刻的 | profound change / profound impact | 深刻变化；深远影响
basic	family	basically	basically	adv. 基本上	basically | adv. 基本上 | basically depend | 基本依赖
basic	family	basis	basis	n. 基础	basis | n. 基础 | legal basis | 法律基础
basic	family	baseline	baseline	n. 基线	baseline | n. 基线 | baseline data | 基线数据
basic	kin	base	base	n./v. 基础；基于	base | n./v. 基础；基于 | knowledge base / base policy on evidence | 知识库；以证据为政策基础
basic	kin	basement	basement	n. 地下室	basement | n. 地下室 | basement apartment / basement storage | 地下室公寓；地下室储藏
basic	kin	basis	basis	n. 基础；依据	basis | n. 基础；依据 | legal basis / daily basis | 法律依据；每日基础
generate	family	generation	generation	n. 产生；一代人	generation | n. 产生；一代人 | older generation | 老一代
generate	family	generator	generator	n. 发电机；生成器	generator | n. 发电机；生成器 | power generator | 发电机
generate	family	generated	generated	adj. 被生成的	generated | adj. 被生成的 | generated data | 生成数据
generate	kin	gene	gene	n. 基因	gene | n. 基因 | gene expression / gene mutation | 基因表达；基因突变
generate	kin	genesis	genesis	n. 起源；发生	genesis | n. 起源；发生 | genesis of reform / Genesis narrative | 改革起源；创世叙事
generate	kin	engine	engine	n. 发动机；引擎	engine | n. 发动机；引擎 | search engine / economic engine | 搜索引擎；经济引擎
produce	family	production	production	n. 生产	production | n. 生产 | food production | 食品生产
produce	family	producer	producer	n. 生产者	producer | n. 生产者 | local producer | 本地生产者
produce	family	productive	productive	adj. 高产的	productive | adj. 高产的 | productive farmland | 高产农田
produce	kin	product	product	n. 产品；结果	product | n. 产品；结果 | consumer product / by-product of reform | 消费品；改革副产品
produce	kin	production	production	n. 生产；制作	production | n. 生产；制作 | mass production / film production | 大规模生产；电影制作
produce	kin	duct	duct	n. 管道	duct | n. 管道 | air duct / tear duct | 通风管道；泪管
gradual	family	gradually	gradually	adv. 逐渐地	gradually | adv. 逐渐地 | gradually improve | 逐渐改善
gradual	family	gradualness	gradualness	n. 渐进性	gradualness | n. 渐进性 | gradualness of reform | 改革渐进性
gradual	family	gradation	gradation	n. 渐变；等级	gradation | n. 渐变；等级 | colour gradation | 颜色渐变
gradual	kin	grade	grade	n./v. 等级；评分	grade | n./v. 等级；评分 | grade essays / income grade | 给作文评分；收入等级
gradual	kin	graduate	graduate	v./n. 毕业；毕业生	graduate | v./n. 毕业；毕业生 | graduate from university / graduate student | 大学毕业；研究生
gradual	kin	gradient	gradient	n. 坡度；渐变	gradient | n. 坡度；渐变 | steep gradient / color gradient | 陡坡；颜色渐变
incremental	family	increment	increment	n. 增量	increment | n. 增量 | small increment | 小增量
incremental	family	incrementally	incrementally	adv. 逐步地	incrementally | adv. 逐步地 | change incrementally | 逐步改变
incremental	family	incrementalism	incrementalism	n. 渐进主义	incrementalism | n. 渐进主义 | policy incrementalism | 政策渐进主义
incremental	kin	increase	increase	v./n. 增加	increase | v./n. 增加 | increase investment / increase in demand | 增加投资；需求增加
incremental	kin	crease	crease	n./v. 折痕；起皱	crease | n./v. 折痕；起皱 | deep crease / crease paper | 深折痕；把纸折出痕
incremental	kin	concrete	concrete	adj./n. 具体的；混凝土	concrete | adj./n. 具体的；混凝土 | concrete evidence / concrete wall | 具体证据；混凝土墙
grasp	family	grasp	grasp	n. 掌握；抓握	grasp | n. 掌握；抓握 | firm grasp | 牢固掌握
grasp	family	grasping	grasping	adj. 贪婪的；抓握的	grasping | adj. 贪婪的；抓握的 | grasping hand | 抓握的手
grasp	family	grasped	grasped	adj. 被掌握的	grasped | adj. 被掌握的 | grasped concept | 被掌握概念
grasp	kin	grip	grip	n./v. 抓握；控制	grip | n./v. 抓握；控制 | firm grip / grip public attention | 牢固抓握；抓住公众注意
grasp	kin	graph	graph	n. 图表	graph | n. 图表 | data graph / line graph | 数据图表；折线图
grasp	kin	grapple	grapple	v. 努力处理；搏斗	grapple | v. 努力处理；搏斗 | grapple with poverty / grapple with theory | 努力应对贫困；努力理解理论
grave	family	gravely	gravely	adv. 严重地	gravely | adv. 严重地 | gravely affect | 严重影响
grave	family	gravity	gravity	n. 严重性；重力	gravity | n. 严重性；重力 | gravity of crisis | 危机严重性
grave	family	graveness	graveness	n. 严重性	graveness | n. 严重性 | graveness of risk | 风险严重性
grave	kin	gravity	gravity	n. 重力；严重性	gravity | n. 重力；严重性 | gravity field / gravity of the issue | 重力场；问题严重性
grave	kin	aggravate	aggravate	v. 加重；恶化	aggravate | v. 加重；恶化 | aggravate inequality / aggravate symptoms | 加剧不平等；加重症状
grave	kin	gravel	gravel	n. 砾石	gravel | n. 砾石 | gravel road / river gravel | 砾石路；河砾石
serious	family	seriously	seriously	adv. 严重地；认真地	seriously | adv. 严重地；认真地 | seriously damage | 严重损害
serious	family	seriousness	seriousness	n. 严重性	seriousness | n. 严重性 | seriousness of disease | 疾病严重性
serious	kin	series	series	n. 系列	series | n. 系列 | television series / data series | 电视剧；数据序列
serious	kin	severe	severe	adj. 严重的	severe | adj. 严重的 | severe disease / severe punishment | 重病；严厉惩罚
serious	kin	serial	serial	adj./n. 连续的；连续剧	serial | adj./n. 连续的；连续剧 | serial number / serial drama | 序列号；连续剧
hamper	family	hampering	hampering	adj. 阻碍的	hampering | adj. 阻碍的 | hampering factor | 阻碍因素
hamper	family	hampered	hampered	adj. 受阻的	hampered | adj. 受阻的 | hampered progress | 受阻进展
hamper	family	hamper	hamper	n. 篮子	hamper | n. 篮子 | laundry hamper | 洗衣篮
hamper	kin	hammer	hammer	n./v. 锤子；敲打	hammer | n./v. 锤子；敲打 | hammer a nail / hammer out a deal | 钉钉子；敲定协议
hamper	kin	hamper basket	hamper basket	n. 食品礼篮	hamper basket | n. 食品礼篮 | picnic hamper / gift hamper | 野餐篮；礼品篮
impede	family	impediment	impediment	n. 障碍	impediment | n. 障碍 | major impediment | 主要障碍
impede	family	impeded	impeded	adj. 被阻碍的	impeded | adj. 被阻碍的 | impeded access | 被阻碍的获取
impede	family	impeding	impeding	adj. 阻碍的	impeding | adj. 阻碍的 | impeding factor | 阻碍因素
impede	kin	pedal	pedal	n./v. 踏板；踩踏	pedal | n./v. 踏板；踩踏 | brake pedal / pedal a bike | 刹车踏板；踩自行车
impede	kin	pedestrian	pedestrian	n./adj. 行人；步行的	pedestrian | n./adj. 行人；步行的 | pedestrian safety / pedestrian street | 行人安全；步行街
impede	kin	expedite	expedite	v. 加快	expedite | v. 加快 | expedite approval / expedite delivery | 加快审批；加快交付
hazardous	family	hazard	hazard	n. 危险	hazard | n. 危险 | health hazard | 健康危害
hazardous	family	hazardously	hazardously	adv. 危险地	hazardously | adv. 危险地 | store hazardously | 危险储存
hazardous	family	hazardousness	hazardousness	n. 危险性	hazardousness | n. 危险性 | hazardousness of waste | 废物危险性
hazardous	kin	hazard	hazard	n. 危险	hazard | n. 危险 | health hazard / occupational hazard | 健康危害；职业风险
hazardous	kin	hazardous waste	hazardous waste	n. 危险废物	hazardous waste | n. 危险废物 | hazardous waste disposal / hazardous waste site | 危险废物处理；危险废物场地
hazardous	kin	jeopardize	jeopardize	v. 危及	jeopardize | v. 危及 | jeopardize safety / jeopardize employment | 危及安全；危及就业
dangerous	family	danger	danger	n. 危险	danger | n. 危险 | public danger | 公共危险
dangerous	family	dangerously	dangerously	adv. 危险地	dangerously | adv. 危险地 | dangerously close | 危险接近
dangerous	family	endanger	endanger	v. 危及	endanger | v. 危及 | endanger health | 危及健康
dangerous	kin	danger	danger	n. 危险	danger | n. 危险 | public danger / danger of collapse | 公共危险；坍塌危险
dangerous	kin	endanger	endanger	v. 危及	endanger | v. 危及 | endanger wildlife / endanger public safety | 危及野生动物；危及公共安全
dangerous	kin	jeopardy	jeopardy	n. 危险	jeopardy | n. 危险 | put jobs in jeopardy / legal jeopardy | 使工作处于危险；法律风险
highlight	family	highlight	highlight	n. 亮点	highlight | n. 亮点 | policy highlight | 政策亮点
highlight	family	highlighted	highlighted	adj. 被强调的	highlighted | adj. 被强调的 | highlighted issue | 被强调议题
highlight	family	highlighting	highlighting	n. 强调	highlighting | n. 强调 | highlighting risks | 强调风险
highlight	kin	light	light	n./v. 光；照亮	light | n./v. 光；照亮 | natural light / light a room | 自然光；照亮房间
highlight	kin	highlighter	highlighter	n. 荧光笔	highlighter | n. 荧光笔 | yellow highlighter / use a highlighter | 黄色荧光笔；使用荧光笔
highlight	kin	lighthouse	lighthouse	n. 灯塔	lighthouse | n. 灯塔 | coastal lighthouse / lighthouse beam | 海岸灯塔；灯塔光束
emphasize	family	emphasis	emphasis	n. 强调	emphasis | n. 强调 | strong emphasis | 强烈强调
emphasize	family	emphasized	emphasized	adj. 被强调的	emphasized | adj. 被强调的 | emphasized point | 被强调要点
emphasize	family	emphatic	emphatic	adj. 强调的	emphatic | adj. 强调的 | emphatic statement | 强调性声明
emphasize	kin	phase	phase	n. 阶段；相位	phase | n. 阶段；相位 | development phase / phase transition | 发展阶段；相变
emphasize	kin	phrase	phrase	n. 短语	phrase | n. 短语 | fixed phrase / catch phrase | 固定短语；流行语
emphasize	kin	aphasia	aphasia	n. 失语症	aphasia | n. 失语症 | Broca's aphasia / aphasia treatment | 布洛卡失语症；失语症治疗
hostile	family	hostility	hostility	n. 敌意	hostility | n. 敌意 | public hostility | 公众敌意
hostile	family	hostilely	hostilely	adv. 敌对地	hostilely | adv. 敌对地 | react hostilely | 敌对回应
hostile	kin	host	host	n./v. 主人；举办	host | n./v. 主人；举办 | host country / host an event | 东道国；举办活动
hostile	kin	hostage	hostage	n. 人质	hostage | n. 人质 | hostage crisis / take hostages | 人质危机；劫持人质
hostile	kin	hospitality	hospitality	n. 好客；接待业	hospitality | n. 好客；接待业 | hospitality industry / warm hospitality | 酒店餐饮业；热情款待
antagonistic	family	antagonism	antagonism	n. 对立；敌意	antagonism | n. 对立；敌意 | social antagonism | 社会敌意
antagonistic	family	antagonize	antagonize	v. 激怒；使对立	antagonize | v. 激怒；使对立 | antagonize residents | 激怒居民
antagonistic	family	antagonist	antagonist	n. 对手；反派	antagonist | n. 对手；反派 | political antagonist | 政治对手
antagonistic	kin	protagonist	protagonist	n. 主角；倡导者	protagonist | n. 主角；倡导者 | female protagonist / protagonist of reform | 女主角；改革倡导者
antagonistic	kin	agony	agony	n. 痛苦	agony | n. 痛苦 | mental agony / prolonged agony | 精神痛苦；长期痛苦
antagonistic	kin	contest	contest	n./v. 竞赛；争夺	contest | n./v. 竞赛；争夺 | political contest / contest a decision | 政治竞争；质疑决定
hypothesis	family	hypothesize	hypothesize	v. 假设	hypothesize | v. 假设 | hypothesize causes | 假设原因
hypothesis	family	hypothetical	hypothetical	adj. 假设的	hypothetical | adj. 假设的 | hypothetical case | 假设案例
hypothesis	family	hypothesized	hypothesized	adj. 被假设的	hypothesized | adj. 被假设的 | hypothesized effect | 被假设效果
hypothesis	kin	thesis	thesis	n. 论文；论点	thesis | n. 论文；论点 | doctoral thesis / central thesis | 博士论文；核心论点
hypothesis	kin	synthesis	synthesis	n. 综合；合成	synthesis | n. 综合；合成 | theoretical synthesis / chemical synthesis | 理论综合；化学合成
hypothesis	kin	antithesis	antithesis	n. 对立面；反题	antithesis | n. 对立面；反题 | the antithesis of freedom / rhetorical antithesis | 自由的反面；修辞对照
assumption	family	assume	assume	v. 假设；承担	assume | v. 假设；承担 | assume responsibility | 承担责任
assumption	family	assumed	assumed	adj. 假定的	assumed | adj. 假定的 | assumed cause | 假定原因
assumption	family	assuming	assuming	conj. 假设	assuming | conj. 假设 | assuming evidence | 假设有证据
assumption	kin	consume	consume	v. 消耗；消费	consume | v. 消耗；消费 | consume energy / consume media | 消耗能源；消费媒体
assumption	kin	presume	presume	v. 假定；推定	presume | v. 假定；推定 | presume innocence / presume a link | 推定无罪；假定有关联
assumption	kin	resume	resume	v./n. 恢复；简历	resume | v./n. 恢复；简历 | resume work / submit a resume | 恢复工作；提交简历
idle	family	idleness	idleness	n. 闲置；懒散	idleness | n. 闲置；懒散 | forced idleness | 被迫闲置
idle	family	idly	idly	adv. 闲散地	idly | adv. 闲散地 | wait idly | 闲等
idle	family	idle	idle	v. 闲置；空转	idle | v. 闲置；空转 | idle factories | 使工厂闲置
idle	kin	idol	idol	n. 偶像	idol | n. 偶像 | teen idol / political idol | 青少年偶像；政治偶像
idle	kin	idyll	idyll	n. 田园诗；田园生活	idyll | n. 田园诗；田园生活 | rural idyll / romantic idyll | 乡村田园生活；浪漫田园诗
idle	kin	idleness	idleness	n. 闲散；无所事事	idleness | n. 闲散；无所事事 | forced idleness / idleness among youth | 被迫闲置；青年闲散
ignite	family	ignition	ignition	n. 点火；引发	ignition | n. 点火；引发 | ignition system | 点火系统
ignite	family	ignited	ignited	adj. 被点燃的	ignited | adj. 被点燃的 | ignited debate | 被点燃的争论
ignite	family	ignitable	ignitable	adj. 可点燃的	ignitable | adj. 可点燃的 | ignitable material | 可燃材料
ignite	kin	fire	fire	n./v. 火；点燃	fire | n./v. 火；点燃 | forest fire / fire imagination | 森林火灾；点燃想象力
ignite	kin	ignition	ignition	n. 点火	ignition | n. 点火 | engine ignition / ignition point | 发动机点火；着火点
ignite	kin	igneous	igneous	adj. 火成的	igneous | adj. 火成的 | igneous rock / igneous process | 火成岩；火成过程
kindle	family	kindling	kindling	n. 引火物	kindling | n. 引火物 | dry kindling | 干引火物
kindle	family	kindled	kindled	adj. 被点燃的	kindled | adj. 被点燃的 | kindled interest | 被激发的兴趣
kindle	family	rekindle	rekindle	v. 重新点燃	rekindle | v. 重新点燃 | rekindle interest | 重燃兴趣
kindle	kin	kind	kind	n./adj. 种类；善良的	kind | n./adj. 种类；善良的 | different kind / kind gesture | 不同种类；善意举动
kindle	kin	candle	candle	n. 蜡烛	candle | n. 蜡烛 | scented candle / candle flame | 香薰蜡烛；蜡烛火焰
kindle	kin	rekindle	rekindle	v. 重新点燃	rekindle | v. 重新点燃 | rekindle hope / rekindle interest | 重燃希望；重新激起兴趣
illuminate	family	illumination	illumination	n. 照明；阐明	illumination | n. 照明；阐明 | street illumination | 街道照明
illuminate	family	illuminated	illuminated	adj. 被照亮的	illuminated | adj. 被照亮的 | illuminated street | 被照亮街道
illuminate	family	illuminating	illuminating	adj. 有启发性的	illuminating | adj. 有启发性的 | illuminating example | 启发性例子
illuminate	kin	lumen	lumen	n. 流明；腔	lumen | n. 流明；腔 | high lumen / intestinal lumen | 高流明；肠腔
illuminate	kin	luminous	luminous	adj. 发光的	luminous | adj. 发光的 | luminous screen / luminous paint | 发光屏幕；夜光涂料
illuminate	kin	lucent	lucent	adj. 透亮的	lucent | adj. 透亮的 | translucent glass / lucent surface | 半透明玻璃；透亮表面
imminent	family	imminence	imminence	n. 迫近	imminence | n. 迫近 | imminence of crisis | 危机迫近
imminent	family	imminently	imminently	adv. 即将	imminently | adv. 即将 | happen imminently | 即将发生
imminent	kin	eminent	eminent	adj. 著名的；突出的	eminent | adj. 著名的；突出的 | eminent scholar / eminent position | 著名学者；显赫地位
imminent	kin	mountain	mountain	n. 山	mountain | n. 山 | mountain range / high mountain | 山脉；高山
imminent	kin	prominent	prominent	adj. 突出的	prominent | adj. 突出的 | prominent feature / prominent leader | 突出特征；杰出领导者
impending	family	impended	impended	adj. 逼近的	impended | adj. 逼近的 | impended danger | 逼近危险
impending	family	impend	impend	v. 逼近	impend | v. 逼近 | danger impends | 危险逼近
impending	family	impendingly	impendingly	adv. 逼近地	impendingly | adv. 逼近地 | loom impendingly | 逼近地笼罩
impending	kin	pend	pend	root 悬挂；悬而未决	pend | root 悬挂；悬而未决 | pending case / pendant light | 悬而未决案件；吊灯
impending	kin	depend	depend	v. 依赖；取决于	depend | v. 依赖；取决于 | depend on evidence / depend on income | 依赖证据；取决于收入
impending	kin	suspend	suspend	v. 暂停；悬挂	suspend | v. 暂停；悬挂 | suspend classes / suspend a lamp | 停课；悬挂灯具
impartial	family	impartiality	impartiality	n. 公正	impartiality | n. 公正 | judicial impartiality | 司法公正
impartial	family	impartially	impartially	adv. 公正地	impartially | adv. 公正地 | judge impartially | 公正判断
impartial	family	partial	partial	adj. 偏袒的；部分的	partial | adj. 偏袒的；部分的 | partial view | 片面观点
impartial	kin	part	part	n. 部分；角色	part | n. 部分；角色 | part of society / play a part | 社会的一部分；发挥作用
impartial	kin	partial	partial	adj. 部分的；偏爱的	partial | adj. 部分的；偏爱的 | partial solution / partial to coffee | 部分解决方案；偏爱咖啡
impartial	kin	particle	particle	n. 颗粒；粒子	particle | n. 颗粒；粒子 | air particle / subatomic particle | 空气颗粒；亚原子粒子
neutral	family	neutrality	neutrality	n. 中立	neutrality | n. 中立 | political neutrality | 政治中立
neutral	family	neutrally	neutrally	adv. 中立地	neutrally | adv. 中立地 | report neutrally | 中立报道
neutral	family	neutralize	neutralize	v. 中和；抵消	neutralize | v. 中和；抵消 | neutralize bias | 抵消偏见
neutral	kin	neutron	neutron	n. 中子	neutron | n. 中子 | free neutron / neutron star | 自由中子；中子星
neutral	kin	neutrality	neutrality	n. 中立	neutrality | n. 中立 | political neutrality / network neutrality | 政治中立；网络中立
neutral	kin	nucleus	nucleus	n. 核；核心	nucleus | n. 核；核心 | cell nucleus / nuclear family | 细胞核；核心家庭
imperative	family	imperative	imperative	n. 必要任务	imperative | n. 必要任务 | moral imperative | 道德必要性
imperative	family	imperatively	imperatively	adv. 迫切地	imperatively | adv. 迫切地 | act imperatively | 迫切行动
imperative	family	imperious	imperious	adj. 专横的	imperious | adj. 专横的 | imperious attitude | 专横态度
imperative	kin	empire	empire	n. 帝国	empire | n. 帝国 | Roman Empire / business empire | 罗马帝国；商业帝国
imperative	kin	imperial	imperial	adj. 帝国的	imperial | adj. 帝国的 | imperial expansion / imperial measurement | 帝国扩张；英制计量
imperative	kin	empirical	empirical	adj. 经验的；实证的	empirical | adj. 经验的；实证的 | empirical evidence / empirical study | 经验证据；实证研究
urgent	family	urgency	urgency	n. 紧急性	urgency | n. 紧急性 | sense of urgency | 紧迫感
urgent	family	urgently	urgently	adv. 紧急地	urgently | adv. 紧急地 | urgently need | 急需
urgent	kin	urge	urge	v./n. 敦促；冲动	urge | v./n. 敦促；冲动 | urge reform / strong urge | 敦促改革；强烈冲动
urgent	kin	urgency	urgency	n. 紧迫性	urgency | n. 紧迫性 | sense of urgency / policy urgency | 紧迫感；政策紧迫性
urgent	kin	surgeon	surgeon	n. 外科医生	surgeon | n. 外科医生 | heart surgeon / surgeon general | 心脏外科医生；卫生局局长
implicate	family	implication	implication	n. 含义；牵连	implication | n. 含义；牵连 | policy implication | 政策含义
implicate	family	implicated	implicated	adj. 被牵涉的	implicated | adj. 被牵涉的 | implicated official | 涉事官员
implicate	family	implicit	implicit	adj. 隐含的	implicit | adj. 隐含的 | implicit meaning | 隐含意义
implicate	kin	plicate	plicate	v./adj. 折叠；有褶的	plicate | v./adj. 折叠；有褶的 | plicate leaves / plicate structure | 有褶叶片；褶皱结构
implicate	kin	replicate	replicate	v. 复制；复现	replicate | v. 复制；复现 | replicate results / replicate a design | 复现实验结果；复制设计
implicate	kin	complicate	complicate	v. 使复杂化	complicate | v. 使复杂化 | complicate diagnosis / complicate reform | 使诊断复杂化；使改革复杂化
implicit	family	implicitly	implicitly	adv. 隐含地	implicitly | adv. 隐含地 | implicitly assume | 隐含假设
implicit	family	implicitness	implicitness	n. 隐含性	implicitness | n. 隐含性 | implicitness of bias | 偏见隐含性
implicit	family	explicit	explicit	adj. 明确的	explicit | adj. 明确的 | explicit rule | 明确规则
implicit	kin	plicate	plicate	v./adj. 折叠；有褶的	plicate | v./adj. 折叠；有褶的 | plicate leaves / plicate structure | 有褶叶片；褶皱结构
implicit	kin	explicit	explicit	adj. 明确的	explicit | adj. 明确的 | explicit rule / explicit consent | 明确规则；明确同意
implicit	kin	complicate	complicate	v. 使复杂化	complicate | v. 使复杂化 | complicate diagnosis / complicate reform | 使诊断复杂化；使改革复杂化
implied	family	imply	imply	v. 暗示	imply | v. 暗示 | imply responsibility | 暗示责任
implied	family	implication	implication	n. 含义	implication | n. 含义 | social implication | 社会含义
implied	family	impliedly	impliedly	adv. 暗示地	impliedly | adv. 暗示地 | consent impliedly | 暗示同意
implied	kin	ply	ply	v. 定期往返；使用	ply | v. 定期往返；使用 | ply a route / ply a trade | 定期往返路线；从事行业
implied	kin	reply	reply	v./n. 回复	reply | v./n. 回复 | reply to criticism / quick reply | 回应批评；快速回复
implied	kin	apply	apply	v. 应用；申请	apply | v. 应用；申请 | apply theory / apply for aid | 应用理论；申请援助
impose	family	imposition	imposition	n. 强加；征收	imposition | n. 强加；征收 | tax imposition | 税收征收
impose	family	imposed	imposed	adj. 被强加的	imposed | adj. 被强加的 | imposed rule | 被强加规则
impose	family	imposing	imposing	adj. 壮观的；强加的	imposing | adj. 壮观的；强加的 | imposing building | 壮观建筑
impose	kin	pose	pose	v./n. 造成；姿势	pose | v./n. 造成；姿势 | pose a risk / pose for a photo | 构成风险；摆姿势拍照
impose	kin	compose	compose	v. 组成；创作	compose | v. 组成；创作 | compose an essay / compose a team | 写作文；组成团队
impose	kin	expose	expose	v. 暴露；揭露	expose | v. 暴露；揭露 | expose corruption / expose skin | 揭露腐败；暴露皮肤
incentive	family	incentivize	incentivize	v. 激励	incentivize | v. 激励 | incentivize saving | 激励储蓄
incentive	family	incentivized	incentivized	adj. 被激励的	incentivized | adj. 被激励的 | incentivized behaviour | 被激励行为
incentive	family	disincentive	disincentive	n. 抑制因素	disincentive | n. 抑制因素 | financial disincentive | 经济抑制因素
incentive	kin	incite	incite	v. 煽动；激起	incite | v. 煽动；激起 | incite violence / incite anger | 煽动暴力；激起愤怒
incentive	kin	excite	excite	v. 使兴奋；激发	excite | v. 使兴奋；激发 | excite curiosity / excite investors | 激发好奇心；刺激投资者
incentive	kin	citation	citation	n. 引用；传票	citation | n. 引用；传票 | academic citation / legal citation | 学术引用；法律传票
motivation	family	motivate	motivate	v. 激励	motivate | v. 激励 | motivate students | 激励学生
motivation	family	motivated	motivated	adj. 有动力的	motivated | adj. 有动力的 | motivated worker | 有动力员工
motivation	family	motivational	motivational	adj. 激励性的	motivational | adj. 激励性的 | motivational speech | 激励演讲
motivation	kin	motive	motive	n. 动机	motive | n. 动机 | learning motive / profit motive | 学习动机；盈利动机
motivation	kin	motion	motion	n. 运动；动议	motion | n. 运动；动议 | motion picture / motion to reform | 电影；改革动议
motivation	kin	emotion	emotion	n. 情绪	emotion | n. 情绪 | negative emotion / emotional motivation | 负面情绪；情绪动机
inclined	family	incline	incline	v. 倾向；倾斜	incline | v. 倾向；倾斜 | incline toward reform | 倾向改革
inclined	family	inclination	inclination	n. 倾向	inclination | n. 倾向 | political inclination | 政治倾向
inclined	family	inclinedly	inclinedly	adv. 倾向地	inclinedly | adv. 倾向地 | respond inclinedly | 倾向性回应
inclined	kin	line	line	n./v. 线；排队	line | n./v. 线；排队 | poverty line / line the street | 贫困线；排列在街道两旁
inclined	kin	incline	incline	v./n. 倾向；斜坡	incline | v./n. 倾向；斜坡 | incline to agree / steep incline | 倾向同意；陡坡
inclined	kin	decline	decline	v./n. 下降；拒绝	decline | v./n. 下降；拒绝 | population decline / decline an offer | 人口下降；拒绝提议
disposed	family	dispose	dispose	v. 处理；安排	dispose | v. 处理；安排 | dispose waste | 处理废物
disposed	family	disposition	disposition	n. 倾向；性情	disposition | n. 倾向；性情 | political disposition | 政治倾向
disposed	family	disposedly	disposedly	adv. 倾向地	disposedly | adv. 倾向地 | respond disposedly | 倾向性回应
disposed	kin	pose	pose	v./n. 造成；姿势	pose | v./n. 造成；姿势 | pose a threat / pose for pictures | 构成威胁；摆姿势拍照
disposed	kin	dispose	dispose	v. 处理；使倾向	dispose | v. 处理；使倾向 | dispose of waste / dispose voters to agree | 处理废物；使选民倾向同意
disposed	kin	exposed	exposed	adj. 暴露的	exposed | adj. 暴露的 | exposed skin / exposed coastline | 暴露皮肤；暴露海岸线
inclusive	family	inclusion	inclusion	n. 包容；纳入	inclusion | n. 包容；纳入 | social inclusion | 社会包容
inclusive	family	inclusively	inclusively	adv. 包容地	inclusively | adv. 包容地 | teach inclusively | 包容性教学
inclusive	family	include	include	v. 包括	include | v. 包括 | include everyone | 包括所有人
inclusive	kin	close	close	v./adj. 关闭；接近的	close | v./adj. 关闭；接近的 | close a debate / close relationship | 结束辩论；亲近关系
inclusive	kin	include	include	v. 包括	include | v. 包括 | include hidden costs / include minorities | 包括隐藏成本；包括少数群体
inclusive	kin	exclude	exclude	v. 排除	exclude | v. 排除 | exclude irrelevant data / exclude applicants | 排除无关数据；排除申请者
incompatible	family	compatibility	compatibility	n. 兼容性	compatibility | n. 兼容性 | system compatibility | 系统兼容性
incompatible	family	compatible	compatible	adj. 兼容的	compatible | adj. 兼容的 | compatible software | 兼容软件
incompatible	family	incompatibly	incompatibly	adv. 不兼容地	incompatibly | adv. 不兼容地 | work incompatibly | 不兼容地运行
incompatible	kin	pact	pact	n. 协定	pact | n. 协定 | trade pact / peace pact | 贸易协定；和平协定
incompatible	kin	compact	compact	adj./n. 紧凑的；契约	compact | adj./n. 紧凑的；契约 | compact city / social compact | 紧凑城市；社会契约
incompatible	kin	impact	impact	n./v. 影响；撞击	impact | n./v. 影响；撞击 | environmental impact / impact a surface | 环境影响；撞击表面
conflicting	family	conflict	conflict	n. 冲突	conflict | n. 冲突 | social conflict | 社会冲突
conflicting	family	conflict	conflict	v. 冲突	conflict | v. 冲突 | conflict with evidence | 与证据冲突
conflicting	family	conflicted	conflicted	adj. 矛盾的	conflicted | adj. 矛盾的 | conflicted attitude | 矛盾态度
conflicting	kin	conflict	conflict	n./v. 冲突	conflict | n./v. 冲突 | armed conflict / conflict with evidence | 武装冲突；与证据冲突
conflicting	kin	inflict	inflict	v. 施加；造成	inflict | v. 施加；造成 | inflict costs / inflict pain | 造成成本；造成疼痛
conflicting	kin	affliction	affliction	n. 痛苦	affliction | n. 痛苦 | mental affliction / economic affliction | 精神痛苦；经济困境
inconclusive	family	conclusive	conclusive	adj. 决定性的	conclusive | adj. 决定性的 | conclusive evidence | 决定性证据
inconclusive	family	inconclusively	inconclusively	adv. 无定论地	inconclusively | adv. 无定论地 | end inconclusively | 无定论结束
inconclusive	family	inconclusiveness	inconclusiveness	n. 无定论	inconclusiveness | n. 无定论 | inconclusiveness of study | 研究无定论
inconclusive	kin	close	close	v./adj. 关闭；接近的	close | v./adj. 关闭；接近的 | close a debate / close relationship | 结束辩论；亲密关系
inconclusive	kin	include	include	v. 包括	include | v. 包括 | include hidden costs / include all groups | 包括隐藏成本；包括所有群体
inconclusive	kin	exclude	exclude	v. 排除	exclude | v. 排除 | exclude irrelevant data / exclude minorities | 排除无关数据；排斥少数群体
uncertain	family	uncertainty	uncertainty	n. 不确定性	uncertainty | n. 不确定性 | economic uncertainty | 经济不确定性
uncertain	family	uncertainly	uncertainly	adv. 不确定地	uncertainly | adv. 不确定地 | respond uncertainly | 不确定回应
uncertain	family	certain	certain	adj. 确定的	certain | adj. 确定的 | certain outcome | 确定结果
uncertain	kin	certain	certain	adj. 确定的；某些	certain | adj. 确定的；某些 | certain evidence / certain groups | 确定证据；某些群体
uncertain	kin	ascertain	ascertain	v. 查明	ascertain | v. 查明 | ascertain facts / ascertain causes | 查明事实；查明原因
uncertain	kin	certificate	certificate	n. 证书	certificate | n. 证书 | birth certificate / professional certificate | 出生证明；职业证书
indicate	family	indication	indication	n. 迹象；表明	indication | n. 迹象；表明 | early indication | 早期迹象
indicate	family	indicator	indicator	n. 指标	indicator | n. 指标 | economic indicator | 经济指标
indicate	family	indicated	indicated	adj. 被指出的	indicated | adj. 被指出的 | indicated risk | 被指出的风险
indicate	kin	index	index	n./v. 索引；指数	index | n./v. 索引；指数 | price index / index data | 价格指数；索引数据
indicate	kin	dictate	dictate	v. 支配；口述	dictate | v. 支配；口述 | dictate policy / dictate notes | 支配政策；口述笔记
indicate	kin	dedicate	dedicate	v. 致力于；献给	dedicate | v. 致力于；献给 | dedicate resources / dedicate a book | 投入资源；献书
suggest	family	suggestion	suggestion	n. 建议	suggestion | n. 建议 | practical suggestion | 实用建议
suggest	family	suggestive	suggestive	adj. 暗示性的	suggestive | adj. 暗示性的 | suggestive evidence | 暗示性证据
suggest	family	suggested	suggested	adj. 被建议的	suggested | adj. 被建议的 | suggested solution | 建议方案
suggest	kin	gesture	gesture	n./v. 手势；表示	gesture | n./v. 手势；表示 | nonverbal gesture / gesture of support | 非语言手势；支持姿态
suggest	kin	digest	digest	v./n. 消化；摘要	digest | v./n. 消化；摘要 | digest information / news digest | 消化信息；新闻摘要
suggest	kin	register	register	n./v. 登记；语域	register | n./v. 登记；语域 | register voters / formal register | 登记选民；正式语域
induce	family	induction	induction	n. 诱导；入职培训	induction | n. 诱导；入职培训 | worker induction | 员工入职培训
induce	family	induced	induced	adj. 被诱发的	induced | adj. 被诱发的 | induced demand | 诱发需求
induce	family	inducement	inducement	n. 诱因	inducement | n. 诱因 | financial inducement | 经济诱因
induce	kin	conduct	conduct	v. 实施；传导	conduct | v. 实施；传导 | conduct research / conduct electricity | 开展研究；导电
induce	kin	deduce	deduce	v. 推导	deduce | v. 推导 | deduce a conclusion / deduce meaning | 推导结论；推断含义
induce	kin	duct	duct	n. 管道	duct | n. 管道 | air duct / tear duct | 通风管道；泪管
trigger	family	trigger	trigger	n. 触发因素	trigger | n. 触发因素 | emotional trigger | 情绪触发因素
trigger	family	triggered	triggered	adj. 被触发的	triggered | adj. 被触发的 | triggered response | 被触发反应
trigger	family	triggering	triggering	adj. 触发性的	triggering | adj. 触发性的 | triggering event | 触发事件
trigger	kin	trig	trig	root 触发；三角相关	trig | root 触发；三角相关 | trigger warning / trigonometry problem | 触发警告；三角函数题
trigger	kin	rigor	rigor	n. 严谨；严格	rigor | n. 严谨；严格 | academic rigor / legal rigor | 学术严谨；法律严谨
trigger	kin	figure	figure	n./v. 数字；理解	figure | n./v. 数字；理解 | statistical figure / figure out meaning | 统计数字；弄懂意思
inevitable	family	inevitability	inevitability	n. 不可避免性	inevitability | n. 不可避免性 | inevitability of change | 变化不可避免性
inevitable	family	inevitably	inevitably	adv. 不可避免地	inevitably | adv. 不可避免地 | inevitably increase | 不可避免增加
inevitable	family	evitable	evitable	adj. 可避免的	evitable | adj. 可避免的 | evitable risk | 可避免风险
inevitable	kin	event	event	n. 事件	event | n. 事件 | major event / sporting event | 重大事件；体育赛事
inevitable	kin	prevent	prevent	v. 防止	prevent | v. 防止 | prevent disease / prevent crime | 预防疾病；防止犯罪
inevitable	kin	intervention	intervention	n. 干预	intervention | n. 干预 | early intervention / state intervention | 早期干预；国家干预
unavoidable	family	avoid	avoid	v. 避免	avoid | v. 避免 | avoid mistakes | 避免错误
unavoidable	family	avoidable	avoidable	adj. 可避免的	avoidable | adj. 可避免的 | avoidable accident | 可避免事故
unavoidable	family	unavoidably	unavoidably	adv. 不可避免地	unavoidably | adv. 不可避免地 | unavoidably affect | 不可避免影响
unavoidable	kin	avoid	avoid	v. 避免	avoid | v. 避免 | avoid risk / avoid waste | 避免风险；避免浪费
unavoidable	kin	void	void	n./adj. 空缺；无效的	void | n./adj. 空缺；无效的 | legal void / void contract | 法律空白；无效合同
unavoidable	kin	devoid	devoid	adj. 缺乏的	devoid | adj. 缺乏的 | devoid of evidence / devoid of emotion | 缺乏证据；缺乏情感
inferior	family	inferiority	inferiority	n. 低劣；自卑	inferiority | n. 低劣；自卑 | product inferiority | 产品低劣
inferior	family	inferiorly	inferiorly	adv. 较差地	inferiorly | adv. 较差地 | perform inferiorly | 表现较差
inferior	family	inferior	inferior	n. 下级	inferior | n. 下级 | social inferior | 社会下级
inferior	kin	interior	interior	n./adj. 内部；内部的	interior | n./adj. 内部；内部的 | building interior / interior design | 建筑内部；室内设计
inferior	kin	exterior	exterior	n./adj. 外部；外部的	exterior | n./adj. 外部；外部的 | building exterior / exterior wall | 建筑外部；外墙
inferior	kin	superior	superior	adj./n. 更好的；上级	superior | adj./n. 更好的；上级 | superior quality / immediate superior | 更好质量；直属上级
substandard	family	standard	standard	n. 标准	standard | n. 标准 | safety standard | 安全标准
substandard	family	standardize	standardize	v. 标准化	standardize | v. 标准化 | standardize tests | 标准化考试
substandard	family	substandardness	substandardness	n. 低标准性	substandardness | n. 低标准性 | substandardness of housing | 住房低标准性
substandard	kin	standard	standard	n./adj. 标准；标准的	standard | n./adj. 标准；标准的 | quality standard / standard procedure | 质量标准；标准流程
substandard	kin	stand	stand	v./n. 站立；立场	stand | v./n. 站立；立场 | take a stand / stand firm | 表明立场；立场坚定
substandard	kin	outstanding	outstanding	adj. 杰出的；未解决的	outstanding | adj. 杰出的；未解决的 | outstanding achievement / outstanding debt | 杰出成就；未偿债务
influence	family	influence	influence	n. 影响	influence | n. 影响 | social influence | 社会影响
influence	family	influential	influential	adj. 有影响力的	influential | adj. 有影响力的 | influential platform | 有影响力平台
influence	family	influenced	influenced	adj. 受影响的	influenced | adj. 受影响的 | influenced decision | 受影响决定
influence	kin	fluent	fluent	adj. 流利的；流畅的	fluent | adj. 流利的；流畅的 | fluent English / fluent writing | 流利英语；流畅写作
influence	kin	influx	influx	n. 涌入	influx | n. 涌入 | influx of tourists / capital influx | 游客涌入；资本涌入
influence	kin	fluid	fluid	adj./n. 流动的；流体	fluid | adj./n. 流动的；流体 | fluid identity / body fluid | 流动身份；体液
affect	family	effect	effect	n. 效果	effect | n. 效果 | harmful effect | 有害影响
affect	family	affected	affected	adj. 受影响的	affected | adj. 受影响的 | affected residents | 受影响居民
affect	family	affective	affective	adj. 情感的	affective | adj. 情感的 | affective response | 情感反应
affect	kin	effect	effect	n. 效果；影响	effect | n. 效果；影响 | long-term effect / side effect | 长期影响；副作用
affect	kin	infect	infect	v. 感染；影响	infect | v. 感染；影响 | infect patients / infect public opinion | 感染患者；影响公众舆论
affect	kin	defect	defect	n. 缺陷	defect | n. 缺陷 | design defect / birth defect | 设计缺陷；出生缺陷
inherent	family	inherence	inherence	n. 固有性	inherence | n. 固有性 | inherence of risk | 风险固有性
inherent	family	inherently	inherently	adv. 固有地	inherently | adv. 固有地 | inherently risky | 本质上有风险
inherent	family	inhere	inhere	v. 存在于	inhere | v. 存在于 | rights inhere | 权利内在存在
inherent	kin	adhere	adhere	v. 粘附；坚持	adhere | v. 粘附；坚持 | adhere to rules / adhere to a surface | 遵守规则；粘在表面
inherent	kin	cohere	cohere	v. 连贯；凝聚	cohere | v. 连贯；凝聚 | ideas cohere / communities cohere | 观点连贯；社区凝聚
inherent	kin	heritage	heritage	n. 遗产	heritage | n. 遗产 | cultural heritage / world heritage | 文化遗产；世界遗产
intrinsic	family	intrinsically	intrinsically	adv. 内在地	intrinsically | adv. 内在地 | intrinsically valuable | 内在有价值
intrinsic	family	intrinsicness	intrinsicness	n. 内在性	intrinsicness | n. 内在性 | intrinsicness of value | 价值内在性
intrinsic	family	extrinsic	extrinsic	adj. 外在的	extrinsic | adj. 外在的 | extrinsic reward | 外在奖励
intrinsic	kin	string	string	n. 线；字符串	string | n. 线；字符串 | text string / guitar string | 文本字符串；吉他弦
intrinsic	kin	extrinsic	extrinsic	adj. 外在的	extrinsic | adj. 外在的 | extrinsic reward / extrinsic factor | 外在奖励；外部因素
intrinsic	kin	strict	strict	adj. 严格的	strict | adj. 严格的 | strict regulation / strict teacher | 严格监管；严格老师
initial	family	initially	initially	adv. 最初	initially | adv. 最初 | initially reject | 最初拒绝
initial	family	initiate	initiate	v. 开始	initiate | v. 开始 | initiate reform | 启动改革
initial	family	initiative	initiative	n. 倡议	initiative | n. 倡议 | public initiative | 公共倡议
initial	kin	initiate	initiate	v. 开始；发起	initiate | v. 开始；发起 | initiate reform / initiate a project | 发起改革；启动项目
initial	kin	initiative	initiative	n. 倡议；主动性	initiative | n. 倡议；主动性 | policy initiative / take initiative | 政策倡议；采取主动
initial	kin	ignition	ignition	n. 点火	ignition | n. 点火 | engine ignition / ignition point | 发动机点火；着火点
preliminary	family	preliminarily	preliminarily	adv. 初步地	preliminarily | adv. 初步地 | preliminarily assess | 初步评估
preliminary	family	preliminary	preliminary	n. 初赛；预备事项	preliminary | n. 初赛；预备事项 | exam preliminary | 考试预备事项
preliminary	family	preliminaries	preliminaries	n. 预备工作	preliminaries | n. 预备工作 | legal preliminaries | 法律预备工作
preliminary	kin	limit	limit	n./v. 限制	limit | n./v. 限制 | legal limit / limit emissions | 法律限制；限制排放
preliminary	kin	liminal	liminal	adj. 阈限的；过渡的	liminal | adj. 阈限的；过渡的 | liminal space / liminal period | 阈限空间；过渡时期
preliminary	kin	eliminate	eliminate	v. 消除	eliminate | v. 消除 | eliminate poverty / eliminate errors | 消除贫困；消除错误
innovative	family	innovation	innovation	n. 创新	innovation | n. 创新 | technological innovation | 技术创新
innovative	family	innovate	innovate	v. 创新	innovate | v. 创新 | innovate continuously | 持续创新
innovative	family	innovator	innovator	n. 创新者	innovator | n. 创新者 | social innovator | 社会创新者
innovative	kin	novel	novel	adj./n. 新颖的；小说	novel | adj./n. 新颖的；小说 | novel method / novel genre | 新方法；小说体裁
innovative	kin	renovate	renovate	v. 翻新；革新	renovate | v. 翻新；革新 | renovate old houses / renovate a system | 翻新旧房；革新制度
innovative	kin	novice	novice	n. 新手	novice | n. 新手 | novice learner / novice driver | 新手学习者；新手司机
novel	family	novelty	novelty	n. 新奇	novelty | n. 新奇 | novelty effect | 新奇效应
novel	family	novelist	novelist	n. 小说家	novelist | n. 小说家 | famous novelist | 著名小说家
novel	family	novelistic	novelistic	adj. 小说式的	novelistic | adj. 小说式的 | novelistic detail | 小说式细节
novel	kin	innovation	innovation	n. 创新	innovation | n. 创新 | technological innovation / social innovation | 技术创新；社会创新
novel	kin	novice	novice	n. 新手	novice | n. 新手 | complete novice / novice teacher | 完全新手；新手教师
novel	kin	renovate	renovate	v. 翻新；革新	renovate | v. 翻新；革新 | renovate buildings / renovate institutions | 翻新建筑；革新制度
insight	family	insightful	insightful	adj. 有洞察力的	insightful | adj. 有洞察力的 | insightful analysis | 有洞察力分析
insight	family	insightfully	insightfully	adv. 有洞察力地	insightfully | adv. 有洞察力地 | argue insightfully | 有洞察力地论证
insight	family	insightfulness	insightfulness	n. 洞察力	insightfulness | n. 洞察力 | insightfulness of research | 研究洞察力
insight	kin	sight	sight	n. 视力；景象	sight | n. 视力；景象 | lose sight of goals / beautiful sight | 忘记目标；美丽景象
insight	kin	vision	vision	n. 视野；愿景	vision | n. 视野；愿景 | strategic vision / normal vision | 战略愿景；正常视力
insight	kin	oversight	oversight	n. 监督；疏忽	oversight | n. 监督；疏忽 | government oversight / minor oversight | 政府监督；小疏忽
understanding	family	understand	understand	v. 理解	understand | v. 理解 | understand risks | 理解风险
understanding	family	understandable	understandable	adj. 可理解的	understandable | adj. 可理解的 | understandable concern | 可理解担忧
understanding	family	misunderstanding	misunderstanding	n. 误解	misunderstanding | n. 误解 | public misunderstanding | 公众误解
understanding	kin	stand	stand	v./n. 站立；立场	stand | v./n. 站立；立场 | understand a theory / take a stand | 理解理论；表明立场
understanding	kin	withstand	withstand	v. 承受	withstand | v. 承受 | withstand pressure / withstand earthquakes | 承受压力；抗震
understanding	kin	misunderstanding	misunderstanding	n. 误解	misunderstanding | n. 误解 | common misunderstanding / cultural misunderstanding | 常见误解；文化误解
integral	family	integrity	integrity	n. 完整；诚信	integrity | n. 完整；诚信 | academic integrity | 学术诚信
integral	family	integrally	integrally	adv. 不可分割地	integrally | adv. 不可分割地 | integrally connected | 不可分割地相连
integral	family	integration	integration	n. 整合	integration | n. 整合 | social integration | 社会融合
integral	kin	integer	integer	n. 整数	integer | n. 整数 | positive integer / integer value | 正整数；整数值
integral	kin	integrate	integrate	v. 整合	integrate | v. 整合 | integrate resources / integrate immigrants | 整合资源；融合移民
integral	kin	disintegrate	disintegrate	v. 解体	disintegrate | v. 解体 | families disintegrate / materials disintegrate | 家庭解体；材料分解
intelligible	family	intelligibility	intelligibility	n. 可理解性	intelligibility | n. 可理解性 | speech intelligibility | 语音可懂度
intelligible	family	intelligibly	intelligibly	adv. 可理解地	intelligibly | adv. 可理解地 | explain intelligibly | 清楚解释
intelligible	family	intelligence	intelligence	n. 智力；情报	intelligence | n. 智力；情报 | artificial intelligence | 人工智能
intelligible	kin	intellect	intellect	n. 智力；理智	intellect | n. 智力；理智 | human intellect / intellectual life | 人类智力；智识生活
intelligible	kin	legible	legible	adj. 易读的	legible | adj. 易读的 | legible handwriting / legible font | 清晰字迹；易读字体
intelligible	kin	eligible	eligible	adj. 有资格的	eligible | adj. 有资格的 | eligible voters / eligible for aid | 合格选民；有资格获得援助
comprehensible	family	comprehension	comprehension	n. 理解	comprehension | n. 理解 | reading comprehension | 阅读理解
comprehensible	family	comprehend	comprehend	v. 理解	comprehend | v. 理解 | comprehend risks | 理解风险
comprehensible	family	comprehensive	comprehensive	adj. 全面的	comprehensive | adj. 全面的 | comprehensive reform | 全面改革
comprehensible	kin	comprehend	comprehend	v. 理解	comprehend | v. 理解 | comprehend a passage / comprehend social change | 理解段落；理解社会变化
comprehensible	kin	apprehensive	apprehensive	adj. 忧虑的	apprehensive | adj. 忧虑的 | apprehensive parents / apprehensive about costs | 忧虑的父母；担心成本
comprehensible	kin	comprehensive	comprehensive	adj. 全面的	comprehensive | adj. 全面的 | comprehensive reform / comprehensive evidence | 全面改革；全面证据
intense	family	intensity	intensity	n. 强度	intensity | n. 强度 | high intensity | 高强度
intense	family	intensely	intensely	adv. 强烈地	intensely | adv. 强烈地 | compete intensely | 激烈竞争
intense	family	intensify	intensify	v. 加剧	intensify | v. 加剧 | intensify pressure | 加剧压力
intense	kin	tension	tension	n. 张力；紧张	tension | n. 张力；紧张 | social tension / surface tension | 社会紧张；表面张力
intense	kin	intensive	intensive	adj. 密集的；强化的	intensive | adj. 密集的；强化的 | intensive training / intensive care | 强化训练；重症监护
intense	kin	tensile	tensile	adj. 张力的	tensile | adj. 张力的 | tensile strength / tensile stress | 抗拉强度；拉应力
severe	family	severity	severity	n. 严重性	severity | n. 严重性 | severity of illness | 疾病严重性
severe	family	severely	severely	adv. 严重地	severely | adv. 严重地 | severely damage | 严重损害
severe	family	severeness	severeness	n. 严重性	severeness | n. 严重性 | severeness of penalty | 惩罚严厉性
severe	kin	sever	sever	v. 切断	sever | v. 切断 | sever ties / sever a cable | 断绝关系；切断电缆
severe	kin	several	several	adj. 几个	several | adj. 几个 | several factors / several attempts | 几个因素；几次尝试
severe	kin	perseverance	perseverance	n. 坚持	perseverance | n. 坚持 | academic perseverance / perseverance in reform | 学业坚持；改革中的坚持
interact	family	interaction	interaction	n. 互动	interaction | n. 互动 | classroom interaction | 课堂互动
interact	family	interactive	interactive	adj. 互动的	interactive | adj. 互动的 | interactive platform | 互动平台
interact	family	interacting	interacting	adj. 相互作用的	interacting | adj. 相互作用的 | interacting factors | 相互作用因素
interact	kin	act	act	n./v. 行为；行动	act | n./v. 行为；行动 | public act / act quickly | 公共行为；迅速行动
interact	kin	reaction	reaction	n. 反应	reaction | n. 反应 | chemical reaction / public reaction | 化学反应；公众反应
interact	kin	transaction	transaction	n. 交易	transaction | n. 交易 | financial transaction / online transaction | 金融交易；线上交易
engage	family	engagement	engagement	n. 参与；互动	engagement | n. 参与；互动 | student engagement | 学生参与
engage	family	engaged	engaged	adj. 参与的	engaged | adj. 参与的 | engaged citizen | 参与型市民
engage	family	engaging	engaging	adj. 有吸引力的	engaging | adj. 有吸引力的 | engaging lesson | 有吸引力的课程
engage	kin	gauge	gauge	n./v. 量表；测量	gauge | n./v. 量表；测量 | pressure gauge / gauge public opinion | 压力表；衡量民意
engage	kin	cage	cage	n. 笼子	cage | n. 笼子 | bird cage / cage experiment | 鸟笼；笼养实验
engage	kin	gage	gage	n. 抵押物；标准量规	gage | n. 抵押物；标准量规 | gage block / gage measurement | 量块；量规测量
interfere	family	interference	interference	n. 干扰	interference | n. 干扰 | political interference | 政治干预
interfere	family	interfering	interfering	adj. 干扰的	interfering | adj. 干扰的 | interfering factor | 干扰因素
interfere	family	interfered	interfered	adj. 被干扰的	interfered | adj. 被干扰的 | interfered process | 被干扰流程
interfere	kin	ferry	ferry	n./v. 渡船；运送	ferry | n./v. 渡船；运送 | passenger ferry / ferry supplies | 客运渡船；运送物资
interfere	kin	transfer	transfer	v. 转移；转让	transfer | v. 转移；转让 | transfer data / transfer ownership | 转移数据；转让所有权
interfere	kin	refer	refer	v. 指称；参考	refer | v. 指称；参考 | refer to evidence / refer patients | 参考证据；转诊病人
disrupt	family	disruption	disruption	n. 扰乱；中断	disruption | n. 扰乱；中断 | supply disruption | 供应中断
disrupt	family	disruptive	disruptive	adj. 破坏性的	disruptive | adj. 破坏性的 | disruptive technology | 颠覆性技术
disrupt	family	disrupted	disrupted	adj. 被扰乱的	disrupted | adj. 被扰乱的 | disrupted service | 中断服务
disrupt	kin	rupture	rupture	n./v. 破裂	rupture | n./v. 破裂 | social rupture / rupture a pipe | 社会断裂；弄破管道
disrupt	kin	interrupt	interrupt	v. 打断	interrupt | v. 打断 | interrupt lessons / interrupt supply chains | 打断课程；中断供应链
disrupt	kin	erupt	erupt	v. 爆发；喷发	erupt | v. 爆发；喷发 | volcanoes erupt / protests erupt | 火山喷发；抗议爆发
internal	family	internally	internally	adv. 内部地	internally | adv. 内部地 | internally consistent | 内部一致
internal	family	internalize	internalize	v. 内化	internalize | v. 内化 | internalize rules | 内化规则
internal	family	internality	internality	n. 内在性	internality | n. 内在性 | internality of conflict | 冲突内在性
internal	kin	intestine	intestine	n. 肠	intestine | n. 肠 | small intestine / intestinal bacteria | 小肠；肠道细菌
internal	kin	eternal	eternal	adj. 永恒的	eternal | adj. 永恒的 | eternal value / eternal conflict | 永恒价值；永恒冲突
internal	kin	external	external	adj. 外部的	external | adj. 外部的 | external pressure / external wall | 外部压力；外墙
inner	family	innerness	innerness	n. 内在性	innerness | n. 内在性 | innerness of feeling | 感受内在性
inner	family	innermost	innermost	adj. 最内层的	innermost | adj. 最内层的 | innermost layer | 最内层
inner	family	inward	inward	adj. 向内的	inward | adj. 向内的 | inward focus | 向内关注
invalidate	family	invalid	invalid	adj. 无效的	invalid | adj. 无效的 | invalid evidence | 无效证据
invalidate	family	invalidation	invalidation	n. 无效化	invalidation | n. 无效化 | legal invalidation | 法律无效化
invalidate	family	invalidated	invalidated	adj. 被推翻的	invalidated | adj. 被推翻的 | invalidated result | 被推翻结果
invalidate	kin	valid	valid	adj. 有效的；合理的	valid | adj. 有效的；合理的 | valid evidence / valid argument | 有效证据；合理论点
invalidate	kin	validate	validate	v. 验证；确认有效	validate | v. 验证；确认有效 | validate data / validate a theory | 验证数据；验证理论
invalidate	kin	valence	valence	n. 化合价；情绪效价	valence | n. 化合价；情绪效价 | chemical valence / emotional valence | 化合价；情绪效价
disprove	family	disproof	disproof	n. 反证	disproof | n. 反证 | scientific disproof | 科学反证
disprove	family	disproved	disproved	adj. 被反驳的	disproved | adj. 被反驳的 | disproved theory | 被反驳理论
disprove	family	disprovable	disprovable	adj. 可反驳的	disprovable | adj. 可反驳的 | disprovable claim | 可反驳说法
disprove	kin	prove	prove	v. 证明	prove | v. 证明 | prove a theory / prove effective | 证明理论；证明有效
disprove	kin	approve	approve	v. 批准；赞成	approve | v. 批准；赞成 | approve a plan / approve of reform | 批准计划；赞成改革
disprove	kin	improve	improve	v. 改善	improve | v. 改善 | improve education / improve efficiency | 改善教育；提高效率
investigate	family	investigation	investigation	n. 调查	investigation | n. 调查 | official investigation | 官方调查
investigate	family	investigator	investigator	n. 调查者	investigator | n. 调查者 | independent investigator | 独立调查员
investigate	family	investigative	investigative	adj. 调查的	investigative | adj. 调查的 | investigative report | 调查报道
investigate	kin	vestige	vestige	n. 遗迹；残余	vestige | n. 遗迹；残余 | vestige of empire / vestige of tradition | 帝国遗迹；传统残余
investigate	kin	invest	invest	v. 投资；投入	invest | v. 投资；投入 | invest in education / invest time | 投资教育；投入时间
investigate	kin	vest	vest	n. 背心；马甲	vest | n. 背心；马甲 | safety vest / bulletproof vest | 安全背心；防弹背心
probe	family	probe	probe	n. 探针；调查	probe | n. 探针；调查 | corruption probe | 腐败调查
probe	family	probing	probing	adj. 深入的	probing | adj. 深入的 | probing question | 深入问题
probe	family	probed	probed	adj. 被调查的	probed | adj. 被调查的 | probed case | 被调查案件
probe	kin	probable	probable	adj. 可能的	probable | adj. 可能的 | probable cause / probable outcome | 合理依据；可能结果
probe	kin	prove	prove	v. 证明	prove | v. 证明 | prove a theory / prove effective | 证明理论；证明有效
probe	kin	probability	probability	n. 概率	probability | n. 概率 | high probability / probability theory | 高概率；概率论
invoke	family	invocation	invocation	n. 援引；调用	invocation | n. 援引；调用 | legal invocation | 法律援引
invoke	family	invoked	invoked	adj. 被援引的	invoked | adj. 被援引的 | invoked rule | 被援引规则
invoke	family	invocable	invocable	adj. 可援引的	invocable | adj. 可援引的 | invocable right | 可援引权利
invoke	kin	voice	voice	n./v. 声音；表达	voice | n./v. 声音；表达 | public voice / voice concern | 公众声音；表达担忧
invoke	kin	vocal	vocal	adj. 声音的；直言的	vocal | adj. 声音的；直言的 | vocal opposition / vocal training | 公开反对；声乐训练
invoke	kin	revoke	revoke	v. 撤销	revoke | v. 撤销 | revoke a license / revoke permission | 吊销执照；撤销许可
cite	family	citation	citation	n. 引用	citation | n. 引用 | academic citation | 学术引用
cite	family	cited	cited	adj. 被引用的	cited | adj. 被引用的 | cited evidence | 被引用证据
cite	family	citable	citable	adj. 可引用的	citable | adj. 可引用的 | citable source | 可引用来源
cite	kin	citation	citation	n. 引用；传票	citation | n. 引用；传票 | academic citation / legal citation | 学术引用；法律传票
cite	kin	recite	recite	v. 背诵；朗诵	recite | v. 背诵；朗诵 | recite a poem / recite rules | 朗诵诗歌；背诵规则
cite	kin	incite	incite	v. 煽动；激起	incite | v. 煽动；激起 | incite violence / incite public anger | 煽动暴力；激起公众愤怒
isolated	family	isolate	isolate	v. 隔离；孤立	isolate | v. 隔离；孤立 | isolate patients | 隔离患者
isolated	family	isolation	isolation	n. 隔离；孤立	isolation | n. 隔离；孤立 | social isolation | 社会孤立
isolated	family	isolating	isolating	adj. 使孤立的	isolating | adj. 使孤立的 | isolating condition | 使孤立的条件
isolated	kin	island	island	n. 岛	island | n. 岛 | remote island / island ecosystem | 偏远岛屿；岛屿生态系统
isolated	kin	isolate	isolate	v. 隔离；分离	isolate | v. 隔离；分离 | isolate patients / isolate variables | 隔离病人；隔离变量
isolated	kin	solitude	solitude	n. 独处；孤独	solitude | n. 独处；孤独 | creative solitude / deep solitude | 创造性独处；深深孤独
joint	family	jointly	jointly	adv. 共同地	jointly | adv. 共同地 | jointly fund | 共同资助
joint	family	joint	joint	n. 关节；接合处	joint | n. 关节；接合处 | knee joint | 膝关节
joint	family	jointed	jointed	adj. 有关节的	jointed | adj. 有关节的 | jointed structure | 有关节结构
joint	kin	join	join	v. 加入；连接	join | v. 加入；连接 | join a group / join two parts | 加入群体；连接两部分
joint	kin	junction	junction	n. 连接点；交叉口	junction | n. 连接点；交叉口 | railway junction / road junction | 铁路枢纽；道路交叉口
joint	kin	conjunction	conjunction	n. 连词；结合	conjunction | n. 连词；结合 | coordinating conjunction / rare conjunction | 并列连词；罕见结合
shared	family	share	share	v. 分享；分担	share | v. 分享；分担 | share costs | 分担成本
shared	family	sharing	sharing	n. 分享	sharing | n. 分享 | resource sharing | 资源共享
shared	family	shareable	shareable	adj. 可分享的	shareable | adj. 可分享的 | shareable data | 可分享数据
shared	kin	share	share	v./n. 分享；份额	share | v./n. 分享；份额 | share resources / market share | 共享资源；市场份额
shared	kin	shareholder	shareholder	n. 股东	shareholder | n. 股东 | major shareholder / shareholder rights | 大股东；股东权利
shared	kin	shear	shear	v./n. 剪切；剪羊毛	shear | v./n. 剪切；剪羊毛 | shear force / shear wool | 剪切力；剪羊毛
justify	family	justification	justification	n. 正当理由	justification | n. 正当理由 | policy justification | 政策正当性
justify	family	justified	justified	adj. 合理的	justified | adj. 合理的 | justified concern | 合理担忧
justify	family	justifiable	justifiable	adj. 可证明合理的	justifiable | adj. 可证明合理的 | justifiable cost | 合理成本
justify	kin	justice	justice	n. 正义；司法	justice | n. 正义；司法 | social justice / criminal justice | 社会正义；刑事司法
justify	kin	adjust	adjust	v. 调整	adjust | v. 调整 | adjust policy / adjust expectations | 调整政策；调整预期
justify	kin	judicial	judicial	adj. 司法的	judicial | adj. 司法的 | judicial review / judicial independence | 司法审查；司法独立
defend	family	defense	defense	n. 防御；辩护	defense | n. 防御；辩护 | legal defense | 法律辩护
defend	family	defendant	defendant	n. 被告	defendant | n. 被告 | criminal defendant | 刑事被告
defend	family	defensible	defensible	adj. 可辩护的	defensible | adj. 可辩护的 | defensible policy | 可辩护政策
defend	kin	fence	fence	n. 栅栏	fence | n. 栅栏 | wooden fence / border fence | 木栅栏；边境围栏
defend	kin	offense	offense	n. 犯罪；冒犯	offense | n. 犯罪；冒犯 | criminal offense / take offense | 刑事犯罪；感到冒犯
defend	kin	defense	defense	n. 防御；辩护	defense | n. 防御；辩护 | legal defense / national defense | 法律辩护；国防
latent	family	latency	latency	n. 潜伏；延迟	latency | n. 潜伏；延迟 | network latency | 网络延迟
latent	family	latently	latently	adv. 潜在地	latently | adv. 潜在地 | exist latently | 潜在存在
latent	family	latentness	latentness	n. 潜在性	latentness | n. 潜在性 | latentness of risk | 风险潜在性
latent	kin	late	late	adj./adv. 晚的；迟	late | adj./adv. 晚的；迟 | late payment / arrive late | 逾期付款；迟到
latent	kin	latency	latency	n. 延迟；潜伏期	latency | n. 延迟；潜伏期 | network latency / disease latency | 网络延迟；疾病潜伏期
latent	kin	delay	delay	n./v. 延迟	delay | n./v. 延迟 | delay treatment / flight delay | 延误治疗；航班延误
hidden	family	hide	hide	v. 隐藏	hide | v. 隐藏 | hide costs | 隐藏成本
hidden	family	hiding	hiding	n. 隐藏	hiding | n. 隐藏 | hiding information | 隐藏信息
hidden	family	hiddenness	hiddenness	n. 隐蔽性	hiddenness | n. 隐蔽性 | hiddenness of risk | 风险隐蔽性
hidden	kin	hide	hide	v. 隐藏	hide | v. 隐藏 | hide evidence / hide emotions | 隐藏证据；隐藏情绪
hidden	kin	hideout	hideout	n. 藏身处	hideout | n. 藏身处 | secret hideout / criminal hideout | 秘密藏身处；罪犯藏身处
hidden	kin	hideous	hideous	adj. 丑陋的；可怕的	hideous | adj. 丑陋的；可怕的 | hideous crime / hideous design | 可怕罪行；丑陋设计
legitimate	family	legitimacy	legitimacy	n. 合法性；正当性	legitimacy | n. 合法性；正当性 | political legitimacy | 政治正当性
legitimate	family	legitimately	legitimately	adv. 合法地；合理地	legitimately | adv. 合法地；合理地 | legitimately question | 合理质疑
legitimate	family	legitimize	legitimize	v. 使合法化	legitimize | v. 使合法化 | legitimize reform | 使改革合法化
legitimate	kin	legal	legal	adj. 法律的；合法的	legal | adj. 法律的；合法的 | legal rights / legal framework | 合法权利；法律框架
legitimate	kin	legislate	legislate	v. 立法	legislate | v. 立法 | legislate against discrimination / legislate new rules | 立法反歧视；制定新规则
legitimate	kin	legacy	legacy	n. 遗产	legacy | n. 遗产 | cultural legacy / policy legacy | 文化遗产；政策遗留
valid	family	validity	validity	n. 有效性	validity | n. 有效性 | legal validity | 法律有效性
valid	family	validate	validate	v. 验证	validate | v. 验证 | validate results | 验证结果
valid	family	invalid	invalid	adj. 无效的	invalid | adj. 无效的 | invalid claim | 无效说法
valid	kin	validity	validity	n. 有效性；合理性	validity | n. 有效性；合理性 | legal validity / scientific validity | 法律效力；科学有效性
valid	kin	invalid	invalid	adj. 无效的	invalid | adj. 无效的 | invalid data / invalid contract | 无效数据；无效合同
valid	kin	valence	valence	n. 化合价；情绪效价	valence | n. 化合价；情绪效价 | chemical valence / emotional valence | 化合价；情绪效价
liberate	family	liberation	liberation	n. 解放	liberation | n. 解放 | national liberation | 民族解放
liberate	family	liberated	liberated	adj. 被解放的	liberated | adj. 被解放的 | liberated workers | 被解放工人
liberate	family	liberating	liberating	adj. 解放性的	liberating | adj. 解放性的 | liberating effect | 解放作用
liberate	kin	liberty	liberty	n. 自由	liberty | n. 自由 | political liberty / individual liberty | 政治自由；个人自由
liberate	kin	liberal	liberal	adj. 自由的；开明的	liberal | adj. 自由的；开明的 | liberal education / liberal democracy | 通识教育；自由民主
liberate	kin	library	library	n. 图书馆；库	library | n. 图书馆；库 | school library / software library | 学校图书馆；软件库
free	family	freedom	freedom	n. 自由	freedom | n. 自由 | academic freedom | 学术自由
free	family	freely	freely	adv. 自由地	freely | adv. 自由地 | speak freely | 自由表达
free	family	freeing	freeing	adj. 释放性的	freeing | adj. 释放性的 | freeing effect | 解放作用
free	kin	freedom	freedom	n. 自由	freedom | n. 自由 | academic freedom / freedom of speech | 学术自由；言论自由
free	kin	freeze	freeze	v./n. 冻结；冰冻	freeze | v./n. 冻结；冰冻 | freeze prices / water freezes | 冻结价格；水结冰
free	kin	freelance	freelance	adj./v. 自由职业的；做自由职业	freelance | adj./v. 自由职业的；做自由职业 | freelance writer / freelance work | 自由撰稿人；自由职业工作
liable	family	liability	liability	n. 责任；负债	liability | n. 责任；负债 | legal liability | 法律责任
liable	family	liably	liably	adv. 有责任地	liably | adv. 有责任地 | act liably | 负责任地行动
liable	kin	liability	liability	n. 责任；负债	liability | n. 责任；负债 | legal liability / financial liability | 法律责任；财务负债
liable	kin	reliable	reliable	adj. 可靠的	reliable | adj. 可靠的 | reliable evidence / reliable service | 可靠证据；可靠服务
liable	kin	alliance	alliance	n. 联盟	alliance | n. 联盟 | strategic alliance / military alliance | 战略联盟；军事联盟
responsible	family	responsibility	responsibility	n. 责任	responsibility | n. 责任 | social responsibility | 社会责任
responsible	family	responsibly	responsibly	adv. 负责地	responsibly | adv. 负责地 | act responsibly | 负责行动
responsible	family	irresponsible	irresponsible	adj. 不负责任的	irresponsible | adj. 不负责任的 | irresponsible spending | 不负责任支出
responsible	kin	respond	respond	v. 回应；负责反应	respond | v. 回应；负责反应 | respond to emergencies / respond to feedback | 应对紧急情况；回应反馈
responsible	kin	response	response	n. 反应；回应	response | n. 反应；回应 | quick response / emotional response | 快速回应；情绪反应
responsible	kin	despondent	despondent	adj. 沮丧的	despondent | adj. 沮丧的 | despondent mood / despondent workers | 沮丧情绪；沮丧的工人
linger	family	lingering	lingering	adj. 持续的	lingering | adj. 持续的 | lingering doubt | 持续怀疑
linger	family	lingered	lingered	adj. 持续存在的	lingered | adj. 持续存在的 | lingered effect | 持续影响
linger	family	lingeringly	lingeringly	adv. 持续地	lingeringly | adv. 持续地 | remain lingeringly | 持续存在
linger	kin	long	long	adj./v. 长的；渴望	long | adj./v. 长的；渴望 | long period / long for freedom | 长时期；渴望自由
linger	kin	lingering	lingering	adj. 持续不去的	lingering | adj. 持续不去的 | lingering doubt / lingering pain | 挥之不去的怀疑；持续疼痛
linger	kin	finger	finger	n. 手指	finger | n. 手指 | index finger / finger movement | 食指；手指动作
persist	family	persistence	persistence	n. 持续；坚持	persistence | n. 持续；坚持 | problem persistence | 问题持续
persist	family	persistent	persistent	adj. 持续的	persistent | adj. 持续的 | persistent poverty | 持续贫困
persist	family	persistently	persistently	adv. 持续地	persistently | adv. 持续地 | persistently rise | 持续上升
persist	kin	resist	resist	v. 抵抗；抵制	resist | v. 抵抗；抵制 | resist pressure / resist infection | 抵抗压力；抵抗感染
persist	kin	assist	assist	v. 帮助	assist | v. 帮助 | assist students / assist recovery | 帮助学生；帮助恢复
persist	kin	consist	consist	v. 由……组成；在于	consist | v. 由……组成；在于 | consist of three parts / success consists in effort | 由三部分组成；成功在于努力
literal	family	literally	literally	adv. 字面上；确实	literally | adv. 字面上；确实 | literally mean | 字面意思是
literal	family	literalness	literalness	n. 字面性	literalness | n. 字面性 | literalness of translation | 翻译字面性
literal	family	literalistic	literalistic	adj. 字面主义的	literalistic | adj. 字面主义的 | literalistic reading | 字面主义阅读
literal	kin	letter	letter	n. 字母；信件	letter | n. 字母；信件 | letter recognition / business letter | 字母识别；商务信件
literal	kin	literacy	literacy	n. 读写能力；素养	literacy | n. 读写能力；素养 | digital literacy / adult literacy | 数字素养；成人识字
literal	kin	literature	literature	n. 文学；文献	literature | n. 文学；文献 | world literature / medical literature | 世界文学；医学文献
logical	family	logic	logic	n. 逻辑	logic | n. 逻辑 | policy logic | 政策逻辑
logical	family	logically	logically	adv. 合乎逻辑地	logically | adv. 合乎逻辑地 | argue logically | 合理论证
logical	family	illogical	illogical	adj. 不合逻辑的	illogical | adj. 不合逻辑的 | illogical decision | 不合逻辑决定
logical	kin	logic	logic	n. 逻辑	logic | n. 逻辑 | internal logic / market logic | 内在逻辑；市场逻辑
logical	kin	analogy	analogy	n. 类比	analogy | n. 类比 | legal analogy / historical analogy | 法律类比；历史类比
logical	kin	logistics	logistics	n. 物流；后勤	logistics | n. 物流；后勤 | urban logistics / military logistics | 城市物流；军事后勤
rational	family	rationality	rationality	n. 理性	rationality | n. 理性 | economic rationality | 经济理性
rational	family	rationally	rationally	adv. 理性地	rationally | adv. 理性地 | decide rationally | 理性决定
rational	family	irrational	irrational	adj. 不理性的	irrational | adj. 不理性的 | irrational fear | 非理性恐惧
rational	kin	ratio	ratio	n. 比率	ratio | n. 比率 | student-teacher ratio / debt ratio | 师生比；债务比率
rational	kin	rationale	rationale	n. 理由；基本原理	rationale | n. 理由；基本原理 | policy rationale / clear rationale | 政策理由；清楚依据
rational	kin	ration	ration	n./v. 配给	ration | n./v. 配给 | food ration / ration water | 食物配给；限量供水
maintain	family	maintenance	maintenance	n. 维护	maintenance | n. 维护 | road maintenance | 道路维护
maintain	family	maintained	maintained	adj. 被维护的	maintained | adj. 被维护的 | maintained system | 被维护系统
maintain	family	maintainer	maintainer	n. 维护者	maintainer | n. 维护者 | system maintainer | 系统维护者
maintain	kin	maintenance	maintenance	n. 维护；保养	maintenance | n. 维护；保养 | routine maintenance / road maintenance | 日常维护；道路养护
maintain	kin	obtain	obtain	v. 获得	obtain | v. 获得 | obtain data / obtain permission | 获得数据；获得许可
maintain	kin	contain	contain	v. 包含；控制	contain | v. 包含；控制 | contain risks / contain information | 控制风险；包含信息
preserve	family	preservation	preservation	n. 保护；保存	preservation | n. 保护；保存 | cultural preservation | 文化保护
preserve	family	preserved	preserved	adj. 被保存的	preserved | adj. 被保存的 | preserved heritage | 被保护遗产
preserve	family	preservative	preservative	n. 防腐剂	preservative | n. 防腐剂 | food preservative | 食品防腐剂
preserve	kin	reserve	reserve	v./n. 保留；保护区	reserve | v./n. 保留；保护区 | reserve resources / nature reserve | 保留资源；自然保护区
preserve	kin	observe	observe	v. 观察；遵守	observe | v. 观察；遵守 | observe behavior / observe rules | 观察行为；遵守规则
preserve	kin	conserve	conserve	v. 保护；节约	conserve | v. 保护；节约 | conserve energy / conserve wildlife | 节约能源；保护野生动物
major	family	majority	majority	n. 多数	majority | n. 多数 | majority opinion | 多数意见
major	family	majorly	majorly	adv. 主要地	majorly | adv. 主要地 | majorly affect | 主要影响
major	family	major	major	n. 专业	major | n. 专业 | university major | 大学专业
major	kin	majority	majority	n. 多数	majority | n. 多数 | vast majority / majority vote | 绝大多数；多数票
major	kin	mayor	mayor	n. 市长	mayor | n. 市长 | city mayor / mayoral election | 市长；市长选举
major	kin	magnitude	magnitude	n. 巨大；量级	magnitude | n. 巨大；量级 | magnitude of change / earthquake magnitude | 变化幅度；地震震级
significant	family	significance	significance	n. 重要性	significance | n. 重要性 | cultural significance | 文化重要性
significant	family	significantly	significantly	adv. 显著地	significantly | adv. 显著地 | significantly reduce | 显著减少
significant	family	insignificant	insignificant	adj. 不重要的	insignificant | adj. 不重要的 | insignificant difference | 不重要差异
significant	kin	sign	sign	n./v. 标志；签署	sign | n./v. 标志；签署 | clear sign / sign a document | 明确迹象；签文件
significant	kin	signal	signal	n./v. 信号；表明	signal | n./v. 信号；表明 | market signal / signal change | 市场信号；表明变化
significant	kin	signature	signature	n. 签名；标志性特征	signature | n. 签名；标志性特征 | digital signature / signature style | 数字签名；标志性风格
marginal	family	margin	margin	n. 边缘；余地	margin | n. 边缘；余地 | profit margin | 利润率
marginal	family	marginally	marginally	adv. 略微地	marginally | adv. 略微地 | improve marginally | 略微改善
marginal	family	marginalize	marginalize	v. 边缘化	marginalize | v. 边缘化 | marginalize minorities | 边缘化少数群体
marginal	kin	margin	margin	n. 边缘；利润	margin | n. 边缘；利润 | profit margin / page margin | 利润率；页边距
marginal	kin	marine	marine	adj. 海洋的	marine | adj. 海洋的 | marine life / marine transport | 海洋生物；海上运输
marginal	kin	mark	mark	n./v. 标记；分数	mark | n./v. 标记；分数 | mark a boundary / exam mark | 标记边界；考试分数
minor	family	minority	minority	n. 少数	minority | n. 少数 | ethnic minority | 少数族群
minor	family	minorly	minorly	adv. 轻微地	minorly | adv. 轻微地 | minorly affect | 轻微影响
minor	family	minor	minor	n. 未成年人；辅修	minor | n. 未成年人；辅修 | legal minor | 法定未成年人
minor	kin	minority	minority	n. 少数	minority | n. 少数 | ethnic minority / minority rights | 少数族裔；少数群体权利
minor	kin	minimum	minimum	n./adj. 最小值；最低的	minimum | n./adj. 最小值；最低的 | minimum cost / minimum standard | 最低成本；最低标准
minor	kin	miniature	miniature	adj./n. 微型的；微缩模型	miniature | adj./n. 微型的；微缩模型 | miniature model / miniature camera | 微缩模型；微型相机
massive	family	massively	massively	adv. 大规模地	massively | adv. 大规模地 | massively increase | 大幅增加
massive	family	massiveness	massiveness	n. 巨大	massiveness | n. 巨大 | massiveness of project | 项目巨大性
massive	family	mass	mass	n. 大量；质量	mass | n. 大量；质量 | mass production | 大规模生产
massive	kin	mass	mass	n. 大量；质量	mass | n. 大量；质量 | mass migration / body mass | 大规模迁移；体重
massive	kin	massacre	massacre	n./v. 大屠杀	massacre | n./v. 大屠杀 | historical massacre / massacre civilians | 历史屠杀；屠杀平民
massive	kin	amass	amass	v. 积累	amass | v. 积累 | amass wealth / amass evidence | 积累财富；积累证据
huge	family	hugely	hugely	adv. 极大地	hugely | adv. 极大地 | hugely expensive | 极其昂贵
huge	family	hugeness	hugeness	n. 巨大	hugeness | n. 巨大 | hugeness of cost | 成本巨大
huge	kin	hug	hug	v./n. 拥抱	hug | v./n. 拥抱 | give a hug / hug tightly | 拥抱；紧紧拥抱
huge	kin	gigantic	gigantic	adj. 巨大的	gigantic | adj. 巨大的 | gigantic cost / gigantic statue | 巨大成本；巨型雕像
huge	kin	humongous	humongous	adj. 巨大的	humongous | adj. 巨大的 | humongous task / humongous building | 巨大任务；巨型建筑
maximize	family	maximum	maximum	n. 最大值	maximum | n. 最大值 | maximum capacity | 最大容量
maximize	family	maximization	maximization	n. 最大化	maximization | n. 最大化 | profit maximization | 利润最大化
maximize	family	maximized	maximized	adj. 被最大化的	maximized | adj. 被最大化的 | maximized benefit | 最大化收益
maximize	kin	maximum	maximum	n./adj. 最大值；最大的	maximum | n./adj. 最大值；最大的 | maximum capacity / maximum benefit | 最大容量；最大收益
maximize	kin	magnitude	magnitude	n. 巨大；量级	magnitude | n. 巨大；量级 | magnitude of risk / earthquake magnitude | 风险量级；地震震级
maximize	kin	magnify	magnify	v. 放大；夸大	magnify | v. 放大；夸大 | magnify errors / magnify an image | 放大错误；放大图像
optimize	family	optimization	optimization	n. 优化	optimization | n. 优化 | system optimization | 系统优化
optimize	family	optimized	optimized	adj. 被优化的	optimized | adj. 被优化的 | optimized process | 优化流程
optimize	family	optimal	optimal	adj. 最优的	optimal | adj. 最优的 | optimal solution | 最优方案
optimize	kin	option	option	n. 选项	option | n. 选项 | policy option / treatment option | 政策选项；治疗选择
optimize	kin	optimum	optimum	n./adj. 最佳；最佳的	optimum | n./adj. 最佳；最佳的 | optimum temperature / optimum solution | 最佳温度；最优解
optimize	kin	optical	optical	adj. 光学的；视觉的	optical | adj. 光学的；视觉的 | optical illusion / optical fiber | 视觉错觉；光纤
measure	family	measurement	measurement	n. 测量	measurement | n. 测量 | precise measurement | 精确测量
measure	family	measured	measured	adj. 克制的；测量过的	measured | adj. 克制的；测量过的 | measured response | 克制回应
measure	family	measurable	measurable	adj. 可衡量的	measurable | adj. 可衡量的 | measurable outcome | 可衡量结果
measure	kin	meter	meter	n. 仪表；米	meter | n. 仪表；米 | electric meter / one meter | 电表；一米
measure	kin	geometry	geometry	n. 几何；几何结构	geometry | n. 几何；几何结构 | Euclidean geometry / urban geometry | 欧几里得几何；城市几何
measure	kin	dimension	dimension	n. 维度；尺寸	dimension | n. 维度；尺寸 | social dimension / spatial dimension | 社会维度；空间维度
mediate	family	mediation	mediation	n. 调解	mediation | n. 调解 | conflict mediation | 冲突调解
mediate	family	mediator	mediator	n. 调解者	mediator | n. 调解者 | community mediator | 社区调解员
mediate	family	mediated	mediated	adj. 被调解的；中介化的	mediated | adj. 被调解的；中介化的 | mediated communication | 中介化沟通
mediate	kin	medium	medium	n./adj. 媒介；中等的	medium | n./adj. 媒介；中等的 | digital medium / medium-sized city | 数字媒介；中等城市
mediate	kin	intermediate	intermediate	adj. 中间的	intermediate | adj. 中间的 | intermediate level / intermediate stage | 中级水平；中间阶段
mediate	kin	immediate	immediate	adj. 立即的；直接的	immediate | adj. 立即的；直接的 | immediate response / immediate cause | 立即回应；直接原因
moderate	family	moderation	moderation	n. 适度；调节	moderation | n. 适度；调节 | content moderation | 内容审核
moderate	family	moderator	moderator	n. 主持人；调解者	moderator | n. 主持人；调解者 | debate moderator | 辩论主持人
moderate	family	moderated	moderated	adj. 被调节的	moderated | adj. 被调节的 | moderated discussion | 被主持讨论
moderate	kin	mode	mode	n. 模式；方式	mode | n. 模式；方式 | learning mode / transport mode | 学习模式；交通方式
moderate	kin	modern	modern	adj. 现代的	modern | adj. 现代的 | modern society / modern technology | 现代社会；现代技术
moderate	kin	modify	modify	v. 修改；调整	modify | v. 修改；调整 | modify behavior / modify policy | 调整行为；修改政策
minimal	family	minimum	minimum	n. 最小值；最低限度	minimum | n. 最小值；最低限度 | legal minimum | 法定最低限度
minimal	family	minimally	minimally	adv. 最低限度地	minimally | adv. 最低限度地 | intervene minimally | 最小程度干预
minimal	family	minimize	minimize	v. 最小化	minimize | v. 最小化 | minimize harm | 最小化伤害
minimal	kin	minimum	minimum	n./adj. 最小值；最低的	minimum | n./adj. 最小值；最低的 | minimum wage / minimum requirement | 最低工资；最低要求
minimal	kin	miniature	miniature	adj./n. 微型的；微缩模型	miniature | adj./n. 微型的；微缩模型 | miniature camera / miniature model | 微型相机；微缩模型
minimal	kin	minute	minute	adj./n. 微小的；分钟	minute | adj./n. 微小的；分钟 | minute detail / wait a minute | 微小细节；等一分钟
slight	family	slightly	slightly	adv. 轻微地	slightly | adv. 轻微地 | slightly improve | 略微改善
slight	family	slightness	slightness	n. 轻微	slightness | n. 轻微 | slightness of change | 变化轻微性
slight	family	slighted	slighted	adj. 被怠慢的	slighted | adj. 被怠慢的 | slighted group | 被怠慢群体
slight	kin	light	light	n./adj. 光；轻的	light | n./adj. 光；轻的 | natural light / light workload | 自然光；轻工作量
slight	kin	flight	flight	n. 飞行；航班	flight | n. 飞行；航班 | international flight / flight safety | 国际航班；飞行安全
slight	kin	highlight	highlight	v./n. 突出；亮点	highlight | v./n. 突出；亮点 | highlight evidence / key highlight | 突出证据；主要亮点
neglect	family	neglect	neglect	n. 忽视	neglect | n. 忽视 | child neglect | 儿童忽视
neglect	family	neglected	neglected	adj. 被忽视的	neglected | adj. 被忽视的 | neglected area | 被忽视地区
neglect	family	neglectful	neglectful	adj. 疏忽的	neglectful | adj. 疏忽的 | neglectful policy | 疏忽政策
neglect	kin	negligible	negligible	adj. 可忽略的	negligible | adj. 可忽略的 | negligible effect / negligible cost | 可忽略影响；微小成本
neglect	kin	negligence	negligence	n. 疏忽	negligence | n. 疏忽 | medical negligence / gross negligence | 医疗疏忽；重大过失
neglect	kin	elect	elect	v. 选举；选择	elect | v. 选举；选择 | elect a leader / elect representatives | 选举领导人；选举代表
ignore	family	ignorance	ignorance	n. 无知；忽视	ignorance | n. 无知；忽视 | public ignorance | 公众无知
ignore	family	ignored	ignored	adj. 被忽视的	ignored | adj. 被忽视的 | ignored warning | 被忽视警告
ignore	family	ignorant	ignorant	adj. 无知的	ignorant | adj. 无知的 | ignorant comment | 无知评论
ignore	kin	ignorant	ignorant	adj. 无知的	ignorant | adj. 无知的 | ignorant attitude / ignorant of risks | 无知态度；不了解风险
ignore	kin	ignorance	ignorance	n. 无知	ignorance | n. 无知 | public ignorance / ignorance of law | 公众无知；不懂法律
ignore	kin	noble	noble	adj. 高尚的；贵族的	noble | adj. 高尚的；贵族的 | noble cause / noble family | 高尚事业；贵族家庭
notable	family	notably	notably	adv. 尤其；显著地	notably | adv. 尤其；显著地 | notably improve | 显著改善
notable	family	notability	notability	n. 显著性	notability | n. 显著性 | notability of change | 变化显著性
notable	family	note	note	n. 注释；记录	note | n. 注释；记录 | research note | 研究笔记
notable	kin	note	note	n./v. 笔记；指出	note | n./v. 笔记；指出 | research note / note a difference | 研究笔记；指出差异
notable	kin	notice	notice	n./v. 通知；注意到	notice | n./v. 通知；注意到 | public notice / notice a pattern | 公告；注意到模式
notable	kin	notion	notion	n. 概念；观念	notion | n. 概念；观念 | abstract notion / notion of fairness | 抽象概念；公平观念
remarkable	family	remarkably	remarkably	adv. 显著地	remarkably | adv. 显著地 | remarkably improve | 显著改善
remarkable	family	remark	remark	n. 评论	remark | n. 评论 | public remark | 公开评论
remarkable	family	unremarkable	unremarkable	adj. 平凡的	unremarkable | adj. 平凡的 | unremarkable result | 平凡结果
remarkable	kin	mark	mark	n./v. 标记；分数	mark | n./v. 标记；分数 | exam mark / mark a boundary | 考试分数；标记边界
remarkable	kin	remark	remark	n./v. 评论；说	remark | n./v. 评论；说 | casual remark / remark on progress | 随口评论；评论进展
remarkable	kin	bookmark	bookmark	n./v. 书签；收藏	bookmark | n./v. 书签；收藏 | digital bookmark / bookmark a page | 数字书签；收藏页面
obscure	family	obscurity	obscurity	n. 模糊；无名	obscurity | n. 模糊；无名 | legal obscurity | 法律模糊
obscure	family	obscurely	obscurely	adv. 模糊地	obscurely | adv. 模糊地 | explain obscurely | 模糊解释
obscure	family	obscured	obscured	adj. 被遮蔽的	obscured | adj. 被遮蔽的 | obscured evidence | 被遮蔽证据
obscure	kin	cure	cure	v./n. 治愈；解决办法	cure | v./n. 治愈；解决办法 | cure disease / cure a problem | 治愈疾病；解决问题
obscure	kin	secure	secure	adj./v. 安全的；保护	secure | adj./v. 安全的；保护 | secure funding / secure environment | 获得资金保障；安全环境
obscure	kin	curtain	curtain	n. 窗帘；帘幕	curtain | n. 窗帘；帘幕 | draw curtains / iron curtain | 拉窗帘；铁幕
unclear	family	clear	clear	adj. 清楚的	clear | adj. 清楚的 | clear rule | 清楚规则
unclear	family	clearly	clearly	adv. 清楚地	clearly | adv. 清楚地 | explain clearly | 清楚解释
unclear	family	clarity	clarity	n. 清晰	clarity | n. 清晰 | policy clarity | 政策清晰度
unclear	kin	clear	clear	adj./v. 清楚的；清除	clear | adj./v. 清楚的；清除 | clear evidence / clear obstacles | 明确证据；清除障碍
unclear	kin	declare	declare	v. 宣布；声明	declare | v. 宣布；声明 | declare independence / declare a policy | 宣布独立；宣布政策
unclear	kin	clarify	clarify	v. 澄清	clarify | v. 澄清 | clarify meaning / clarify responsibilities | 澄清含义；明确责任
observe	family	observation	observation	n. 观察	observation | n. 观察 | classroom observation | 课堂观察
observe	family	observer	observer	n. 观察者	observer | n. 观察者 | independent observer | 独立观察者
observe	family	observed	observed	adj. 被观察的	observed | adj. 被观察的 | observed behaviour | 被观察行为
observe	kin	reserve	reserve	v./n. 保留；保护区	reserve | v./n. 保留；保护区 | reserve resources / nature reserve | 保留资源；自然保护区
observe	kin	preserve	preserve	v. 保护；保存	preserve | v. 保护；保存 | preserve heritage / preserve food | 保护遗产；保存食物
observe	kin	conserve	conserve	v. 保护；节约	conserve | v. 保护；节约 | conserve energy / conserve wildlife | 节约能源；保护野生动物
notice	family	notice	notice	n. 通知	notice | n. 通知 | public notice | 公共通知
notice	family	noticeable	noticeable	adj. 明显的	noticeable | adj. 明显的 | noticeable change | 明显变化
notice	family	noticed	noticed	adj. 被注意到的	noticed | adj. 被注意到的 | noticed problem | 被注意问题
notice	kin	note	note	n./v. 笔记；指出	note | n./v. 笔记；指出 | lecture note / note an exception | 课堂笔记；指出例外
notice	kin	noticeable	noticeable	adj. 明显的	noticeable | adj. 明显的 | noticeable change / noticeable improvement | 明显变化；明显改善
notice	kin	notify	notify	v. 通知	notify | v. 通知 | notify residents / notify authorities | 通知居民；通知当局
obvious	family	obviously	obviously	adv. 显然	obviously | adv. 显然 | obviously wrong | 显然错误
obvious	family	obviousness	obviousness	n. 明显性	obviousness | n. 明显性 | obviousness of problem | 问题明显性
obvious	kin	vision	vision	n. 视力；愿景	vision | n. 视力；愿景 | clear vision / strategic vision | 清晰视野；战略愿景
obvious	kin	visible	visible	adj. 可见的；明显的	visible | adj. 可见的；明显的 | visible evidence / visible damage | 可见证据；可见损害
obvious	kin	video	video	n. 视频	video | n. 视频 | video evidence / educational video | 视频证据；教育视频
occupy	family	occupation	occupation	n. 职业；占领	occupation | n. 职业；占领 | legal occupation | 合法职业
occupy	family	occupied	occupied	adj. 被占据的；忙碌的	occupied | adj. 被占据的；忙碌的 | occupied room | 被占房间
occupy	family	occupant	occupant	n. 占用者	occupant | n. 占用者 | building occupant | 建筑占用者
occupy	kin	cup	cup	n. 杯子	cup | n. 杯子 | coffee cup / measuring cup | 咖啡杯；量杯
occupy	kin	capacity	capacity	n. 容量；能力	capacity | n. 容量；能力 | storage capacity / leadership capacity | 存储容量；领导能力
occupy	kin	capture	capture	v. 捕捉；占领	capture | v. 捕捉；占领 | capture attention / capture territory | 吸引注意；占领领土
inhabit	family	inhabitant	inhabitant	n. 居民	inhabitant | n. 居民 | urban inhabitant | 城市居民
inhabit	family	inhabited	inhabited	adj. 有人居住的	inhabited | adj. 有人居住的 | inhabited island | 有人岛屿
inhabit	family	habitat	habitat	n. 栖息地	habitat | n. 栖息地 | natural habitat | 自然栖息地
inhabit	kin	habit	habit	n. 习惯	habit | n. 习惯 | study habit / consumer habit | 学习习惯；消费习惯
inhabit	kin	habitat	habitat	n. 栖息地	habitat | n. 栖息地 | natural habitat / urban habitat | 自然栖息地；城市栖息地
inhabit	kin	habitation	habitation	n. 居住；住所	habitation | n. 居住；住所 | human habitation / rural habitation | 人类居住；乡村住所
occur	family	occurrence	occurrence	n. 发生	occurrence | n. 发生 | rare occurrence | 罕见事件
occur	family	occurred	occurred	adj. 已发生的	occurred | adj. 已发生的 | occurred incident | 已发生事件
occur	family	recurring	recurring	adj. 反复发生的	recurring | adj. 反复发生的 | recurring problem | 反复问题
occur	kin	current	current	n./adj. 水流；当前的	current | n./adj. 水流；当前的 | ocean current / current policy | 洋流；现行政策
occur	kin	recur	recur	v. 复发；再发生	recur | v. 复发；再发生 | problems recur / recur every year | 问题反复出现；每年重复
occur	kin	concur	concur	v. 同意；同时发生	concur | v. 同意；同时发生 | experts concur / events concur | 专家同意；事件同时发生
happen	family	happening	happening	n. 事件	happening | n. 事件 | social happening | 社会事件
happen	family	happened	happened	adj. 已发生的	happened | adj. 已发生的 | happened incident | 已发生事件
happen	family	happenstance	happenstance	n. 偶然	happenstance | n. 偶然 | pure happenstance | 纯粹偶然
happen	kin	hap	hap	n. 偶然；运气	hap | n. 偶然；运气 | by hap / hap and chance | 偶然地；偶然机会
happen	kin	happy	happy	adj. 快乐的；满意的	happy | adj. 快乐的；满意的 | happy childhood / happy with results | 快乐童年；对结果满意
happen	kin	mishap	mishap	n. 小事故	mishap | n. 小事故 | minor mishap / travel mishap | 小事故；旅行意外
ongoing	family	ongoingness	ongoingness	n. 持续性	ongoingness | n. 持续性 | ongoingness of reform | 改革持续性
ongoing	family	ongoingly	ongoingly	adv. 持续地	ongoingly | adv. 持续地 | monitor ongoingly | 持续监测
ongoing	kin	go	go	v. 去；进行	go | v. 去；进行 | go abroad / go smoothly | 出国；进展顺利
ongoing	kin	outgoing	outgoing	adj. 外向的；离任的	outgoing | adj. 外向的；离任的 | outgoing student / outgoing president | 外向学生；离任总统
ongoing	kin	ingoing	ingoing	adj. 进入的	ingoing | adj. 进入的 | ingoing tenant / ingoing flow | 新入住租户；流入流量
continuous	family	continuity	continuity	n. 连续性	continuity | n. 连续性 | policy continuity | 政策连续性
continuous	family	continuously	continuously	adv. 持续地	continuously | adv. 持续地 | improve continuously | 持续改善
continuous	family	continue	continue	v. 继续	continue | v. 继续 | continue reform | 继续改革
continuous	kin	continue	continue	v. 继续	continue | v. 继续 | continue reform / continue learning | 继续改革；继续学习
continuous	kin	continent	continent	n. 大陆	continent | n. 大陆 | African continent / continental shelf | 非洲大陆；大陆架
continuous	kin	contain	contain	v. 包含；控制	contain | v. 包含；控制 | contain risks / contain information | 控制风险；包含信息
opponent	family	oppose	oppose	v. 反对	oppose | v. 反对 | oppose spending | 反对支出
opponent	family	opposition	opposition	n. 反对	opposition | n. 反对 | public opposition | 公众反对
opponent	family	opposed	opposed	adj. 反对的	opposed | adj. 反对的 | opposed groups | 反对群体
rival	family	rivalry	rivalry	n. 竞争	rivalry | n. 竞争 | regional rivalry | 地区竞争
rival	family	rival	rival	v. 与……竞争	rival | v. 与……竞争 | rival competitors | 与竞争者竞争
rival	family	rivalrous	rivalrous	adj. 竞争性的	rivalrous | adj. 竞争性的 | rivalrous relationship | 竞争关系
rival	kin	river	river	n. 河流	river | n. 河流 | river basin / river pollution | 流域；河流污染
rival	kin	rivalry	rivalry	n. 竞争；对抗	rivalry | n. 竞争；对抗 | regional rivalry / business rivalry | 区域竞争；商业竞争
rival	kin	arrive	arrive	v. 到达	arrive | v. 到达 | arrive on time / arrive at a conclusion | 准时到达；得出结论
ordinary	family	ordinarily	ordinarily	adv. 通常地	ordinarily | adv. 通常地 | ordinarily require | 通常需要
ordinary	family	ordinariness	ordinariness	n. 普通性	ordinariness | n. 普通性 | ordinariness of life | 生活普通性
ordinary	family	extraordinary	extraordinary	adj. 非凡的	extraordinary | adj. 非凡的 | extraordinary measure | 特殊措施
ordinary	kin	order	order	n./v. 秩序；命令	order | n./v. 秩序；命令 | social order / order supplies | 社会秩序；订购物资
ordinary	kin	subordinate	subordinate	adj./n. 下级的；从句	subordinate | adj./n. 下级的；从句 | subordinate clause / subordinate employee | 从句；下属员工
ordinary	kin	coordinate	coordinate	v./n. 协调；坐标	coordinate | v./n. 协调；坐标 | coordinate schedules / map coordinates | 协调日程；地图坐标
common	family	commonly	commonly	adv. 通常	commonly | adv. 通常 | commonly believe | 通常认为
common	family	commonness	commonness	n. 普遍性	commonness | n. 普遍性 | commonness of problem | 问题普遍性
common	family	commonality	commonality	n. 共同点	commonality | n. 共同点 | cultural commonality | 文化共同点
common	kin	community	community	n. 社区；共同体	community | n. 社区；共同体 | local community / academic community | 本地社区；学术共同体
common	kin	communal	communal	adj. 公共的；社群的	communal | adj. 公共的；社群的 | communal space / communal life | 公共空间；社群生活
common	kin	communicate	communicate	v. 沟通；传达	communicate | v. 沟通；传达 | communicate ideas / communicate with parents | 传达想法；与父母沟通
outcome	family	outcoming	outcoming	adj. 结果性的	outcoming | adj. 结果性的 | outcoming effect | 结果性影响
outcome	family	outcomes	outcomes	n. 结果复数	outcomes | n. 结果复数 | learning outcomes | 学习成果
outcome	kin	come	come	v. 来；发生	come | v. 来；发生 | come into force / come under pressure | 生效；承受压力
outcome	kin	income	income	n. 收入	income | n. 收入 | household income / income inequality | 家庭收入；收入不平等
outcome	kin	forthcoming	forthcoming	adj. 即将到来的；乐于提供的	forthcoming | adj. 即将到来的；乐于提供的 | forthcoming exam / forthcoming help | 即将到来的考试；乐于提供的帮助
result	family	result	result	v. 导致	result | v. 导致 | result in debt | 导致债务
result	family	resulting	resulting	adj. 由此产生的	resulting | adj. 由此产生的 | resulting pressure | 由此产生的压力
result	family	resultant	resultant	adj. 作为结果的	resultant | adj. 作为结果的 | resultant change | 结果性变化
result	kin	consult	consult	v. 咨询；查阅	consult | v. 咨询；查阅 | consult experts / consult records | 咨询专家；查阅记录
result	kin	insult	insult	n./v. 侮辱	insult | n./v. 侮辱 | public insult / insult workers | 公开侮辱；侮辱工人
result	kin	exult	exult	v. 狂喜	exult | v. 狂喜 | exult in victory / exult over success | 为胜利狂喜；因成功狂喜
obsolete	family	obsolescence	obsolescence	n. 过时	obsolescence | n. 过时 | technological obsolescence | 技术过时
obsolete	family	obsoletely	obsoletely	adv. 过时地	obsoletely | adv. 过时地 | function obsoletely | 过时地运行
obsolete	family	obsoleted	obsoleted	adj. 被淘汰的	obsoleted | adj. 被淘汰的 | obsoleted device | 被淘汰设备
obsolete	kin	sole	sole	adj./n. 唯一的；脚底	sole | adj./n. 唯一的；脚底 | sole purpose / shoe sole | 唯一目的；鞋底
obsolete	kin	obsolescence	obsolescence	n. 过时	obsolescence | n. 过时 | planned obsolescence / technological obsolescence | 计划性报废；技术过时
obsolete	kin	solar	solar	adj. 太阳的	solar | adj. 太阳的 | solar energy / solar panel | 太阳能；太阳能板
overlap	family	overlap	overlap	n. 重叠	overlap | n. 重叠 | policy overlap | 政策重叠
overlap	family	overlapping	overlapping	adj. 重叠的	overlapping | adj. 重叠的 | overlapping responsibilities | 重叠职责
overlap	family	overlapped	overlapped	adj. 重叠的	overlapped | adj. 重叠的 | overlapped areas | 重叠区域
overlap	kin	lap	lap	n. 大腿部；一圈	lap | n. 大腿部；一圈 | sit on one's lap / run a lap | 坐在膝上；跑一圈
overlap	kin	lapse	lapse	n./v. 间断；失效	lapse | n./v. 间断；失效 | memory lapse / contract lapses | 记忆空白；合同失效
overlap	kin	collapse	collapse	v./n. 坍塌；崩溃	collapse | v./n. 坍塌；崩溃 | building collapse / market collapse | 建筑坍塌；市场崩溃
coincide	family	coincidence	coincidence	n. 巧合	coincidence | n. 巧合 | historical coincidence | 历史巧合
coincide	family	coincident	coincident	adj. 同时发生的	coincident | adj. 同时发生的 | coincident events | 同时事件
coincide	family	coincidental	coincidental	adj. 巧合的	coincidental | adj. 巧合的 | coincidental similarity | 巧合相似
coincide	kin	incident	incident	n. 事件	incident | n. 事件 | violent incident / minor incident | 暴力事件；小事件
coincide	kin	accident	accident	n. 事故；意外	accident | n. 事故；意外 | traffic accident / by accident | 交通事故；偶然地
coincide	kin	incidence	incidence	n. 发生率	incidence | n. 发生率 | disease incidence / high incidence | 疾病发生率；高发生率
participate	family	participation	participation	n. 参与	participation | n. 参与 | civic participation | 公民参与
participate	family	participant	participant	n. 参与者	participant | n. 参与者 | research participant | 研究参与者
participate	family	participatory	participatory	adj. 参与式的	participatory | adj. 参与式的 | participatory design | 参与式设计
participate	kin	anticipate	anticipate	v. 预期；预见	anticipate | v. 预期；预见 | anticipate demand / anticipate problems | 预期需求；预见问题
participate	kin	precipitate	precipitate	v. 促成；加速	precipitate | v. 促成；加速 | precipitate a crisis / precipitate change | 促成危机；加速变化
participate	kin	emancipate	emancipate	v. 解放	emancipate | v. 解放 | emancipate workers / emancipate creativity | 解放劳动者；解放创造力
replace	family	replacement	replacement	n. 替代；替换物	replacement | n. 替代；替换物 | worker replacement | 工人替代
replace	family	replaceable	replaceable	adj. 可替代的	replaceable | adj. 可替代的 | replaceable task | 可替代任务
replace	family	replaced	replaced	adj. 被替换的	replaced | adj. 被替换的 | replaced worker | 被替代工人
replace	kin	place	place	n./v. 地方；放置	place | n./v. 地方；放置 | public place / place data in order | 公共场所；按顺序放数据
replace	kin	placement	placement	n. 安置；实习岗位	placement | n. 安置；实习岗位 | job placement / student placement | 就业安置；学生实习
replace	kin	workplace	workplace	n. 工作场所	workplace | n. 工作场所 | workplace safety / workplace culture | 职场安全；职场文化
cure	family	cure	cure	n. 治疗方法	cure | n. 治疗方法 | effective cure | 有效疗法
cure	family	curable	curable	adj. 可治愈的	curable | adj. 可治愈的 | curable disease | 可治愈疾病
cure	family	incurable	incurable	adj. 不可治愈的	incurable | adj. 不可治愈的 | incurable illness | 不治之症
cure	kin	secure	secure	v./adj. 保护；安全的	secure | v./adj. 保护；安全的 | secure funding / secure environment | 获得资金保障；安全环境
cure	kin	accurate	accurate	adj. 准确的	accurate | adj. 准确的 | accurate data / accurate diagnosis | 准确数据；准确诊断
cure	kin	curator	curator	n. 策展人	curator | n. 策展人 | museum curator / art curator | 博物馆策展人；艺术策展人
appropriate	family	appropriately	appropriately	adv. 适当地	appropriately | adv. 适当地 | respond appropriately | 适当回应
appropriate	family	appropriateness	appropriateness	n. 适当性	appropriateness | n. 适当性 | appropriateness of policy | 政策适当性
appropriate	family	inappropriate	inappropriate	adj. 不合适的	inappropriate | adj. 不合适的 | inappropriate measure | 不当措施
appropriate	kin	proper	proper	adj. 适当的；正式的	proper | adj. 适当的；正式的 | proper procedure / proper education | 适当程序；正规教育
appropriate	kin	property	property	n. 财产；性质	property | n. 财产；性质 | private property / chemical property | 私有财产；化学性质
appropriate	kin	proprietor	proprietor	n. 业主；所有者	proprietor | n. 业主；所有者 | shop proprietor / newspaper proprietor | 店主；报业老板
casual	family	casually	casually	adv. 随意地	casually | adv. 随意地 | speak casually | 随意讲话
casual	family	casualness	casualness	n. 随意性	casualness | n. 随意性 | casualness of attitude | 态度随意性
casual	family	casual	casual	n. 临时工	casual | n. 临时工 | casual worker | 临时工
casual	kin	case	case	n. 案例；案件	case | n. 案例；案件 | legal case / case study | 法律案件；案例研究
casual	kin	cause	cause	n./v. 原因；导致	cause | n./v. 原因；导致 | root cause / cause pollution | 根本原因；导致污染
casual	kin	causal	causal	adj. 因果的	causal | adj. 因果的 | causal link / causal factor | 因果联系；致因因素
psychological	family	psychology	psychology	n. 心理学	psychology | n. 心理学 | educational psychology | 教育心理学
psychological	family	psychologically	psychologically	adv. 心理上	psychologically | adv. 心理上 | psychologically vulnerable | 心理上脆弱的
psychological	family	psychologist	psychologist	n. 心理学家	psychologist | n. 心理学家 | clinical psychologist | 临床心理学家
psychological	kin	psyche	psyche	n. 心灵；精神	psyche | n. 心灵；精神 | human psyche / collective psyche | 人类心灵；集体心理
psychological	kin	psychology	psychology	n. 心理学	psychology | n. 心理学 | social psychology / child psychology | 社会心理学；儿童心理学
psychological	kin	logic	logic	n. 逻辑	logic | n. 逻辑 | psychological logic / internal logic | 心理逻辑；内在逻辑
replicate	family	replication	replication	n. 复制；复现	replication | n. 复制；复现 | study replication | 研究复现
replicate	family	replicated	replicated	adj. 被复制的	replicated | adj. 被复制的 | replicated result | 被复现结果
replicate	family	replicable	replicable	adj. 可复现的	replicable | adj. 可复现的 | replicable method | 可复现方法
replicate	kin	plicate	plicate	v./adj. 折叠；有褶的	plicate | v./adj. 折叠；有褶的 | plicate leaves / plicate structure | 有褶叶片；褶皱结构
replicate	kin	complicate	complicate	v. 使复杂化	complicate | v. 使复杂化 | complicate reform / complicate diagnosis | 使改革复杂化；使诊断复杂化
replicate	kin	implicate	implicate	v. 牵涉；暗示	implicate | v. 牵涉；暗示 | implicate officials / implicate a hidden cause | 牵涉官员；暗示隐藏原因
temporary	family	temporarily	temporarily	adv. 暂时地	temporarily | adv. 暂时地 | temporarily reduce | 暂时减少
temporary	family	temporariness	temporariness	n. 暂时性	temporariness | n. 暂时性 | temporariness of relief | 救济暂时性
temporary	family	temporary	temporary	n. 临时工	temporary | n. 临时工 | temporary worker | 临时工
temporary	kin	tempo	tempo	n. 节奏；速度	tempo | n. 节奏；速度 | urban tempo / musical tempo | 城市节奏；音乐速度
temporary	kin	temporal	temporal	adj. 时间的；世俗的	temporal | adj. 时间的；世俗的 | temporal order / temporal pressure | 时间顺序；时间压力
temporary	kin	contemporary	contemporary	adj. 当代的	contemporary | adj. 当代的 | contemporary society / contemporary art | 当代社会；当代艺术
vertical	family	vertically	vertically	adv. 垂直地	vertically | adv. 垂直地 | expand vertically | 垂直扩张
vertical	family	verticality	verticality	n. 垂直性	verticality | n. 垂直性 | verticality of design | 设计垂直性
vertical	family	vertical	vertical	n. 垂直线；行业领域	vertical | n. 垂直线；行业领域 | market vertical | 市场垂直领域
vertical	kin	vertex	vertex	n. 顶点	vertex | n. 顶点 | triangle vertex / graph vertex | 三角形顶点；图顶点
vertical	kin	invert	invert	v. 颠倒	invert | v. 颠倒 | invert an image / invert the order | 倒置图像；颠倒顺序
vertical	kin	convert	convert	v. 转换	convert | v. 转换 | convert waste into energy / convert files | 把废物转化为能源；转换文件
weigh	family	weight	weight	n. 重量；重要性	weight | n. 重量；重要性 | economic weight | 经济重要性
weigh	family	weighted	weighted	adj. 加权的	weighted | adj. 加权的 | weighted score | 加权分数
weigh	family	weighty	weighty	adj. 重要的；沉重的	weighty | adj. 重要的；沉重的 | weighty decision | 重大决定
weigh	kin	weight	weight	n. 重量；重要性	weight | n. 重量；重要性 | body weight / weight of evidence | 体重；证据分量
weigh	kin	outweigh	outweigh	v. 大于；超过	outweigh | v. 大于；超过 | benefits outweigh costs / risks outweigh gains | 收益超过成本；风险大于收益
weigh	kin	weighty	weighty	adj. 重要的；沉重的	weighty | adj. 重要的；沉重的 | weighty issue / weighty responsibility | 重大问题；重大责任
flexible	family	flexibility	flexibility	n. 灵活性	flexibility | n. 灵活性 | workplace flexibility | 工作灵活性
flexible	family	flexibly	flexibly	adv. 灵活地	flexibly | adv. 灵活地 | work flexibly | 灵活工作
flexible	family	inflexible	inflexible	adj. 不灵活的	inflexible | adj. 不灵活的 | inflexible rule | 僵硬规则
flexible	kin	flex	flex	v. 弯曲；展示	flex | v. 弯曲；展示 | flex muscles / flex working hours | 展示肌肉；弹性安排工时
flexible	kin	reflect	reflect	v. 反映；反射	reflect | v. 反映；反射 | reflect light / reflect social values | 反射光；反映社会价值
flexible	kin	inflection	inflection	n. 屈折变化；语调变化	inflection | n. 屈折变化；语调变化 | grammatical inflection / rising inflection | 语法屈折；升调
screen	family	screening	screening	n. 筛查；放映	screening | n. 筛查；放映 | health screening | 健康筛查
screen	family	screened	screened	adj. 被筛查的	screened | adj. 被筛查的 | screened patient | 被筛查患者
screen	family	screener	screener	n. 筛查员	screener | n. 筛查员 | medical screener | 医疗筛查员
screen	kin	script	script	n. 文字；脚本	script | n. 文字；脚本 | ancient script / computer script | 古文字；计算机脚本
screen	kin	scrutiny	scrutiny	n. 仔细审查	scrutiny | n. 仔细审查 | public scrutiny / close scrutiny | 公众审查；仔细审查
screen	kin	inscription	inscription	n. 铭文；题词	inscription | n. 铭文；题词 | stone inscription / ancient inscription | 石刻铭文；古代铭文
intelligent	family	intelligence	intelligence	n. 智力；情报	intelligence | n. 智力；情报 | artificial intelligence | 人工智能
intelligent	family	intelligently	intelligently	adv. 智能地	intelligently | adv. 智能地 | respond intelligently | 智能回应
intelligent	family	intelligible	intelligible	adj. 可理解的	intelligible | adj. 可理解的 | intelligible explanation | 可理解解释
intelligent	kin	intellect	intellect	n. 智力；理智	intellect | n. 智力；理智 | human intellect / public intellect | 人类智力；公共理性
intelligent	kin	lecture	lecture	n./v. 讲座；训话	lecture | n./v. 讲座；训话 | university lecture / lecture students | 大学讲座；训学生
intelligent	kin	collect	collect	v. 收集	collect | v. 收集 | collect data / collect taxes | 收集数据；征税
cater	family	catering	catering	n. 餐饮服务；迎合	catering | n. 餐饮服务；迎合 | catering service | 餐饮服务
cater	family	caterer	caterer	n. 承办酒席者	caterer | n. 承办酒席者 | professional caterer | 专业餐饮承办者
cater	family	catered	catered	adj. 被满足的	catered | adj. 被满足的 | catered need | 被满足的需求
cater	kin	category	category	n. 类别	category | n. 类别 | social category / product category | 社会类别；产品类别
cater	kin	catering	catering	n. 餐饮服务	catering | n. 餐饮服务 | school catering / event catering | 学校餐饮；活动餐饮
cater	kin	caterpillar	caterpillar	n. 毛毛虫；履带车	caterpillar | n. 毛毛虫；履带车 | caterpillar larvae / caterpillar track | 毛毛虫幼虫；履带
complicated	family	complicate	complicate	v. 使复杂	complicate | v. 使复杂 | complicate reform | 使改革复杂
complicated	family	complication	complication	n. 复杂情况；并发症	complication | n. 复杂情况；并发症 | medical complication | 医疗并发症
complicated	family	complicatedly	complicatedly	adv. 复杂地	complicatedly | adv. 复杂地 | interact complicatedly | 复杂互动
complicated	kin	plicate	plicate	v./adj. 折叠；有褶的	plicate | v./adj. 折叠；有褶的 | plicate leaves / plicate structure | 有褶叶片；褶皱结构
complicated	kin	replicate	replicate	v. 复制；复现	replicate | v. 复制；复现 | replicate results / replicate a design | 复现实验结果；复制设计
complicated	kin	implicate	implicate	v. 牵涉；暗示	implicate | v. 牵涉；暗示 | implicate officials / implicate a hidden cause | 牵涉官员；暗示隐藏原因
debate	family	debate	debate	v. 辩论	debate | v. 辩论 | debate policy | 辩论政策
debate	family	debatable	debatable	adj. 有争议的	debatable | adj. 有争议的 | debatable claim | 有争议说法
debate	family	debater	debater	n. 辩论者	debater | n. 辩论者 | skilled debater | 熟练辩手
debate	kin	bait	bait	n./v. 诱饵；引诱	bait | n./v. 诱饵；引诱 | click bait / bait an opponent | 标题党诱饵；激怒对手
debate	kin	abate	abate	v. 减弱	abate | v. 减弱 | noise abates / storm abates | 噪音减弱；风暴减弱
debate	kin	battle	battle	n./v. 战斗；斗争	battle | n./v. 战斗；斗争 | legal battle / battle inequality | 法律战；对抗不平等
gross	family	grossly	grossly	adv. 严重地；极其	grossly | adv. 严重地；极其 | grossly unfair | 极不公平
gross	family	grossness	grossness	n. 粗劣；严重性	grossness | n. 粗劣；严重性 | grossness of error | 错误严重性
gross	family	gross	gross	n. 总额	gross | n. 总额 | gross income | 总收入
gross	kin	grass	grass	n. 草	grass | n. 草 | green grass / grassland ecosystem | 青草；草原生态系统
gross	kin	grocery	grocery	n. 食品杂货	grocery | n. 食品杂货 | grocery store / grocery bill | 杂货店；食品杂货账单
gross	kin	engross	engross	v. 使全神贯注	engross | v. 使全神贯注 | engross readers / engross attention | 吸引读者；吸引注意力
pilot	family	pilot	pilot	n. 飞行员；试点	pilot | n. 飞行员；试点 | pilot project | 试点项目
pilot	family	piloted	piloted	adj. 试点的	piloted | adj. 试点的 | piloted reform | 试点改革
pilot	family	pilotless	pilotless	adj. 无人驾驶的	pilotless | adj. 无人驾驶的 | pilotless aircraft | 无人机
pilot	kin	pile	pile	n./v. 一堆；堆积	pile | n./v. 一堆；堆积 | pile of data / pile pressure on workers | 一堆数据；给工人施压
pilot	kin	pillar	pillar	n. 柱子；支柱	pillar | n. 柱子；支柱 | stone pillar / pillar of policy | 石柱；政策支柱
pilot	kin	plot	plot	n./v. 情节；策划	plot | n./v. 情节；策划 | plot development / plot a route | 情节发展；规划路线
purchase	family	purchase	purchase	n. 购买；采购	purchase | n. 购买；采购 | online purchase | 网上购物
purchase	family	purchasing	purchasing	n. 采购	purchasing | n. 采购 | government purchasing | 政府采购
purchase	family	purchaser	purchaser	n. 购买者	purchaser | n. 购买者 | first-time purchaser | 首次购买者
purchase	kin	chase	chase	v./n. 追逐	chase | v./n. 追逐 | chase profit / police chase | 追逐利润；警方追捕
purchase	kin	purse	purse	n. 钱包；资金	purse | n. 钱包；资金 | public purse / coin purse | 公共资金；零钱包
purchase	kin	merchandise	merchandise	n. 商品	merchandise | n. 商品 | retail merchandise / branded merchandise | 零售商品；品牌商品
register	family	registration	registration	n. 登记；注册	registration | n. 登记；注册 | online registration | 在线注册
register	family	registered	registered	adj. 已登记的	registered | adj. 已登记的 | registered user | 注册用户
register	family	registrar	registrar	n. 登记员	registrar | n. 登记员 | university registrar | 大学注册主任
register	kin	gesture	gesture	n./v. 手势；表示	gesture | n./v. 手势；表示 | nonverbal gesture / gesture of support | 非语言手势；支持姿态
register	kin	digest	digest	v./n. 消化；摘要	digest | v./n. 消化；摘要 | digest information / news digest | 消化信息；新闻摘要
register	kin	registry	registry	n. 登记处；登记系统	registry | n. 登记处；登记系统 | land registry / patient registry | 土地登记处；患者登记系统
remote	family	remotely	remotely	adv. 远程地	remotely | adv. 远程地 | work remotely | 远程工作
remote	family	remoteness	remoteness	n. 偏远	remoteness | n. 偏远 | geographical remoteness | 地理偏远
remote	family	remote	remote	n. 遥控器	remote | n. 遥控器 | television remote | 电视遥控器
remote	kin	motion	motion	n. 运动；动议	motion | n. 运动；动议 | remote control / motion sensor | 遥控器；运动传感器
remote	kin	promote	promote	v. 促进；推广	promote | v. 促进；推广 | promote equality / promote a product | 促进平等；推广产品
remote	kin	motor	motor	n. 发动机；马达	motor | n. 发动机；马达 | electric motor / motor function | 电动机；运动功能
repeat	family	repetition	repetition	n. 重复	repetition | n. 重复 | harmful repetition | 有害重复
repeat	family	repeated	repeated	adj. 反复的	repeated | adj. 反复的 | repeated failure | 反复失败
repeat	family	repeatedly	repeatedly	adv. 反复地	repeatedly | adv. 反复地 | fail repeatedly | 反复失败
repeat	kin	peat	peat	n. 泥炭	peat | n. 泥炭 | peat soil / peat bog | 泥炭土；泥炭沼泽
repeat	kin	repeated	repeated	adj. 重复的	repeated | adj. 重复的 | repeated failure / repeated exposure | 反复失败；重复接触
repeat	kin	repetition	repetition	n. 重复	repetition | n. 重复 | spaced repetition / word repetition | 间隔重复；单词重复
resemble	family	resemblance	resemblance	n. 相似	resemblance | n. 相似 | strong resemblance | 强烈相似
resemble	family	resembling	resembling	adj. 类似的	resembling | adj. 类似的 | resembling pattern | 类似模式
resemble	family	resembled	resembled	adj. 曾相似的	resembled | adj. 曾相似的 | resembled structure | 曾相似结构
resemble	kin	assemble	assemble	v. 集合；组装	assemble | v. 集合；组装 | assemble evidence / assemble furniture | 汇集证据；组装家具
resemble	kin	semblance	semblance	n. 表象；外观	semblance | n. 表象；外观 | semblance of order / semblance of fairness | 表面秩序；貌似公平
resemble	kin	ensemble	ensemble	n. 整体；合奏团	ensemble | n. 整体；合奏团 | ensemble cast / music ensemble | 群像演员阵容；音乐合奏团
restore	family	restoration	restoration	n. 恢复；修复	restoration | n. 恢复；修复 | ecosystem restoration | 生态修复
restore	family	restored	restored	adj. 被恢复的	restored | adj. 被恢复的 | restored trust | 被恢复的信任
restore	family	restorative	restorative	adj. 恢复性的	restorative | adj. 恢复性的 | restorative justice | 恢复性司法
restore	kin	store	store	n./v. 商店；储存	store | n./v. 商店；储存 | grocery store / store data | 杂货店；存储数据
restore	kin	storage	storage	n. 存储；储藏	storage | n. 存储；储藏 | cloud storage / food storage | 云存储；食物储藏
restore	kin	story	story	n. 故事；楼层	story | n. 故事；楼层 | short story / two-story building | 短篇小说；两层建筑
spectacular	family	spectacle	spectacle	n. 壮观场面	spectacle | n. 壮观场面 | public spectacle | 公共景观
spectacular	family	spectacularly	spectacularly	adv. 壮观地；惊人地	spectacularly | adv. 壮观地；惊人地 | fail spectacularly | 惨烈失败
spectacular	family	spectator	spectator	n. 观众	spectator | n. 观众 | sports spectator | 体育观众
spectacular	kin	spectacle	spectacle	n. 景象；奇观	spectacle | n. 景象；奇观 | public spectacle / visual spectacle | 公共奇观；视觉奇观
spectacular	kin	inspect	inspect	v. 检查	inspect | v. 检查 | inspect factories / inspect evidence | 检查工厂；检查证据
spectacular	kin	perspective	perspective	n. 视角	perspective | n. 视角 | historical perspective / different perspective | 历史视角；不同视角
yield	family	yield	yield	n. 产量；收益	yield | n. 产量；收益 | crop yield | 作物产量
yield	family	yielding	yielding	adj. 让步的；易弯曲的	yielding | adj. 让步的；易弯曲的 | yielding attitude | 让步态度
yield	family	yielded	yielded	adj. 已产生的	yielded | adj. 已产生的 | yielded result | 产生的结果
yield	kin	field	field	n. 田地；领域	field | n. 田地；领域 | research field / wheat field | 研究领域；麦田
yield	kin	shield	shield	n./v. 盾；保护	shield | n./v. 盾；保护 | legal shield / shield children | 法律保护；保护儿童
yield	kin	wield	wield	v. 使用；行使	wield | v. 使用；行使 | wield power / wield influence | 行使权力；施加影响
punishment	family	punish	punish	v. 惩罚	punish | v. 惩罚 | punish offenders | 惩罚违法者
punishment	family	punitive	punitive	adj. 惩罚性的	punitive | adj. 惩罚性的 | punitive measure | 惩罚性措施
punishment	family	punishable	punishable	adj. 可惩罚的	punishable | adj. 可惩罚的 | punishable offence | 可处罚罪行
punishment	kin	punish	punish	v. 惩罚	punish | v. 惩罚 | punish criminals / punish failure | 惩罚罪犯；惩罚失败
punishment	kin	punitive	punitive	adj. 惩罚性的	punitive | adj. 惩罚性的 | punitive measures / punitive tax | 惩罚性措施；惩罚性税收
punishment	kin	penalty	penalty	n. 惩罚；罚款	penalty | n. 惩罚；罚款 | financial penalty / death penalty | 经济处罚；死刑
unemployment	family	employ	employ	v. 雇用	employ | v. 雇用 | employ workers | 雇用工人
unemployment	family	employment	employment	n. 就业	employment | n. 就业 | stable employment | 稳定就业
unemployment	family	unemployed	unemployed	adj. 失业的	unemployed | adj. 失业的 | unemployed youth | 失业青年
unemployment	kin	employ	employ	v. 雇用；使用	employ | v. 雇用；使用 | employ workers / employ a method | 雇用工人；使用方法
unemployment	kin	deployment	deployment	n. 部署	deployment | n. 部署 | technology deployment / military deployment | 技术部署；军事部署
unemployment	kin	employment	employment	n. 就业；雇用	employment | n. 就业；雇用 | youth employment / employment rate | 青年就业；就业率
employment	family	employ	employ	v. 雇用	employ | v. 雇用 | employ older workers | 雇用老年员工
employment	family	employed	employed	adj. 被雇用的	employed | adj. 被雇用的 | employed population | 就业人口
employment	family	employer	employer	n. 雇主	employer | n. 雇主 | responsible employer | 负责任雇主
employment	kin	employ	employ	v. 雇用；使用	employ | v. 雇用；使用 | employ workers / employ a method | 雇用工人；使用方法
employment	kin	deployment	deployment	n. 部署	deployment | n. 部署 | technology deployment / military deployment | 技术部署；军事部署
employment	kin	unemployment	unemployment	n. 失业	unemployment | n. 失业 | youth unemployment / unemployment rate | 青年失业；失业率
responsibility	family	responsible	responsible	adj. 负责的	responsible | adj. 负责的 | responsible government | 负责任政府
responsibility	family	responsibly	responsibly	adv. 负责地	responsibly | adv. 负责地 | act responsibly | 负责任行动
responsibility	family	irresponsible	irresponsible	adj. 不负责任的	irresponsible | adj. 不负责任的 | irresponsible spending | 不负责任支出
responsibility	kin	respond	respond	v. 回应	respond | v. 回应 | respond to criticism / respond to treatment | 回应批评；对治疗有反应
responsibility	kin	response	response	n. 回应；反应	response | n. 回应；反应 | policy response / immune response | 政策回应；免疫反应
responsibility	kin	sponsor	sponsor	n./v. 赞助者；资助	sponsor | n./v. 赞助者；资助 | corporate sponsor / sponsor a bill | 企业赞助商；支持法案
investment	family	invest	invest	v. 投资；投入	invest | v. 投资；投入 | invest in education | 投资教育
investment	family	investor	investor	n. 投资者	investor | n. 投资者 | foreign investor | 外国投资者
investment	family	invested	invested	adj. 被投入的	invested | adj. 被投入的 | invested capital | 已投入资本
investment	kin	vest	vest	n. 背心；马甲	vest | n. 背心；马甲 | safety vest / life vest | 安全背心；救生衣
investment	kin	invest	invest	v. 投资；投入	invest | v. 投资；投入 | invest capital / invest effort | 投资资本；投入精力
investment	kin	investigate	investigate	v. 调查	investigate | v. 调查 | investigate misconduct / investigate evidence | 调查不当行为；调查证据
rehabilitation	family	rehabilitate	rehabilitate	v. 使康复；改造	rehabilitate | v. 使康复；改造 | rehabilitate offenders | 改造罪犯
rehabilitation	family	rehabilitative	rehabilitative	adj. 康复性的；改造性的	rehabilitative | adj. 康复性的；改造性的 | rehabilitative programme | 康复项目
rehabilitation	family	rehabilitated	rehabilitated	adj. 已康复的；已改造的	rehabilitated | adj. 已康复的；已改造的 | rehabilitated prisoner | 已改造囚犯
rehabilitation	kin	habitat	habitat	n. 栖息地	habitat | n. 栖息地 | natural habitat / urban habitat | 自然栖息地；城市栖息地
rehabilitation	kin	habit	habit	n. 习惯	habit | n. 习惯 | study habit / consumer habit | 学习习惯；消费习惯
rehabilitation	kin	habitation	habitation	n. 居住；住所	habitation | n. 居住；住所 | human habitation / rural habitation | 人类居住；乡村住所
accommodation	family	accommodate	accommodate	v. 容纳；适应	accommodate | v. 容纳；适应 | accommodate students | 容纳学生
accommodation	family	accommodating	accommodating	adj. 乐于配合的	accommodating | adj. 乐于配合的 | accommodating policy | 灵活政策
accommodation	family	accommodated	accommodated	adj. 被容纳的	accommodated | adj. 被容纳的 | accommodated family | 被安置家庭
accommodation	kin	mode	mode	n. 模式；方式	mode | n. 模式；方式 | online mode / mode of communication | 在线模式；沟通方式
accommodation	kin	commodity	commodity	n. 商品；大宗商品	commodity | n. 商品；大宗商品 | energy commodity / commodity market | 能源商品；商品市场
accommodation	kin	modify	modify	v. 修改；调整	modify | v. 修改；调整 | modify a policy / modify behavior | 修改政策；调整行为
achievement	family	achieve	achieve	v. 实现；取得	achieve | v. 实现；取得 | achieve progress | 取得进步
achievement	family	achievable	achievable	adj. 可实现的	achievable | adj. 可实现的 | achievable target | 可实现目标
achievement	family	achieved	achieved	adj. 已实现的	achieved | adj. 已实现的 | achieved result | 已实现结果
achievement	kin	achieve	achieve	v. 实现；达成	achieve | v. 实现；达成 | achieve equality / achieve high scores | 实现平等；取得高分
achievement	kin	chief	chief	adj./n. 主要的；首领	chief | adj./n. 主要的；首领 | chief objective / tribal chief | 主要目标；部落首领
achievement	kin	archive	archive	n./v. 档案；归档	archive | n./v. 档案；归档 | public archive / archive old documents | 公共档案；归档旧文件
maintenance	family	maintain	maintain	v. 维持；维护	maintain | v. 维持；维护 | maintain infrastructure | 维护基础设施
maintenance	family	maintained	maintained	adj. 被维护的	maintained | adj. 被维护的 | maintained road | 维护良好的道路
maintenance	family	maintainer	maintainer	n. 维护者	maintainer | n. 维护者 | system maintainer | 系统维护者
maintenance	kin	maintain	maintain	v. 维持；维护	maintain | v. 维持；维护 | maintain order / maintain equipment | 维持秩序；维护设备
maintenance	kin	obtain	obtain	v. 获得	obtain | v. 获得 | obtain evidence / obtain funding | 获得证据；获得资金
maintenance	kin	retain	retain	v. 保留；保持	retain | v. 保留；保持 | retain talent / retain information | 留住人才；记住信息
priority	family	prioritize	prioritize	v. 优先考虑	prioritize | v. 优先考虑 | prioritize healthcare | 优先考虑医疗
priority	family	prior	prior	adj. 先前的	prior | adj. 先前的 | prior knowledge | 先前知识
priority	family	prioritised	prioritised	adj. 被优先考虑的	prioritised | adj. 被优先考虑的 | prioritised service | 优先服务
priority	kin	prior	prior	adj. 先前的；优先的	prior | adj. 先前的；优先的 | prior knowledge / prior approval | 先验知识；事先批准
priority	kin	prioritize	prioritize	v. 优先处理	prioritize | v. 优先处理 | prioritize education / prioritize safety | 优先发展教育；优先考虑安全
priority	kin	prairie	prairie	n. 大草原	prairie | n. 大草原 | prairie ecosystem / prairie grass | 草原生态系统；草原草
security	family	secure	secure	adj. 安全的；稳定的	secure | adj. 安全的；稳定的 | secure job | 稳定工作
security	family	secure	secure	v. 获得；保护	secure | v. 获得；保护 | secure funding | 获得资金
security	family	insecurity	insecurity	n. 不安全感；不稳定	insecurity | n. 不安全感；不稳定 | job insecurity | 工作不稳定
security	kin	secure	secure	adj./v. 安全的；保护	secure | adj./v. 安全的；保护 | secure environment / secure funding | 安全环境；获得资金保障
security	kin	cure	cure	v./n. 治愈；解决办法	cure | v./n. 治愈；解决办法 | cure disease / cure a problem | 治愈疾病；解决问题
security	kin	curator	curator	n. 策展人；管理者	curator | n. 策展人；管理者 | museum curator / data curator | 博物馆策展人；数据管理员
creativity	family	create	create	v. 创造	create | v. 创造 | create opportunities | 创造机会
creativity	family	creative	creative	adj. 有创造力的	creative | adj. 有创造力的 | creative solution | 创新方案
creativity	family	creator	creator	n. 创作者	creator | n. 创作者 | content creator | 内容创作者
creativity	kin	create	create	v. 创造	create | v. 创造 | create jobs / create a new method | 创造就业；创造新方法
creativity	kin	creature	creature	n. 生物	creature | n. 生物 | marine creature / mythical creature | 海洋生物；神话生物
creativity	kin	recreate	recreate	v. 再现；重建	recreate | v. 再现；重建 | recreate a scene / recreate trust | 再现场景；重建信任
diversity	family	diverse	diverse	adj. 多样的	diverse | adj. 多样的 | diverse society | 多元社会
diversity	family	diversify	diversify	v. 使多样化	diversify | v. 使多样化 | diversify income | 使收入多元化
diversity	family	diversified	diversified	adj. 多样化的	diversified | adj. 多样化的 | diversified economy | 多元经济
diversity	kin	verse	verse	n. 诗句	verse | n. 诗句 | free verse / verse translation | 自由诗；诗歌翻译
diversity	kin	universe	universe	n. 宇宙	universe | n. 宇宙 | observable universe / fictional universe | 可观测宇宙；虚构宇宙
diversity	kin	reverse	reverse	v./adj. 逆转；相反的	reverse | v./adj. 逆转；相反的 | reverse a decision / reverse order | 推翻决定；相反顺序
innovation	family	innovate	innovate	v. 创新	innovate | v. 创新 | innovate continuously | 持续创新
innovation	family	innovative	innovative	adj. 创新的	innovative | adj. 创新的 | innovative technology | 创新技术
innovation	family	innovator	innovator	n. 创新者	innovator | n. 创新者 | social innovator | 社会创新者
innovation	kin	novel	novel	adj./n. 新颖的；小说	novel | adj./n. 新颖的；小说 | novel approach / historical novel | 新方法；历史小说
innovation	kin	renovate	renovate	v. 翻新；革新	renovate | v. 翻新；革新 | renovate buildings / renovate institutions | 翻新建筑；革新制度
innovation	kin	novice	novice	n. 新手	novice | n. 新手 | complete novice / novice teacher | 完全新手；新手教师
perspective	family	perspectival	perspectival	adj. 视角的	perspectival | adj. 视角的 | perspectival difference | 视角差异
perspective	family	perspectively	perspectively	adv. 从视角上	perspectively | adv. 从视角上 | perspectively analyse | 从视角上分析
perspective	family	perspective-taking	perspective-taking	n. 换位思考	perspective-taking | n. 换位思考 | perspective-taking ability | 换位思考能力
perspective	kin	spectacle	spectacle	n. 景象；奇观	spectacle | n. 景象；奇观 | public spectacle / visual spectacle | 公共奇观；视觉奇观
perspective	kin	inspect	inspect	v. 检查	inspect | v. 检查 | inspect factories / inspect evidence | 检查工厂；检查证据
perspective	kin	prospect	prospect	n. 前景；可能性	prospect | n. 前景；可能性 | career prospects / prospect of reform | 职业前景；改革可能性
qualification	family	qualify	qualify	v. 使合格；取得资格	qualify | v. 使合格；取得资格 | qualify for funding | 获得资助资格
qualification	family	qualified	qualified	adj. 合格的	qualified | adj. 合格的 | qualified teacher | 合格教师
qualification	family	unqualified	unqualified	adj. 不合格的	unqualified | adj. 不合格的 | unqualified worker | 不合格工人
qualification	kin	quality	quality	n. 质量；特质	quality | n. 质量；特质 | quality of life / data quality | 生活质量；数据质量
qualification	kin	qualify	qualify	v. 使有资格；限定	qualify | v. 使有资格；限定 | qualify for aid / qualify a statement | 有资格获得援助；限定陈述
qualification	kin	quantity	quantity	n. 数量	quantity | n. 数量 | large quantity / quantity of data | 大量；数据量
supplement	family	supplement	supplement	n. 补充物	supplement | n. 补充物 | food supplement | 食品补充剂
supplement	family	supplementary	supplementary	adj. 补充的	supplementary | adj. 补充的 | supplementary course | 补充课程
supplement	family	supplemented	supplemented	adj. 被补充的	supplemented | adj. 被补充的 | supplemented income | 被补充的收入
supplement	kin	implement	implement	v./n. 实施；工具	implement | v./n. 实施；工具 | implement reform / farming implement | 实施改革；农具
supplement	kin	complement	complement	v./n. 补充；补足物	complement | v./n. 补充；补足物 | complement classroom teaching / perfect complement | 补充课堂教学；完美补足
supplement	kin	element	element	n. 元素；要素	element | n. 元素；要素 | key element / chemical element | 关键要素；化学元素
authority	family	authorise	authorise	v. 授权	authorise | v. 授权 | authorise spending | 授权支出
authority	family	authoritative	authoritative	adj. 权威的	authoritative | adj. 权威的 | authoritative source | 权威来源
authority	family	authoritarian	authoritarian	adj. 威权的	authoritarian | adj. 威权的 | authoritarian policy | 威权政策
authority	kin	author	author	n. 作者	author | n. 作者 | the original author / author of a policy | 原作者；政策制定者
authority	kin	authorize	authorize	v. 授权	authorize | v. 授权 | authorize public spending / authorize data access | 授权公共支出；授权数据访问
authority	kin	authentic	authentic	adj. 真实的	authentic | adj. 真实的 | authentic voice / authentic evidence | 真实声音；真实证据
core	family	core	core	n. 核心	core | n. 核心 | policy core | 政策核心
core	family	coreless	coreless	adj. 无核心的	coreless | adj. 无核心的 | coreless design | 无核心设计
core	kin	cord	cord	n. 绳；线	cord | n. 绳；线 | power cord / cord blood | 电源线；脐带血
core	kin	coral	coral	n. 珊瑚	coral | n. 珊瑚 | coral reef / coral bleaching | 珊瑚礁；珊瑚白化
core	kin	corps	corps	n. 团；兵种	corps | n. 团；兵种 | press corps / medical corps | 记者团；医疗队
proposal	family	propose	propose	v. 提出	propose | v. 提出 | propose reform | 提出改革
proposal	family	proposed	proposed	adj. 被提出的	proposed | adj. 被提出的 | proposed policy | 拟议政策
proposal	family	proposer	proposer	n. 提议者	proposer | n. 提议者 | proposal proposer | 提案人
proposal	kin	pose	pose	v./n. 造成；姿势	pose | v./n. 造成；姿势 | pose a risk / pose for photos | 构成风险；摆姿势拍照
proposal	kin	propose	propose	v. 提议	propose | v. 提议 | propose a policy / propose a solution | 提出政策；提出方案
proposal	kin	expose	expose	v. 暴露；揭露	expose | v. 暴露；揭露 | expose corruption / expose skin | 揭露腐败；暴露皮肤
consumerism	family	consumer	consumer	n. 消费者	consumer | n. 消费者 | young consumer | 年轻消费者
consumerism	family	consume	consume	v. 消费；消耗	consume | v. 消费；消耗 | consume resources | 消耗资源
consumerism	family	consumption	consumption	n. 消费	consumption | n. 消费 | excessive consumption | 过度消费
consumerism	kin	consume	consume	v. 消费；消耗	consume | v. 消费；消耗 | consume digital content / consume resources | 消费数字内容；消耗资源
consumerism	kin	customer	customer	n. 顾客	customer | n. 顾客 | loyal customer / customer service | 忠实顾客；客户服务
consumerism	kin	resume	resume	v./n. 恢复；简历	resume | v./n. 恢复；简历 | resume production / job resume | 恢复生产；求职简历
discipline	family	discipline	discipline	v. 训练；管教	discipline | v. 训练；管教 | discipline students | 管教学生
discipline	family	disciplined	disciplined	adj. 自律的	disciplined | adj. 自律的 | disciplined learner | 自律学习者
discipline	family	disciplinary	disciplinary	adj. 纪律的；学科的	disciplinary | adj. 纪律的；学科的 | disciplinary rule | 纪律规定
discipline	kin	disciple	disciple	n. 门徒；弟子	disciple | n. 门徒；弟子 | religious disciple / disciple of a theory | 宗教弟子；理论追随者
discipline	kin	pupil	pupil	n. 学生；瞳孔	pupil | n. 学生；瞳孔 | primary-school pupil / dilated pupil | 小学生；放大的瞳孔
discipline	kin	disciplinary	disciplinary	adj. 纪律的；学科的	disciplinary | adj. 纪律的；学科的 | disciplinary action / disciplinary boundary | 纪律处分；学科边界
salary	family	salaried	salaried	adj. 领薪水的	salaried | adj. 领薪水的 | salaried worker | 受薪员工
salary	family	salaryman	salaryman	n. 上班族	salaryman | n. 上班族 | urban salaryman | 城市上班族
salary	kin	salt	salt	n. 盐	salt | n. 盐 | table salt / salt concentration | 食盐；盐浓度
salary	kin	saline	saline	adj. 含盐的	saline | adj. 含盐的 | saline soil / saline solution | 盐碱土；盐水溶液
salary	kin	salinity	salinity	n. 盐度	salinity | n. 盐度 | water salinity / soil salinity | 水体盐度；土壤盐度
homelessness	family	homeless	homeless	adj. 无家可归的	homeless | adj. 无家可归的 | homeless people | 无家可归者
homelessness	family	home	home	n. 家	home | n. 家 | safe home | 安全住所
homelessness	kin	home	home	n. 家；归宿	home | n. 家；归宿 | affordable home / feel at home | 负担得起的住房；感到自在
homelessness	kin	homeless	homeless	adj. 无家可归的	homeless | adj. 无家可归的 | homeless people / homeless shelter | 无家可归者；流浪者收容所
homelessness	kin	homeland	homeland	n. 祖国；家园	homeland | n. 祖国；家园 | ancestral homeland / homeland security | 祖居地；国土安全
heritage	family	inherit	inherit	v. 继承	inherit | v. 继承 | inherit culture | 继承文化
heritage	family	inherited	inherited	adj. 继承的	inherited | adj. 继承的 | inherited tradition | 继承传统
heritage	kin	inherit	inherit	v. 继承	inherit | v. 继承 | inherit property / inherit traditions | 继承财产；继承传统
heritage	kin	heir	heir	n. 继承人	heir | n. 继承人 | legal heir / heir to a throne | 合法继承人；王位继承人
heritage	kin	heredity	heredity	n. 遗传	heredity | n. 遗传 | law of heredity / heredity research | 遗传规律；遗传研究
literacy	family	literate	literate	adj. 有读写能力的	literate | adj. 有读写能力的 | literate citizen | 有读写能力的市民
literacy	family	illiteracy	illiteracy	n. 文盲；无知	illiteracy | n. 文盲；无知 | adult illiteracy | 成人文盲
literacy	family	literary	literary	adj. 文学的	literary | adj. 文学的 | literary education | 文学教育
literacy	kin	letter	letter	n. 字母；信件	letter | n. 字母；信件 | capital letter / formal letter | 大写字母；正式信件
literacy	kin	literature	literature	n. 文学；文献	literature | n. 文学；文献 | English literature / research literature | 英国文学；研究文献
literacy	kin	literal	literal	adj. 字面的	literal | adj. 字面的 | literal meaning / literal translation | 字面意思；直译
materialism	family	material	material	n. 材料；素材	material | n. 材料；素材 | teaching material | 教学材料
materialism	family	materialistic	materialistic	adj. 物质主义的	materialistic | adj. 物质主义的 | materialistic culture | 物质主义文化
materialism	family	materially	materially	adv. 实质上	materially | adv. 实质上 | materially affect | 实质影响
materialism	kin	material	material	n./adj. 材料；物质的	material | n./adj. 材料；物质的 | raw material / material evidence | 原材料；实质证据
materialism	kin	matter	matter	n./v. 物质；重要	matter | n./v. 物质；重要 | subject matter / matter deeply | 主题内容；非常重要
materialism	kin	immaterial	immaterial	adj. 不重要的；非物质的	immaterial | adj. 不重要的；非物质的 | immaterial detail / immaterial culture | 无关细节；非物质文化
draft	family	draft	draft	n. 草案；草稿	draft | n. 草案；草稿 | policy draft | 政策草案
draft	family	drafted	drafted	adj. 起草的	drafted | adj. 起草的 | drafted law | 起草的法律
draft	family	drafter	drafter	n. 起草者	drafter | n. 起草者 | legal drafter | 法律起草者
draft	kin	draw	draw	v. 画；拉；得出	draw | v. 画；拉；得出 | draw a conclusion / draw a map | 得出结论；画地图
draft	kin	craft	craft	n./v. 手艺；精心制作	craft | n./v. 手艺；精心制作 | craft an argument / traditional craft | 精心构建论点；传统手艺
draft	kin	raft	raft	n. 筏子	raft | n. 筏子 | life raft / raft of proposals | 救生筏；大量提案
phase	family	phase	phase	v. 分阶段进行	phase | v. 分阶段进行 | phase reform | 分阶段改革
phase	family	phased	phased	adj. 分阶段的	phased | adj. 分阶段的 | phased implementation | 分阶段实施
phase	family	phasic	phasic	adj. 阶段性的；相位的	phasic | adj. 阶段性的；相位的 | phasic change | 阶段性变化
phase	kin	phrase	phrase	n. 短语	phrase | n. 短语 | fixed phrase / catch phrase | 固定短语；流行语
phase	kin	emphasis	emphasis	n. 强调	emphasis | n. 强调 | policy emphasis / place emphasis on education | 政策重点；强调教育
phase	kin	aphasia	aphasia	n. 失语症	aphasia | n. 失语症 | Broca's aphasia / aphasia treatment | 布洛卡失语症；失语症治疗
schedule	family	schedule	schedule	v. 安排	schedule | v. 安排 | schedule meetings | 安排会议
schedule	family	scheduled	scheduled	adj. 已安排的	scheduled | adj. 已安排的 | scheduled appointment | 已预约事项
schedule	family	reschedule	reschedule	v. 重新安排	reschedule | v. 重新安排 | reschedule exams | 重新安排考试
schedule	kin	scheme	scheme	n./v. 方案；策划	scheme | n./v. 方案；策划 | training scheme / scheme to avoid tax | 培训方案；策划避税
schedule	kin	school	school	n. 学校；学派	school | n. 学校；学派 | public school / school of thought | 公立学校；思想流派
schedule	kin	calendar	calendar	n. 日历；日程	calendar | n. 日历；日程 | academic calendar / calendar reminder | 校历；日历提醒
strategy	family	strategic	strategic	adj. 战略的	strategic | adj. 战略的 | strategic investment | 战略投资
strategy	family	strategically	strategically	adv. 战略性地	strategically | adv. 战略性地 | invest strategically | 战略性投资
strategy	family	strategist	strategist	n. 策略家	strategist | n. 策略家 | political strategist | 政治策略家
strategy	kin	stratify	stratify	v. 分层	stratify | v. 分层 | stratify society / stratify samples | 使社会分层；分层样本
strategy	kin	stratum	stratum	n. 地层；阶层	stratum | n. 地层；阶层 | social stratum / rock stratum | 社会阶层；岩层
strategy	kin	street	street	n. 街道	street | n. 街道 | busy street / street protest | 繁忙街道；街头抗议
territory	family	territorial	territorial	adj. 领土的	territorial | adj. 领土的 | territorial dispute | 领土争端
territory	family	territoriality	territoriality	n. 领土性	territoriality | n. 领土性 | territoriality of animals | 动物领地性
territory	kin	terrain	terrain	n. 地形	terrain | n. 地形 | mountain terrain / rough terrain | 山地地形；崎岖地形
territory	kin	terrestrial	terrestrial	adj. 陆地的；地球的	terrestrial | adj. 陆地的；地球的 | terrestrial animal / terrestrial ecosystem | 陆生动物；陆地生态系统
territory	kin	terrace	terrace	n. 梯田；平台	terrace | n. 梯田；平台 | rice terrace / roof terrace | 稻田梯田；屋顶露台
crime	family	criminal	criminal	adj. 犯罪的	criminal | adj. 犯罪的 | criminal behaviour | 犯罪行为
crime	family	criminalize	criminalize	v. 定罪	criminalize | v. 定罪 | criminalize conduct | 将行为定罪
crime	family	decriminalize	decriminalize	v. 非刑事化	decriminalize | v. 非刑事化 | decriminalize drugs | 毒品非刑事化
crime	kin	criminal	criminal	adj./n. 犯罪的；罪犯	criminal | adj./n. 犯罪的；罪犯 | criminal law / criminal record | 刑法；犯罪记录
crime	kin	criterion	criterion	n. 标准	criterion | n. 标准 | legal criterion / selection criterion | 法律标准；选择标准
crime	kin	crisis	crisis	n. 危机	crisis | n. 危机 | crime crisis / financial crisis | 犯罪危机；金融危机
access	family	accessible	accessible	adj. 可获得的；无障碍的	accessible | adj. 可获得的；无障碍的 | accessible healthcare | 可及医疗
access	family	accessibility	accessibility	n. 可及性	accessibility | n. 可及性 | digital accessibility | 数字可及性
access	family	inaccessible	inaccessible	adj. 难以获得的	inaccessible | adj. 难以获得的 | inaccessible service | 难以获得的服务
access	kin	process	process	n./v. 过程；处理	process | n./v. 过程；处理 | the decision-making process / process large datasets | 决策过程；处理大型数据集
access	kin	success	success	n. 成功	success | n. 成功 | academic success / commercial success | 学业成功；商业成功
access	kin	exceed	exceed	v. 超过	exceed | v. 超过 | exceed expectations / exceed the speed limit | 超出预期；超过限速
reduce	family	reduction	reduction	n. 减少；降低	reduction | n. 减少；降低 | emission reduction | 减排
reduce	family	reduced	reduced	adj. 减少的	reduced | adj. 减少的 | reduced cost | 降低的成本
reduce	family	reducible	reducible	adj. 可减少的	reducible | adj. 可减少的 | reducible risk | 可降低风险
reduce	kin	produce	produce	v./n. 生产；农产品	produce | v./n. 生产；农产品 | produce evidence / fresh produce | 提出证据；新鲜农产品
reduce	kin	introduce	introduce	v. 引入；介绍	introduce | v. 引入；介绍 | introduce policy / introduce yourself | 引入政策；介绍自己
reduce	kin	duct	duct	n. 管道	duct | n. 管道 | air duct / tear duct | 通风管道；泪管
contain	family	container	container	n. 容器；集装箱	container | n. 容器；集装箱 | shipping container | 海运集装箱
contain	family	containment	containment	n. 控制；遏制	containment | n. 控制；遏制 | disease containment | 疾病控制
contain	family	contained	contained	adj. 被控制的；包含的	contained | adj. 被控制的；包含的 | contained outbreak | 被控制的疫情
contain	kin	tenant	tenant	n. 租户	tenant | n. 租户 | urban tenant / tenant rights | 城市租户；租户权利
contain	kin	continent	continent	n. 大陆	continent | n. 大陆 | Asian continent / continent drift | 亚洲大陆；大陆漂移
contain	kin	container	container	n. 容器；集装箱	container | n. 容器；集装箱 | shipping container / food container | 海运集装箱；食物容器
impact	family	impact	impact	v. 影响；冲击	impact | v. 影响；冲击 | impact health | 影响健康
impact	family	impactful	impactful	adj. 有影响力的	impactful | adj. 有影响力的 | impactful policy | 有影响力的政策
impact	family	impacted	impacted	adj. 受影响的	impacted | adj. 受影响的 | impacted community | 受影响社区
impact	kin	pact	pact	n. 协定	pact | n. 协定 | trade pact / peace pact | 贸易协定；和平协定
impact	kin	compact	compact	adj./n. 紧凑的；契约	compact | adj./n. 紧凑的；契约 | compact city / social compact | 紧凑城市；社会契约
impact	kin	compatible	compatible	adj. 兼容的	compatible | adj. 兼容的 | compatible software / compatible values | 兼容软件；相容价值
promote	family	promotion	promotion	n. 促进；晋升	promotion | n. 促进；晋升 | health promotion | 健康促进
promote	family	promotional	promotional	adj. 推广的	promotional | adj. 推广的 | promotional campaign | 推广活动
promote	family	promoted	promoted	adj. 被推广的	promoted | adj. 被推广的 | promoted product | 被推广产品
promote	kin	motion	motion	n. 运动；动议	motion | n. 运动；动议 | motion sensor / parliamentary motion | 运动传感器；议会动议
promote	kin	motivate	motivate	v. 激励	motivate | v. 激励 | motivate students / motivate reform | 激励学生；推动改革
promote	kin	remote	remote	adj. 远程的；偏远的	remote | adj. 远程的；偏远的 | remote work / remote village | 远程工作；偏远村庄
connect	family	connection	connection	n. 连接；关系	connection | n. 连接；关系 | social connection | 社会联系
connect	family	connected	connected	adj. 连接的	connected | adj. 连接的 | connected system | 互联系统
connect	family	connectivity	connectivity	n. 连通性	connectivity | n. 连通性 | internet connectivity | 网络连通性
connect	kin	neck	neck	n. 脖子；狭窄部分	neck | n. 脖子；狭窄部分 | neck pain / neck of a bottle | 颈痛；瓶颈
connect	kin	nexus	nexus	n. 关联；连接点	nexus | n. 关联；连接点 | policy nexus / urban-rural nexus | 政策关联；城乡连接
connect	kin	annex	annex	v./n. 吞并；附楼	annex | v./n. 吞并；附楼 | annex territory / school annex | 吞并领土；学校附楼
invest	family	investment	investment	n. 投资	investment | n. 投资 | public investment | 公共投资
invest	family	investor	investor	n. 投资者	investor | n. 投资者 | private investor | 私人投资者
invest	family	invested	invested	adj. 被投入的	invested | adj. 被投入的 | invested capital | 已投入资本
invest	kin	vest	vest	n. 背心；马甲	vest | n. 背心；马甲 | safety vest / white vest | 安全背心；白色背心
invest	kin	investigate	investigate	v. 调查	investigate | v. 调查 | investigate fraud / investigate causes | 调查欺诈；调查原因
invest	kin	investment	investment	n. 投资	investment | n. 投资 | public investment / long-term investment | 公共投资；长期投资
consumer	family	consume	consume	v. 消费；消耗	consume | v. 消费；消耗 | consume resources | 消耗资源
consumer	family	consumption	consumption	n. 消费；消耗	consumption | n. 消费；消耗 | excessive consumption | 过度消费
consumer	family	consumerism	consumerism	n. 消费主义	consumerism | n. 消费主义 | modern consumerism | 现代消费主义
consumer	kin	consume	consume	v. 消费；消耗	consume | v. 消费；消耗 | consume goods / consume energy | 消费商品；消耗能源
consumer	kin	resume	resume	v./n. 恢复；简历	resume | v./n. 恢复；简历 | resume operations / submit a resume | 恢复运营；提交简历
consumer	kin	presume	presume	v. 假定；推定	presume | v. 假定；推定 | presume guilt / presume a causal link | 推定有罪；假定因果联系
define	family	definition	definition	n. 定义	definition | n. 定义 | clear definition | 清晰定义
define	family	defined	defined	adj. 被定义的	defined | adj. 被定义的 | defined standard | 已定义标准
define	family	definable	definable	adj. 可定义的	definable | adj. 可定义的 | definable goal | 可定义目标
define	kin	fine	fine	adj./n. 好的；罚款	fine | adj./n. 好的；罚款 | fine detail / pay a fine | 精细细节；支付罚款
define	kin	confine	confine	v. 限制；关押	confine | v. 限制；关押 | confine animals / confine debate | 圈养动物；限制讨论
define	kin	final	final	adj. 最后的	final | adj. 最后的 | final decision / final exam | 最终决定；期末考试
recycle	family	recycling	recycling	n. 回收利用	recycling | n. 回收利用 | household recycling | 家庭回收
recycle	family	recycled	recycled	adj. 回收的	recycled | adj. 回收的 | recycled materials | 回收材料
recycle	family	recyclable	recyclable	adj. 可回收的	recyclable | adj. 可回收的 | recyclable packaging | 可回收包装
recycle	kin	cycle	cycle	n./v. 循环；骑车	cycle | n./v. 循环；骑车 | life cycle / cycle to work | 生命周期；骑车上班
recycle	kin	bicycle	bicycle	n. 自行车	bicycle | n. 自行车 | electric bicycle / bicycle lane | 电动自行车；自行车道
recycle	kin	cyclic	cyclic	adj. 周期性的	cyclic | adj. 周期性的 | cyclic pattern / cyclic process | 周期模式；循环过程
resource	family	resourceful	resourceful	adj. 足智多谋的	resourceful | adj. 足智多谋的 | resourceful teacher | 机智教师
resource	family	resourcing	resourcing	n. 资源配置	resourcing | n. 资源配置 | school resourcing | 学校资源配置
resource	family	under-resourced	under-resourced	adj. 资源不足的	under-resourced | adj. 资源不足的 | under-resourced school | 资源不足学校
resource	kin	source	source	n. 来源；资源	source | n. 来源；资源 | energy source / primary source | 能源来源；一手来源
resource	kin	recourse	recourse	n. 求助；依靠	recourse | n. 求助；依靠 | legal recourse / recourse to violence | 法律救济；诉诸暴力
resource	kin	course	course	n. 课程；过程	course | n. 课程；过程 | online course / course of action | 在线课程；行动路线
character	family	characteristic	characteristic	n. 特征	characteristic | n. 特征 | key characteristic | 关键特征
character	family	characterize	characterize	v. 描述特征	characterize | v. 描述特征 | characterize society | 描述社会特征
character	family	characterized	characterized	adj. 以……为特征的	characterized | adj. 以……为特征的 | characterized pattern | 特征化模式
character	kin	charisma	charisma	n. 魅力	charisma | n. 魅力 | political charisma / personal charisma | 政治魅力；个人魅力
character	kin	characteristic	characteristic	n./adj. 特征；典型的	characteristic | n./adj. 特征；典型的 | key characteristic / characteristic behaviour | 关键特征；典型行为
character	kin	caricature	caricature	n./v. 漫画；夸张表现	caricature | n./v. 漫画；夸张表现 | political caricature / caricature an opponent | 政治漫画；丑化对手
fashion	family	fashionable	fashionable	adj. 时尚的	fashionable | adj. 时尚的 | fashionable lifestyle | 时尚生活方式
fashion	family	unfashionable	unfashionable	adj. 不时髦的	unfashionable | adj. 不时髦的 | unfashionable idea | 过时观念
fashion	family	fashionably	fashionably	adv. 时髦地	fashionably | adv. 时髦地 | dress fashionably | 穿得时髦
fashion	kin	fasten	fasten	v. 系牢；固定	fasten | v. 系牢；固定 | fasten a seatbelt / fasten the door | 系安全带；固定门
fashion	kin	fascia	fascia	n. 筋膜；饰面	fascia | n. 筋膜；饰面 | muscle fascia / building fascia | 肌肉筋膜；建筑饰面
fashion	kin	faction	faction	n. 派系	faction | n. 派系 | political faction / factional conflict | 政治派系；派系冲突
market	family	marketing	marketing	n. 营销	marketing | n. 营销 | digital marketing | 数字营销
market	family	marketer	marketer	n. 营销人员	marketer | n. 营销人员 | online marketer | 线上营销者
market	family	marketable	marketable	adj. 有市场的	marketable | adj. 有市场的 | marketable skill | 有市场技能
market	kin	merchant	merchant	n. 商人	merchant | n. 商人 | local merchant / merchant ship | 本地商人；商船
market	kin	merchandise	merchandise	n. 商品	merchandise | n. 商品 | retail merchandise / branded merchandise | 零售商品；品牌商品
market	kin	supermarket	supermarket	n. 超市	supermarket | n. 超市 | supermarket chain / supermarket shelf | 连锁超市；超市货架
fulfill	family	fulfillment	fulfillment	n. 实现；满足感	fulfillment | n. 实现；满足感 | personal fulfillment | 个人成就感
fulfill	family	fulfilled	fulfilled	adj. 被满足的	fulfilled | adj. 被满足的 | fulfilled promise | 已兑现承诺
fulfill	family	fulfilling	fulfilling	adj. 有成就感的	fulfilling | adj. 有成就感的 | fulfilling career | 有成就感的职业
fulfill	kin	full	full	adj. 满的；完整的	full | adj. 满的；完整的 | full responsibility / full capacity | 全部责任；满负荷
fulfill	kin	fill	fill	v. 填满	fill | v. 填满 | fill a gap / fill a form | 填补空白；填写表格
fulfill	kin	refill	refill	v./n. 再装满；补充装	refill | v./n. 再装满；补充装 | refill a bottle / ink refill | 重新装满瓶子；墨水替换芯
illustrate	family	illustration	illustration	n. 插图；说明	illustration | n. 插图；说明 | clear illustration | 清楚说明
illustrate	family	illustrative	illustrative	adj. 说明性的	illustrative | adj. 说明性的 | illustrative example | 说明性例子
illustrate	family	illustrated	illustrated	adj. 有插图的	illustrated | adj. 有插图的 | illustrated book | 插图书
illustrate	kin	luster	luster	n. 光泽	luster | n. 光泽 | metallic luster / skin luster | 金属光泽；皮肤光泽
illustrate	kin	illustration	illustration	n. 插图；说明	illustration | n. 插图；说明 | book illustration / clear illustration | 书籍插图；清楚说明
illustrate	kin	lustrous	lustrous	adj. 有光泽的	lustrous | adj. 有光泽的 | lustrous hair / lustrous surface | 有光泽的头发；光亮表面
transport	family	transport	transport	v. 运输	transport | v. 运输 | transport goods | 运输货物
transport	family	transportation	transportation	n. 交通运输	transportation | n. 交通运输 | public transportation | 公共交通
transport	family	transportable	transportable	adj. 可运输的	transportable | adj. 可运输的 | transportable equipment | 可运输设备
transport	kin	port	port	n. 港口；接口	port | n. 港口；接口 | seaport / USB port | 海港；USB接口
transport	kin	portable	portable	adj. 便携的	portable | adj. 便携的 | portable device / portable charger | 便携设备；便携充电器
transport	kin	support	support	v./n. 支持	support | v./n. 支持 | support families / public support | 支持家庭；公众支持
supply	family	supply	supply	v. 供应	supply | v. 供应 | supply food | 供应食物
supply	family	supplier	supplier	n. 供应商	supplier | n. 供应商 | local supplier | 本地供应商
supply	family	supplied	supplied	adj. 被供应的	supplied | adj. 被供应的 | supplied material | 已供应材料
supply	kin	ply	ply	v. 定期往返；使用	ply | v. 定期往返；使用 | ply a route / ply a trade | 定期往返路线；从事行业
supply	kin	apply	apply	v. 应用；申请	apply | v. 应用；申请 | apply theory / apply for aid | 应用理论；申请援助
supply	kin	reply	reply	v./n. 回复	reply | v./n. 回复 | reply to criticism / quick reply | 回应批评；快速回复
gender	family	gendered	gendered	adj. 性别化的	gendered | adj. 性别化的 | gendered expectation | 性别化期待
gender	family	genderless	genderless	adj. 无性别的	genderless | adj. 无性别的 | genderless design | 无性别设计
gender	kin	gene	gene	n. 基因	gene | n. 基因 | gene expression / gene pool | 基因表达；基因库
gender	kin	generate	generate	v. 产生	generate | v. 产生 | generate income / generate evidence | 产生收入；产生证据
gender	kin	genuine	genuine	adj. 真正的	genuine | adj. 真正的 | genuine concern / genuine evidence | 真诚关切；真实证据
healthcare	family	health	health	n. 健康	health | n. 健康 | public health | 公共健康
healthcare	family	healthy	healthy	adj. 健康的	healthy | adj. 健康的 | healthy lifestyle | 健康生活方式
healthcare	family	unhealthy	unhealthy	adj. 不健康的	unhealthy | adj. 不健康的 | unhealthy diet | 不健康饮食
healthcare	kin	health	health	n. 健康	health | n. 健康 | public health / health policy | 公共健康；健康政策
healthcare	kin	care	care	n./v. 照护；关心	care | n./v. 照护；关心 | elderly care / care for patients | 养老照护；照顾病人
healthcare	kin	caregiver	caregiver	n. 照护者	caregiver | n. 照护者 | family caregiver / professional caregiver | 家庭照护者；专业护理员
packaging	family	package	package	n. 包裹；方案	package | n. 包裹；方案 | policy package | 政策组合
packaging	family	packaged	packaged	adj. 包装好的	packaged | adj. 包装好的 | packaged food | 包装食品
packaging	family	repackage	repackage	v. 重新包装	repackage | v. 重新包装 | repackage products | 重新包装产品
packaging	kin	pack	pack	v./n. 打包；一包	pack | v./n. 打包；一包 | pack goods / a pack of cards | 包装商品；一副牌
packaging	kin	package	package	n./v. 包裹；包装	package | n./v. 包裹；包装 | software package / package information | 软件包；包装信息
packaging	kin	packet	packet	n. 小包；数据包	packet | n. 小包；数据包 | data packet / packet of seeds | 数据包；一小包种子
poverty	family	poor	poor	adj. 贫穷的	poor | adj. 贫穷的 | poor family | 贫困家庭
poverty	family	impoverished	impoverished	adj. 贫困的	impoverished | adj. 贫困的 | impoverished community | 贫困社区
poverty	kin	poor	poor	adj. 贫穷的；差的	poor | adj. 贫穷的；差的 | poor families / poor evidence | 贫困家庭；薄弱证据
poverty	kin	property	property	n. 财产；性质	property | n. 财产；性质 | private property / chemical property | 私有财产；化学性质
poverty	kin	proportion	proportion	n. 比例	proportion | n. 比例 | large proportion / proportion of income | 大比例；收入比例
introduce	family	introduction	introduction	n. 引入；介绍	introduction | n. 引入；介绍 | policy introduction | 政策引入
introduce	family	introduced	introduced	adj. 被引入的	introduced | adj. 被引入的 | introduced rule | 被引入规则
introduce	family	introductory	introductory	adj. 入门的	introductory | adj. 入门的 | introductory course | 入门课程
introduce	kin	produce	produce	v./n. 生产；农产品	produce | v./n. 生产；农产品 | produce evidence / fresh produce | 提出证据；新鲜农产品
introduce	kin	reduce	reduce	v. 减少	reduce | v. 减少 | reduce emissions / reduce stress | 减少排放；减轻压力
introduce	kin	duct	duct	n. 管道	duct | n. 管道 | air duct / tear duct | 通风管道；泪管
recycling	family	recycle	recycle	v. 回收利用	recycle | v. 回收利用 | recycle waste | 回收废物
recycling	family	recycled	recycled	adj. 回收的	recycled | adj. 回收的 | recycled paper | 再生纸
recycling	family	recyclable	recyclable	adj. 可回收的	recyclable | adj. 可回收的 | recyclable bottle | 可回收瓶子
recycling	kin	cycle	cycle	n./v. 循环；骑车	cycle | n./v. 循环；骑车 | water cycle / cycle through stages | 水循环；经历各阶段循环
recycling	kin	bicycle	bicycle	n. 自行车	bicycle | n. 自行车 | shared bicycle / bicycle parking | 共享单车；自行车停车
recycling	kin	recyclable	recyclable	adj. 可回收的	recyclable | adj. 可回收的 | recyclable material / recyclable packaging | 可回收材料；可回收包装
amateur	family	amateurish	amateurish	adj. 业余的；不专业的	amateurish | adj. 业余的；不专业的 | amateurish design | 业余设计
amateur	family	amateurism	amateurism	n. 业余精神	amateurism | n. 业余精神 | sports amateurism | 体育业余精神
amateur	family	amateur	amateur	adj. 业余的	amateur | adj. 业余的 | amateur athlete | 业余运动员
amateur	kin	mature	mature	adj./v. 成熟的；成熟	mature | adj./v. 成熟的；成熟 | mature market / mature emotionally | 成熟市场；情感成熟
amateur	kin	immature	immature	adj. 不成熟的	immature | adj. 不成熟的 | immature technology / immature behaviour | 不成熟技术；幼稚行为
amateur	kin	maternal	maternal	adj. 母亲的；母系的	maternal | adj. 母亲的；母系的 | maternal care / maternal health | 母亲照护；孕产妇健康
contribute	family	contribution	contribution	n. 贡献	contribution | n. 贡献 | social contribution | 社会贡献
contribute	family	contributor	contributor	n. 贡献者；因素	contributor | n. 贡献者；因素 | major contributor | 主要因素
contribute	family	contributory	contributory	adj. 促成的	contributory | adj. 促成的 | contributory factor | 促成因素
contribute	kin	tribute	tribute	n. 致敬；贡品	tribute | n. 致敬；贡品 | pay tribute to workers / annual tribute | 向劳动者致敬；年度贡赋
contribute	kin	distribute	distribute	v. 分配；分发	distribute | v. 分配；分发 | distribute resources / distribute leaflets | 分配资源；分发传单
contribute	kin	attribute	attribute	v./n. 归因；属性	attribute | v./n. 归因；属性 | attribute success to effort / key attribute | 把成功归因于努力；关键属性
status	family	statutory	statutory	adj. 法定的	statutory | adj. 法定的 | statutory status | 法定地位
status	family	statusless	statusless	adj. 无身份的	statusless | adj. 无身份的 | statusless worker | 无身份工人
status	kin	statue	statue	n. 雕像	statue | n. 雕像 | bronze statue / public statue | 青铜雕像；公共雕像
status	kin	institute	institute	n./v. 机构；建立	institute | n./v. 机构；建立 | research institute / institute reforms | 研究机构；建立改革措施
status	kin	constitute	constitute	v. 构成	constitute | v. 构成 | constitute a threat / constitute evidence | 构成威胁；构成证据
identify	family	identity	identity	n. 身份；认同	identity | n. 身份；认同 | cultural identity | 文化认同
identify	family	identification	identification	n. 识别；身份证明	identification | n. 识别；身份证明 | identity identification | 身份识别
identify	family	identified	identified	adj. 被识别的	identified | adj. 被识别的 | identified risk | 已识别风险
identify	kin	identity	identity	n. 身份；同一性	identity | n. 身份；同一性 | national identity / identity crisis | 国家身份；身份危机
identify	kin	identical	identical	adj. 完全相同的	identical | adj. 完全相同的 | identical twins / identical results | 同卵双胞胎；相同结果
identify	kin	idea	idea	n. 想法	idea | n. 想法 | central idea / business idea | 中心思想；商业想法
infrastructure	family	infrastructural	infrastructural	adj. 基础设施的	infrastructural | adj. 基础设施的 | infrastructural investment | 基础设施投资
infrastructure	family	infrastructurally	infrastructurally	adv. 从基础设施上	infrastructurally | adv. 从基础设施上 | infrastructurally weak | 基础设施薄弱
infrastructure	kin	structure	structure	n. 结构	structure | n. 结构 | social structure / sentence structure | 社会结构；句子结构
infrastructure	kin	construct	construct	v. 建构；建造	construct | v. 建构；建造 | construct a theory / construct roads | 建构理论；修路
infrastructure	kin	instruct	instruct	v. 指导；命令	instruct | v. 指导；命令 | instruct students / instruct officials | 指导学生；命令官员
merit	family	merit	merit	v. 值得	merit | v. 值得 | merit attention | 值得注意
merit	family	meritorious	meritorious	adj. 有功绩的	meritorious | adj. 有功绩的 | meritorious service | 有功服务
merit	kin	meritocracy	meritocracy	n. 精英制；能者统治	meritocracy | n. 精英制；能者统治 | education meritocracy / social meritocracy | 教育绩效制；社会精英制
merit	kin	meritorious	meritorious	adj. 有功绩的	meritorious | adj. 有功绩的 | meritorious service / meritorious achievement | 有功服务；杰出成就
merit	kin	mirror	mirror	n./v. 镜子；反映	mirror | n./v. 镜子；反映 | mirror image / mirror social change | 镜像；反映社会变化
advance	family	advancement	advancement	n. 进步；推进	advancement | n. 进步；推进 | technological advancement | 技术进步
advance	family	advanced	advanced	adj. 先进的	advanced | adj. 先进的 | advanced technology | 先进技术
advance	family	advancing	advancing	adj. 推进中的	advancing | adj. 推进中的 | advancing reform | 推进中的改革
advance	kin	advantage	advantage	n. 优势	advantage | n. 优势 | competitive advantage / educational advantage | 竞争优势；教育优势
advance	kin	vanguard	vanguard	n. 先锋	vanguard | n. 先锋 | artistic vanguard / political vanguard | 艺术先锋；政治先锋
advance	kin	van	van	n. 厢式货车	van | n. 厢式货车 | delivery van / electric van | 送货车；电动厢式车
assume	family	assumption	assumption	n. 假设	assumption | n. 假设 | false assumption | 错误假设
assume	family	assumed	assumed	adj. 假定的	assumed | adj. 假定的 | assumed cause | 假定原因
assume	family	assuming	assuming	conj. 假设	assuming | conj. 假设 | assuming evidence | 假设有证据
assume	kin	consume	consume	v. 消耗；消费	consume | v. 消耗；消费 | consume resources / consume digital content | 消耗资源；消费数字内容
assume	kin	resume	resume	v./n. 恢复；简历	resume | v./n. 恢复；简历 | resume normal operations / submit a resume | 恢复正常运营；提交简历
assume	kin	presume	presume	v. 假定；推定	presume | v. 假定；推定 | presume innocence / presume a causal link | 推定无罪；假定因果联系
attend	family	attendance	attendance	n. 出席；到场	attendance | n. 出席；到场 | school attendance | 出勤率
attend	family	attendant	attendant	n. 服务员；随从	attendant | n. 服务员；随从 | flight attendant | 空乘人员
attend	family	attentive	attentive	adj. 专注的；体贴的	attentive | adj. 专注的；体贴的 | attentive teacher | 专注体贴的教师
attend	kin	extend	extend	v. 延伸；扩大	extend | v. 延伸；扩大 | extend working hours / extend public services | 延长工作时间；扩大公共服务
attend	kin	intend	intend	v. 打算	intend | v. 打算 | intend to reform / intend no harm | 打算改革；无意造成伤害
attend	kin	tendency	tendency	n. 倾向	tendency | n. 倾向 | a tendency to delay / market tendency | 拖延倾向；市场趋势
barrier	family	bar	bar	v. 阻止	bar | v. 阻止 | bar access | 阻止进入
barrier	family	barred	barred	adj. 被阻止的	barred | adj. 被阻止的 | barred entry | 被阻止进入
barrier	family	barriered	barriered	adj. 有障碍的；被阻隔的	barriered | adj. 有障碍的；被阻隔的 | barriered access | 受阻通道
barrier	kin	bar	bar	n./v. 障碍；阻止	bar | n./v. 障碍；阻止 | bar access / iron bar | 阻止进入；铁条
barrier	kin	barricade	barricade	n./v. 路障；设路障	barricade | n./v. 路障；设路障 | street barricade / barricade the entrance | 街道路障；封锁入口
barrier	kin	embargo	embargo	n./v. 禁运	embargo | n./v. 禁运 | trade embargo / embargo oil exports | 贸易禁运；禁运石油出口
broaden	family	broad	broad	adj. 广泛的	broad | adj. 广泛的 | broad support | 广泛支持
broaden	family	breadth	breadth	n. 广度	breadth | n. 广度 | breadth of knowledge | 知识广度
broaden	family	broadly	broadly	adv. 广泛地	broadly | adv. 广泛地 | broadly accept | 广泛接受
broaden	kin	broad	broad	adj. 广泛的	broad | adj. 广泛的 | broad support / broad category | 广泛支持；大类
broaden	kin	abroad	abroad	adv. 在国外	abroad | adv. 在国外 | work abroad / send products abroad | 在国外工作；把产品销往国外
broaden	kin	broadcast	broadcast	v./n. 广播；传播	broadcast | v./n. 广播；传播 | broadcast information / live broadcast | 传播信息；现场直播
compulsory	family	compel	compel	v. 强迫	compel | v. 强迫 | compel attendance | 强制出席
compulsory	family	compulsion	compulsion	n. 强迫；冲动	compulsion | n. 强迫；冲动 | legal compulsion | 法律强制
compulsory	family	compulsorily	compulsorily	adv. 强制地	compulsorily | adv. 强制地 | attend compulsorily | 强制参加
compulsory	kin	pulse	pulse	n. 脉搏；节奏	pulse | n. 脉搏；节奏 | pulse wave / cultural pulse | 脉搏波；文化脉搏
compulsory	kin	impulse	impulse	n. 冲动；脉冲	impulse | n. 冲动；脉冲 | buying impulse / electrical impulse | 购买冲动；电脉冲
compulsory	kin	repulsive	repulsive	adj. 令人反感的；排斥的	repulsive | adj. 令人反感的；排斥的 | repulsive smell / repulsive force | 令人反感的气味；斥力
demand	family	demand	demand	v. 要求；需要	demand | v. 要求；需要 | demand reform | 要求改革
demand	family	demanding	demanding	adj. 要求高的	demanding | adj. 要求高的 | demanding job | 高要求工作
demand	kin	mandate	mandate	n./v. 授权；命令	mandate | n./v. 授权；命令 | legal mandate / mandate vaccination | 法律授权；强制接种
demand	kin	command	command	n./v. 命令；掌握	command | n./v. 命令；掌握 | command attention / command troops | 吸引注意；指挥军队
demand	kin	remand	remand	v./n. 还押；发回	remand | v./n. 还押；发回 | remand a suspect / remand a case | 还押嫌疑人；发回案件
reuse	family	reuse	reuse	n. 再利用	reuse | n. 再利用 | material reuse | 材料再利用
reuse	family	reusable	reusable	adj. 可重复使用的	reusable | adj. 可重复使用的 | reusable bag | 可重复使用袋子
reuse	family	reused	reused	adj. 被再利用的	reused | adj. 被再利用的 | reused material | 再利用材料
reuse	kin	use	use	v./n. 使用；用途	use | v./n. 使用；用途 | use resources / practical use | 使用资源；实际用途
reuse	kin	usage	usage	n. 使用；用法	usage | n. 使用；用法 | energy usage / word usage | 能源使用量；词语用法
reuse	kin	misuse	misuse	v./n. 滥用	misuse | v./n. 滥用 | misuse data / misuse public funds | 滥用数据；滥用公共资金
well-being	family	well	well	adv. 良好地	well | adv. 良好地 | live well | 生活得好
well-being	family	wellness	wellness	n. 健康状态	wellness | n. 健康状态 | workplace wellness | 职场健康
well-being	kin	being	being	n. 存在；生物	being | n. 存在；生物 | human being / state of being | 人类；存在状态
well-being	kin	wellness	wellness	n. 健康；身心健康	wellness | n. 健康；身心健康 | wellness program / workplace wellness | 健康计划；职场健康
well-being	kin	welfare	welfare	n. 福利	welfare | n. 福利 | social welfare / child welfare | 社会福利；儿童福利
abide	family	abiding	abiding	adj. 持久的；遵守的	abiding | adj. 持久的；遵守的 | abiding respect | 持久尊重
abide	family	abidance	abidance	n. 遵守	abidance | n. 遵守 | law abidance | 遵纪守法
abide	family	abided	abided	adj. 已遵守的	abided | adj. 已遵守的 | abided rule | 已遵守规则
abide	kin	bide	bide	v. 等待；忍耐	bide | v. 等待；忍耐 | bide one's time / bide in silence | 等待时机；默默忍耐
abide	kin	abode	abode	n. 住所	abode | n. 住所 | humble abode / place of abode | 寒舍；居住地
abide	kin	bid	bid	v./n. 出价；努力争取	bid | v./n. 出价；努力争取 | bid for a contract / bid to reduce emissions | 竞标合同；努力减少排放
absolute	family	absolutely	absolutely	adv. 绝对地	absolutely | adv. 绝对地 | absolutely necessary | 绝对必要
absolute	family	absoluteness	absoluteness	n. 绝对性	absoluteness | n. 绝对性 | absoluteness of power | 权力绝对性
absolute	family	absolutism	absolutism	n. 绝对主义	absolutism | n. 绝对主义 | political absolutism | 政治绝对主义
absolute	kin	resolve	resolve	v. 解决；决心	resolve | v. 解决；决心 | resolve a dispute / resolve to improve | 解决争端；决心改进
absolute	kin	dissolve	dissolve	v. 溶解；解散	dissolve | v. 溶解；解散 | dissolve salt in water / dissolve parliament | 把盐溶于水；解散议会
absolute	kin	soluble	soluble	adj. 可溶的；可解决的	soluble | adj. 可溶的；可解决的 | water-soluble vitamin / soluble problem | 水溶性维生素；可解决的问题
abstract	family	abstraction	abstraction	n. 抽象概念	abstraction | n. 抽象概念 | legal abstraction | 法律抽象概念
abstract	family	abstractly	abstractly	adv. 抽象地	abstractly | adv. 抽象地 | discuss abstractly | 抽象讨论
abstract	family	abstracted	abstracted	adj. 被抽离的	abstracted | adj. 被抽离的 | abstracted idea | 被抽象化的想法
abstract	kin	tract	tract	n. 地带；大片土地	tract | n. 地带；大片土地 | a vast tract of land / a forest tract | 大片土地；一片森林地带
abstract	kin	extract	extract	v./n. 提取；摘录	extract | v./n. 提取；摘录 | extract useful data / a short extract from a report | 提取有用数据；报告摘录
abstract	kin	contract	contract	v./n. 收缩；合同	contract | v./n. 收缩；合同 | contract a disease / sign a contract | 感染疾病；签合同
absurd	family	absurdity	absurdity	n. 荒谬	absurdity | n. 荒谬 | policy absurdity | 政策荒谬
absurd	family	absurdly	absurdly	adv. 荒谬地	absurdly | adv. 荒谬地 | absurdly expensive | 贵得荒谬
absurd	family	absurdness	absurdness	n. 荒谬性	absurdness | n. 荒谬性 | absurdness of rule | 规则荒谬性
absurd	kin	surreal	surreal	adj. 超现实的	surreal | adj. 超现实的 | surreal experience / surreal landscape | 超现实体验；超现实景观
absurd	kin	sound	sound	n./adj. 声音；合理的	sound | n./adj. 声音；合理的 | sound argument / sound waves | 合理论证；声波
absurd	kin	resonance	resonance	n. 共鸣；谐振	resonance | n. 共鸣；谐振 | emotional resonance / magnetic resonance | 情感共鸣；磁共振
abuse	family	abuse	abuse	v. 滥用；虐待	abuse | v. 滥用；虐待 | abuse power | 滥用权力
abuse	family	abusive	abusive	adj. 虐待的；辱骂的	abusive | adj. 虐待的；辱骂的 | abusive behaviour | 虐待行为
abuse	family	abuser	abuser	n. 施虐者；滥用者	abuser | n. 施虐者；滥用者 | power abuser | 权力滥用者
abuse	kin	use	use	v./n. 使用；用途	use | v./n. 使用；用途 | use resources wisely / practical use | 明智使用资源；实际用途
abuse	kin	misuse	misuse	v./n. 滥用	misuse | v./n. 滥用 | misuse public funds / data misuse | 滥用公共资金；数据滥用
abuse	kin	usage	usage	n. 使用；用法	usage | n. 使用；用法 | energy usage / word usage | 能源使用量；词语用法
apt	family	aptly	aptly	adv. 恰当地	aptly | adv. 恰当地 | aptly describe | 恰当描述
apt	family	aptness	aptness	n. 恰当性	aptness | n. 恰当性 | aptness of example | 例子恰当性
apt	family	inapt	inapt	adj. 不恰当的	inapt | adj. 不恰当的 | inapt comparison | 不恰当比较
apt	kin	adapt	adapt	v. 适应；改编	adapt | v. 适应；改编 | adapt to change / adapt a novel | 适应变化；改编小说
apt	kin	adopt	adopt	v. 采纳；收养	adopt | v. 采纳；收养 | adopt a policy / adopt a child | 采纳政策；收养儿童
apt	kin	adept	adept	adj. 熟练的	adept | adj. 熟练的 | adept at learning / adept manager | 擅长学习；熟练管理者
arouse	family	arousal	arousal	n. 唤起；激发	arousal | n. 唤起；激发 | emotional arousal | 情绪唤起
arouse	family	aroused	aroused	adj. 被激起的	aroused | adj. 被激起的 | aroused anger | 被激起的愤怒
arouse	family	rousing	rousing	adj. 激动人心的	rousing | adj. 激动人心的 | rousing speech | 激动人心的演讲
arouse	kin	rise	rise	v./n. 上升；上涨	rise | v./n. 上升；上涨 | rise in demand / rise from poverty | 需求上升；摆脱贫困
arouse	kin	rouse	rouse	v. 唤醒；激起	rouse | v. 唤醒；激起 | rouse public anger / rouse someone from sleep | 激起公众愤怒；把某人叫醒
arouse	kin	raise	raise	v. 提高；引发	raise | v. 提高；引发 | raise doubts / raise wages | 引发怀疑；提高工资
certify	family	certificate	certificate	n. 证书	certificate | n. 证书 | birth certificate | 出生证明
certify	family	certified	certified	adj. 认证的	certified | adj. 认证的 | certified teacher | 认证教师
certify	family	certification	certification	n. 认证	certification | n. 认证 | professional certification | 专业认证
certify	kin	certificate	certificate	n. 证书	certificate | n. 证书 | birth certificate / professional certificate | 出生证明；职业证书
certify	kin	certain	certain	adj. 确定的；某些	certain | adj. 确定的；某些 | certain evidence / certain groups | 确定证据；某些群体
certify	kin	ascertain	ascertain	v. 查明	ascertain | v. 查明 | ascertain the facts / ascertain the cause | 查明事实；查明原因
corrode	family	corrosion	corrosion	n. 腐蚀	corrosion | n. 腐蚀 | metal corrosion | 金属腐蚀
corrode	family	corrosive	corrosive	adj. 腐蚀性的	corrosive | adj. 腐蚀性的 | corrosive chemical | 腐蚀性化学品
corrode	family	corroded	corroded	adj. 被腐蚀的	corroded | adj. 被腐蚀的 | corroded pipe | 被腐蚀管道
corrode	kin	erode	erode	v. 侵蚀；削弱	erode | v. 侵蚀；削弱 | erode trust / erode soil | 削弱信任；侵蚀土壤
corrode	kin	corrosion	corrosion	n. 腐蚀	corrosion | n. 腐蚀 | metal corrosion / corrosion resistance | 金属腐蚀；耐腐蚀性
corrode	kin	rodent	rodent	n. 啮齿动物	rodent | n. 啮齿动物 | urban rodent / rodent control | 城市啮齿动物；鼠害控制
deform	family	deformation	deformation	n. 变形；扭曲	deformation | n. 变形；扭曲 | social deformation | 社会扭曲
deform	family	deformed	deformed	adj. 变形的	deformed | adj. 变形的 | deformed structure | 变形结构
deform	family	deformity	deformity	n. 畸形；变形	deformity | n. 畸形；变形 | physical deformity | 身体畸形
deform	kin	form	form	n./v. 形式；形成	form | n./v. 形式；形成 | social form / form a habit | 社会形式；形成习惯
deform	kin	reform	reform	n./v. 改革	reform | n./v. 改革 | legal reform / reform education | 法律改革；改革教育
deform	kin	transform	transform	v. 转变	transform | v. 转变 | transform cities / transform learning | 改变城市；改变学习
depress	family	depression	depression	n. 抑郁；萧条	depression | n. 抑郁；萧条 | economic depression | 经济萧条
depress	family	depressed	depressed	adj. 沮丧的；萧条的	depressed | adj. 沮丧的；萧条的 | depressed area | 萧条地区
depress	family	depressing	depressing	adj. 令人沮丧的	depressing | adj. 令人沮丧的 | depressing news | 令人沮丧消息
depress	kin	press	press	v./n. 按压；媒体	press | v./n. 按压；媒体 | press a button / free press | 按按钮；自由媒体
depress	kin	pressure	pressure	n. 压力	pressure | n. 压力 | social pressure / water pressure | 社会压力；水压
depress	kin	impression	impression	n. 印象；压痕	impression | n. 印象；压痕 | first impression / deep impression | 第一印象；深刻印象
detect	family	detection	detection	n. 发现；检测	detection | n. 发现；检测 | early detection | 早期检测
detect	family	detectable	detectable	adj. 可检测的	detectable | adj. 可检测的 | detectable change | 可检测变化
detect	family	detector	detector	n. 探测器	detector | n. 探测器 | smoke detector | 烟雾探测器
detect	kin	tectonic	tectonic	adj. 构造的	tectonic | adj. 构造的 | tectonic plate / tectonic shift | 构造板块；结构性变化
detect	kin	technology	technology	n. 技术	technology | n. 技术 | digital technology / medical technology | 数字技术；医疗技术
detect	kin	architect	architect	n. 建筑师；设计者	architect | n. 建筑师；设计者 | chief architect / architect of reform | 总建筑师；改革设计者
fade	family	faded	faded	adj. 褪色的；衰退的	faded | adj. 褪色的；衰退的 | faded tradition | 衰退传统
fade	family	fading	fading	adj. 逐渐消失的	fading | adj. 逐渐消失的 | fading trust | 逐渐消失的信任
fade	kin	faint	faint	adj./v. 微弱的；昏倒	faint | adj./v. 微弱的；昏倒 | faint signal / faint from heat | 微弱信号；中暑昏倒
fade	kin	shade	shade	n./v. 阴影；遮蔽	shade | n./v. 阴影；遮蔽 | tree shade / shade the eyes | 树荫；遮住眼睛
fade	kin	gradient	gradient	n. 渐变；坡度	gradient | n. 渐变；坡度 | color gradient / steep gradient | 颜色渐变；陡坡
halt	family	halt	halt	n. 停止；暂停	halt | n. 停止；暂停 | sudden halt | 突然停止
halt	family	halted	halted	adj. 被停止的	halted | adj. 被停止的 | halted project | 被叫停项目
halt	family	halting	halting	adj. 迟疑的；断续的	halting | adj. 迟疑的；断续的 | halting progress | 断续进展
halt	kin	hold	hold	v. 持有；举行	hold | v. 持有；举行 | hold a meeting / hold power | 开会；掌权
halt	kin	health	health	n. 健康	health | n. 健康 | public health / mental health | 公共健康；心理健康
immerse	family	immersion	immersion	n. 沉浸	immersion | n. 沉浸 | language immersion | 语言沉浸
immerse	family	immersive	immersive	adj. 沉浸式的	immersive | adj. 沉浸式的 | immersive learning | 沉浸式学习
immerse	family	immersed	immersed	adj. 沉浸的	immersed | adj. 沉浸的 | immersed student | 沉浸其中的学生
immerse	kin	merge	merge	v. 合并；融入	merge | v. 合并；融入 | merge into traffic / merge companies | 汇入车流；合并公司
immerse	kin	submerge	submerge	v. 淹没；浸入	submerge | v. 淹没；浸入 | submerge samples / submerge coastal land | 浸入样本；淹没沿海土地
immerse	kin	immersion	immersion	n. 沉浸；浸泡	immersion | n. 沉浸；浸泡 | language immersion / water immersion | 语言沉浸；水浸
glacier	family	glacial	glacial	adj. 冰川的	glacial | adj. 冰川的 | glacial movement | 冰川运动
sediment	family	sedimentary	sedimentary	adj. 沉积的	sedimentary | adj. 沉积的 | sedimentary rock | 沉积岩
terrain	family	terrestrial	terrestrial	adj. 陆地的	terrestrial | adj. 陆地的 | terrestrial habitat | 陆地栖息地
erosion	family	erode	erode	v. 侵蚀	erode | v. 侵蚀 | erode soil | 侵蚀土壤
strata	family	stratum	stratum	n. 地层；阶层	stratum | n. 地层；阶层 | social stratum | 社会阶层
plateau	family	plateaued	plateaued	adj. 停滞的	plateaued | adj. 停滞的 | plateaued growth | 停滞增长
latitude	family	latitudinal	latitudinal	adj. 纬度的	latitudinal | adj. 纬度的 | latitudinal variation | 纬度变化
latitude	kin	lateral	lateral	adj. 侧面的；横向的	lateral | adj. 侧面的；横向的 | lateral movement / lateral thinking | 横向移动；横向思维
latitude	kin	altitude	altitude	n. 海拔；高度	altitude | n. 海拔；高度 | high altitude / altitude sickness | 高海拔；高原反应
latitude	kin	attitude	attitude	n. 态度	attitude | n. 态度 | public attitude / negative attitude | 公众态度；消极态度
longitude	family	longitudinal	longitudinal	adj. 纵向的	longitudinal | adj. 纵向的 | longitudinal line | 纵向线
longitude	kin	long	long	adj. 长的	long | adj. 长的 | long distance / long history | 长距离；悠久历史
longitude	kin	length	length	n. 长度；时长	length | n. 长度；时长 | sentence length / project length | 句子长度；项目时长
longitude	kin	altitude	altitude	n. 海拔；高度	altitude | n. 海拔；高度 | high altitude / altitude sickness | 高海拔；高原反应
eruption	family	erupt	erupt	v. 喷发	erupt | v. 喷发 | volcanoes erupt | 火山喷发
eruption	kin	erupt	erupt	v. 喷发；爆发	erupt | v. 喷发；爆发 | volcanoes erupt / protests erupt | 火山喷发；抗议爆发
eruption	kin	rupture	rupture	n./v. 破裂	rupture | n./v. 破裂 | social rupture / rupture a pipe | 社会断裂；弄破管道
eruption	kin	interrupt	interrupt	v. 打断	interrupt | v. 打断 | interrupt lessons / interrupt supply chains | 打断课程；中断供应链
topography	family	topographic	topographic	adj. 地形的	topographic | adj. 地形的 | topographic map | 地形图
topography	kin	top	top	n./adj. 顶部；最高的	top | n./adj. 顶部；最高的 | mountain top / top priority | 山顶；最高优先事项
topography	kin	graph	graph	n. 图表	graph | n. 图表 | topographic graph / line graph | 地形图表；折线图
topography	kin	typography	typography	n. 排版；字体设计	typography | n. 排版；字体设计 | web typography / typography design | 网页排版；字体设计
manuscript	family	script	script	n. 文字；剧本	script | n. 文字；剧本 | handwritten script | 手写文字
manuscript	kin	hand	hand	n. 手；人手	hand | n. 手；人手 | handwritten note / by hand | 手写便条；手工
manuscript	kin	manual	manual	adj./n. 手工的；手册	manual | adj./n. 手工的；手册 | manual work / user manual | 手工劳动；用户手册
manuscript	kin	manifest	manifest	v./adj. 显示；明显的	manifest | v./adj. 显示；明显的 | manifest symptoms / manifest injustice | 表现症状；明显不公
pigment	family	pigmentation	pigmentation	n. 色素沉着	pigmentation | n. 色素沉着 | skin pigmentation | 皮肤色素
facade	family	facadism	facadism	n. 保留建筑外墙的改造方式	facadism | n. 保留建筑外墙的改造方式 | urban facadism | 城市立面保留主义
cathedral	family	cathedralic	cathedralic	adj. 大教堂式的	cathedralic | adj. 大教堂式的 | cathedralic architecture | 大教堂式建筑
ornament	family	ornamental	ornamental	adj. 装饰性的	ornamental | adj. 装饰性的 | ornamental design | 装饰设计
symmetry	family	symmetric	symmetric	adj. 对称的	symmetric | adj. 对称的 | symmetric pattern | 对称图案
renaissance	family	Renaissance	renaissance	adj. 文艺复兴的	Renaissance | adj. 文艺复兴的 | Renaissance art | 文艺复兴艺术
portrait	family	portray	portray	v. 描绘	portray | v. 描绘 | portray identity | 描绘身份
portrait	kin	portray	portray	v. 描绘；刻画	portray | v. 描绘；刻画 | portray social reality / portray a character | 描绘社会现实；刻画人物
portrait	kin	trait	trait	n. 特征	trait | n. 特征 | personality trait / genetic trait | 人格特质；遗传特征
portrait	kin	trace	trace	n./v. 痕迹；追踪	trace | n./v. 痕迹；追踪 | trace evidence / trace a pattern | 追踪证据；追踪模式
sculpture	family	sculpt	sculpt	v. 雕刻	sculpt | v. 雕刻 | sculpt stone | 雕刻石头
aesthetic	family	aesthetics	aesthetics	n. 美学	aesthetics | n. 美学 | modern aesthetics | 现代美学
aesthetic	kin	anesthetic	anesthetic	n./adj. 麻醉剂；麻醉的	anesthetic | n./adj. 麻醉剂；麻醉的 | local anesthetic / anesthetic effect | 局部麻醉剂；麻醉效果
aesthetic	kin	anesthesia	anesthesia	n. 麻醉	anesthesia | n. 麻醉 | general anesthesia / anesthesia risk | 全身麻醉；麻醉风险
aesthetic	kin	esthetician	esthetician	n. 美容师	esthetician | n. 美容师 | licensed esthetician / skin-care esthetician | 持证美容师；护肤美容师
dialect	family	dialectal	dialectal	adj. 方言的	dialectal | adj. 方言的 | dialectal variation | 方言变化
acquisition	family	acquire	acquire	v. 获得	acquire | v. 获得 | acquire knowledge | 获得知识
curriculum	family	curricular	curricular	adj. 课程的	curricular | adj. 课程的 | curricular reform | 课程改革
pedagogy	family	pedagogical	pedagogical	adj. 教学法的	pedagogical | adj. 教学法的 | pedagogical approach | 教学方法
proficiency	family	proficient	proficient	adj. 熟练的	proficient | adj. 熟练的 | proficient speaker | 熟练说话者
proficiency	kin	profit	profit	n./v. 利润；获利	profit | n./v. 利润；获利 | corporate profit / profit from change | 企业利润；从变化中获利
proficiency	kin	efficient	efficient	adj. 高效的	efficient | adj. 高效的 | efficient learning / efficient transport | 高效学习；高效交通
proficiency	kin	sufficient	sufficient	adj. 足够的	sufficient | adj. 足够的 | sufficient evidence / sufficient funding | 足够证据；足够资金
cognitive	family	cognition	cognition	n. 认知	cognition | n. 认知 | human cognition | 人类认知
cognitive	kin	recognitive	recognitive	adj. 识别的	recognitive | adj. 识别的 | recognitive process / recognitive ability | 识别过程；识别能力
cognitive	kin	cognition	cognition	n. 认知	cognition | n. 认知 | human cognition / social cognition | 人类认知；社会认知
cognitive	kin	agnostic	agnostic	adj./n. 不可知论的；不可知论者	agnostic | adj./n. 不可知论的；不可知论者 | agnostic view / technology agnostic | 不可知论观点；技术无关的
syllabus	family	syllabic	syllabic	adj. 音节的	syllabic | adj. 音节的 | syllabic structure | 音节结构
etymology	family	etymological	etymological	adj. 词源的	etymological | adj. 词源的 | etymological origin | 词源起源
etymology	kin	atom	atom	n. 原子	atom | n. 原子 | hydrogen atom / atom structure | 氢原子；原子结构
etymology	kin	logic	logic	n. 逻辑	logic | n. 逻辑 | word logic / internal logic | 词义逻辑；内在逻辑
etymology	kin	mythology	mythology	n. 神话学；神话体系	mythology | n. 神话学；神话体系 | Greek mythology / national mythology | 希腊神话；民族神话
legislation	family	legislate	legislate	v. 立法	legislate | v. 立法 | legislate against pollution | 立法反污染
constitution	family	constitutional	constitutional	adj. 宪法的	constitutional | adj. 宪法的 | constitutional right | 宪法权利
judicial	family	judiciary	judiciary	n. 司法机构	judiciary | n. 司法机构 | independent judiciary | 独立司法机构
jurisdiction	family	jurisdictional	jurisdictional	adj. 管辖权的	jurisdictional | adj. 管辖权的 | jurisdictional dispute | 管辖权争议
democracy	family	democratic	democratic	adj. 民主的	democratic | adj. 民主的 | democratic system | 民主制度
democracy	kin	bureaucracy	bureaucracy	n. 官僚体系	bureaucracy | n. 官僚体系 | public bureaucracy / bureaucracy reform | 公共官僚体系；官僚改革
democracy	kin	meritocracy	meritocracy	n. 精英制	meritocracy | n. 精英制 | education meritocracy / social meritocracy | 教育绩效制；社会精英制
democracy	kin	aristocracy	aristocracy	n. 贵族阶层	aristocracy | n. 贵族阶层 | landed aristocracy / political aristocracy | 土地贵族；政治贵族
amendment	family	amend	amend	v. 修改	amend | v. 修改 | amend legislation | 修改法律
advocacy	family	advocate	advocate	v./n. 倡导/倡导者	advocate | v./n. 倡导/倡导者 | advocate reform | 倡导改革
sanction	family	sanction	sanction	v. 批准；制裁	sanction | v. 批准；制裁 | sanction trade | 制裁贸易
sovereignty	family	sovereign	sovereign	adj. 主权的	sovereign | adj. 主权的 | sovereign state | 主权国家
prohibit	family	prohibition	prohibition	n. 禁止	prohibition | n. 禁止 | legal prohibition | 法律禁止
celestial	family	celestially	celestially	adv. 天体地；天空地	celestially | adv. 天体地；天空地 | celestially aligned | 天体对齐地
orbit	family	orbital	orbital	adj. 轨道的	orbital | adj. 轨道的 | orbital path | 轨道路径
lunar	family	lunation	lunation	n. 朔望月；月相周期	lunation | n. 朔望月；月相周期 | lunation cycle | 月相周期
solar	family	solarium	solarium	n. 日光浴室；日光室	solarium | n. 日光浴室；日光室 | public solarium | 公共日光浴室
comet	family	cometary	cometary	adj. 彗星的	cometary | adj. 彗星的 | cometary dust | 彗星尘埃
meteor	family	meteorite	meteorite	n. 陨石	meteorite | n. 陨石 | meteorite impact | 陨石撞击
meteor	kin	meteorology	meteorology	n. 气象学	meteorology | n. 气象学 | modern meteorology / meteorology station | 现代气象学；气象站
meteor	kin	atmosphere	atmosphere	n. 大气；氛围	atmosphere | n. 大气；氛围 | Earth's atmosphere / academic atmosphere | 地球大气层；学术氛围
meteor	kin	weather	weather	n. 天气	weather | n. 天气 | weather forecast / extreme weather | 天气预报；极端天气
galaxy	family	galactic	galactic	adj. 星系的	galactic | adj. 星系的 | galactic centre | 星系中心
interstellar	family	stellar	stellar	adj. 恒星的	stellar | adj. 恒星的 | stellar evolution | 恒星演化
astronaut	family	astronautics	astronautics	n. 航天学	astronautics | n. 航天学 | astronautics research | 航天学研究
artifact	family	artifactual	artifactual	adj. 人工制品的	artifactual | adj. 人工制品的 | artifactual evidence | 文物证据
artifact	kin	factory	factory	n. 工厂	factory | n. 工厂 | textile factory / factory automation | 纺织工厂；工厂自动化
artifact	kin	factual	factual	adj. 事实的	factual | adj. 事实的 | factual accuracy / factual evidence | 事实准确性；事实证据
artifact	kin	manufacture	manufacture	v./n. 制造	manufacture | v./n. 制造 | manufacture goods / mass manufacture | 制造商品；大规模制造
ritual	family	ritualistic	ritualistic	adj. 仪式化的	ritualistic | adj. 仪式化的 | ritualistic practice | 仪式化实践
mythology	family	mythological	mythological	adj. 神话的	mythological | adj. 神话的 | mythological figure | 神话人物
mythology	kin	myth	myth	n. 神话；迷思	myth | n. 神话；迷思 | Greek myth / social myth | 希腊神话；社会迷思
mythology	kin	logic	logic	n. 逻辑	logic | n. 逻辑 | mythic logic / internal logic | 神话逻辑；内在逻辑
mythology	kin	etymology	etymology	n. 词源学	etymology | n. 词源学 | word etymology / folk etymology | 单词词源；民间词源
totem	family	totemic	totemic	adj. 图腾的	totemic | adj. 图腾的 | totemic symbol | 图腾符号
kinship	family	kin	kin	n. 亲属	kin | n. 亲属 | close kin | 近亲
tribe	family	tribal	tribal	adj. 部落的	tribal | adj. 部落的 | tribal identity | 部落身份
shaman	family	shamanic	shamanic	adj. 萨满的	shamanic | adj. 萨满的 | shamanic healing | 萨满治疗
folklore	family	folkloric	folkloric	adj. 民俗的	folkloric | adj. 民俗的 | folkloric tradition | 民俗传统
ethnography	family	ethnographic	ethnographic	adj. 民族志的	ethnographic | adj. 民族志的 | ethnographic study | 民族志研究
ethnography	kin	ethnic	ethnic	adj. 民族的	ethnic | adj. 民族的 | ethnic culture / ethnic conflict | 民族文化；民族冲突
ethnography	kin	graph	graph	n. 图表	graph | n. 图表 | line graph / population graph | 折线图；人口图表
ethnography	kin	geography	geography	n. 地理学	geography | n. 地理学 | human geography / economic geography | 人文地理学；经济地理学
molecule	family	molecular	molecular	adj. 分子的	molecular | adj. 分子的 | molecular structure | 分子结构
compound	family	compound	compound	adj. 复合的	compound | adj. 复合的 | compound structure | 复合结构
solvent	family	dissolve	dissolve	v. 溶解	dissolve | v. 溶解 | dissolve in solvent | 溶解于溶剂
solvent	kin	solve	solve	v. 解决	solve | v. 解决 | solve problems / solve equations | 解决问题；解方程
solvent	kin	dissolve	dissolve	v. 溶解；解散	dissolve | v. 溶解；解散 | dissolve salt / dissolve parliament | 溶解盐；解散议会
solvent	kin	solution	solution	n. 解决方案；溶液	solution | n. 解决方案；溶液 | practical solution / saline solution | 实际解决方案；盐水溶液
alkaline	family	alkali	alkali	n. 碱	alkali | n. 碱 | strong alkali | 强碱
crystalline	family	crystal	crystal	n. 晶体	crystal | n. 晶体 | quartz crystal | 石英晶体
polymer	family	polymeric	polymeric	adj. 聚合物的	polymeric | adj. 聚合物的 | polymeric material | 聚合材料
viscosity	family	viscous	viscous	adj. 黏稠的	viscous | adj. 黏稠的 | viscous liquid | 黏稠液体
viscosity	kin	viscous	viscous	adj. 黏稠的	viscous | adj. 黏稠的 | viscous liquid / viscous flow | 黏稠液体；黏性流动
viscosity	kin	viscoelastic	viscoelastic	adj. 黏弹性的	viscoelastic | adj. 黏弹性的 | viscoelastic material / viscoelastic behavior | 黏弹性材料；黏弹性行为
viscosity	kin	velocity	velocity	n. 速度	velocity | n. 速度 | fluid velocity / velocity of change | 流体速度；变化速度
oxidation	family	oxidize	oxidize	v. 氧化	oxidize | v. 氧化 | oxidize metal | 氧化金属
catalyst	family	catalytic	catalytic	adj. 催化的	catalytic | adj. 催化的 | catalytic reaction | 催化反应
algorithm	family	algorithmic	algorithmic	adj. 算法的	algorithmic | adj. 算法的 | algorithmic decision | 算法决策
variable	family	vary	vary	v. 变化	vary | v. 变化 | vary across samples | 随样本变化
theorem	family	theoretical	theoretical	adj. 理论的	theoretical | adj. 理论的 | theoretical proof | 理论证明
matrix	family	matricial	matricial	adj. 矩阵的	matricial | adj. 矩阵的 | matricial structure | 矩阵结构
binary	family	binarize	binarize	v. 二值化	binarize | v. 二值化 | binarize data | 二值化数据
encryption	family	encrypt	encrypt	v. 加密	encrypt | v. 加密 | encrypt messages | 加密信息
encryption	kin	crypt	crypt	n. 地窖；墓穴	crypt | n. 地窖；墓穴 | ancient crypt / church crypt | 古墓穴；教堂地下墓室
encryption	kin	encrypt	encrypt	v. 加密	encrypt | v. 加密 | encrypt messages / encrypt personal data | 加密信息；加密个人数据
encryption	kin	script	script	n. 文字；脚本	script | n. 文字；脚本 | ancient script / computer script | 古文字；计算机脚本
bandwidth	family	broadband	broadband	n. 宽带	broadband | n. 宽带 | broadband access | 宽带接入
interface	family	interfacing	interfacing	n. 接口连接	interfacing | n. 接口连接 | system interfacing | 系统接口连接
interface	kin	face	face	n./v. 脸；面对	face | n./v. 脸；面对 | user face / face pressure | 用户界面感；面对压力
interface	kin	surface	surface	n. 表面	surface | n. 表面 | surface temperature / surface meaning | 表面温度；表层意义
interface	kin	preface	preface	n./v. 前言；为……作序	preface | n./v. 前言；为……作序 | book preface / preface a speech | 书籍前言；为演讲作开场
simulation	family	simulate	simulate	v. 模拟	simulate | v. 模拟 | simulate behaviour | 模拟行为
recursion	family	recursive	recursive	adj. 递归的	recursive | adj. 递归的 | recursive rule | 递归规则
irrigation	family	irrigate	irrigate	v. 灌溉	irrigate | v. 灌溉 | irrigate fields | 灌溉田地
harvest	family	harvest	harvest	v. 收获	harvest | v. 收获 | harvest crops | 收割作物
fertilizer	family	fertilise	fertilise	v. 施肥；使受精	fertilise | v. 施肥；使受精 | fertilise crops | 给作物施肥
fertilizer	kin	fertile	fertile	adj. 肥沃的；富有创造力的	fertile | adj. 肥沃的；富有创造力的 | fertile land / fertile imagination | 肥沃土地；丰富想象力
fertilizer	kin	fertility	fertility	n. 肥力；生育力	fertility | n. 肥力；生育力 | soil fertility / female fertility | 土壤肥力；女性生育力
fertilizer	kin	fermentation	fermentation	n. 发酵	fermentation | n. 发酵 | industrial fermentation / fermentation tank | 工业发酵；发酵罐
botany	family	botanical	botanical	adj. 植物学的	botanical | adj. 植物学的 | botanical garden | 植物园
pesticide	family	pest	pest	n. 害虫	pest | n. 害虫 | crop pest | 作物害虫
pesticide	kin	pest	pest	n. 害虫；讨厌的人	pest | n. 害虫；讨厌的人 | crop pest / household pest | 作物害虫；家居害虫
pesticide	kin	herbicide	herbicide	n. 除草剂	herbicide | n. 除草剂 | chemical herbicide / herbicide resistance | 化学除草剂；除草剂抗性
pesticide	kin	insecticide	insecticide	n. 杀虫剂	insecticide | n. 杀虫剂 | insecticide use / insecticide residue | 杀虫剂使用；杀虫剂残留
vegetation	family	vegetative	vegetative	adj. 植物生长的	vegetative | adj. 植物生长的 | vegetative growth | 营养生长
photosynthesis	family	photosynthetic	photosynthetic	adj. 光合作用的	photosynthetic | adj. 光合作用的 | photosynthetic activity | 光合作用活动
cultivation	family	cultivate	cultivate	v. 栽培；培养	cultivate | v. 栽培；培养 | cultivate crops | 栽培作物
cultivation	kin	culture	culture	n. 文化；培养	culture | n. 文化；培养 | popular culture / bacterial culture | 大众文化；细菌培养
cultivation	kin	agriculture	agriculture	n. 农业	agriculture | n. 农业 | organic agriculture / agricultural cultivation | 有机农业；农业耕作
cultivation	kin	cult	cult	n. 崇拜；邪教	cult | n. 崇拜；邪教 | cult leader / cult status | 邪教头目；狂热崇拜地位
livestock	family	stockbreeding	stockbreeding	n. 畜牧育种	stockbreeding | n. 畜牧育种 | stockbreeding practice | 畜牧育种实践
methodology	family	methodological	methodological	adj. 方法论的	methodological | adj. 方法论的 | methodological flaw | 方法缺陷
methodology	kin	method	method	n. 方法	method | n. 方法 | research method / teaching method | 研究方法；教学方法
methodology	kin	logic	logic	n. 逻辑	logic | n. 逻辑 | methodological logic / internal logic | 方法论逻辑；内在逻辑
methodology	kin	analogy	analogy	n. 类比	analogy | n. 类比 | historical analogy / use an analogy | 历史类比；使用类比
validity	family	valid	valid	adj. 有效的	valid | adj. 有效的 | valid evidence | 有效证据
qualitative	family	quality	quality	n. 质量；性质	quality | n. 质量；性质 | data quality | 数据质量
quantitative	family	quantity	quantity	n. 数量	quantity | n. 数量 | large quantity | 大量
quantitative	kin	quantity	quantity	n. 数量	quantity | n. 数量 | quantity of food / quantity of data | 食物数量；数据量
quantitative	kin	quantify	quantify	v. 量化	quantify | v. 量化 | quantify emissions / quantify uncertainty | 量化排放；量化不确定性
quantitative	kin	equation	equation	n. 方程；等式	equation | n. 方程；等式 | linear equation / economic equation | 线性方程；经济等式
correlation	family	correlate	correlate	v. 相关	correlate | v. 相关 | correlate with income | 与收入相关
correlation	kin	relation	relation	n. 关系	relation | n. 关系 | causal relation / family relation | 因果关系；家庭关系
correlation	kin	relative	relative	adj./n. 相对的；亲属	relative | adj./n. 相对的；亲属 | relative advantage / close relative | 相对优势；近亲
correlation	kin	relativity	relativity	n. 相对论；相对性	relativity | n. 相对论；相对性 | general relativity / cultural relativity | 广义相对论；文化相对性
humidity	family	humid	humid	adj. 潮湿的	humid | adj. 潮湿的 | humid climate | 潮湿气候
precipitation	family	precipitate	precipitate	v. 使沉淀；促成	precipitate | v. 使沉淀；促成 | precipitate flooding | 引发洪水
evaporation	family	evaporate	evaporate	v. 蒸发	evaporate | v. 蒸发 | water evaporates | 水蒸发
evaporation	kin	vapor	vapor	n. 蒸汽	vapor | n. 蒸汽 | water vapor / vapor pressure | 水蒸气；蒸汽压
evaporation	kin	evaporate	evaporate	v. 蒸发；消失	evaporate | v. 蒸发；消失 | water evaporates / hopes evaporate | 水蒸发；希望破灭
evaporation	kin	vapourize	vapourize	v. 使汽化	vapourize | v. 使汽化 | vapourize liquid / vapourize fuel | 使液体汽化；汽化燃料
convection	family	convective	convective	adj. 对流的	convective | adj. 对流的 | convective storm | 对流风暴
monsoon	family	monsoonal	monsoonal	adj. 季风的	monsoonal | adj. 季风的 | monsoonal climate | 季风气候
atmospheric	family	atmosphere	atmosphere	n. 大气层	atmosphere | n. 大气层 | Earth's atmosphere | 地球大气层
troposphere	family	tropospheric	tropospheric	adj. 对流层的	tropospheric | adj. 对流层的 | tropospheric pollution | 对流层污染
troposphere	kin	sphere	sphere	n. 球体；领域	sphere | n. 球体；领域 | public sphere / social sphere | 公共领域；社会领域
troposphere	kin	atmosphere	atmosphere	n. 大气；氛围	atmosphere | n. 大气；氛围 | Earth's atmosphere / academic atmosphere | 地球大气层；学术氛围
troposphere	kin	stratosphere	stratosphere	n. 平流层	stratosphere | n. 平流层 | upper stratosphere / stratospheric ozone | 上平流层；平流层臭氧
stratosphere	family	stratospheric	stratospheric	adj. 平流层的	stratospheric | adj. 平流层的 | stratospheric ozone | 平流层臭氧
stratosphere	kin	sphere	sphere	n. 球体；领域	sphere | n. 球体；领域 | public sphere / social sphere | 公共领域；社会领域
stratosphere	kin	atmosphere	atmosphere	n. 大气；氛围	atmosphere | n. 大气；氛围 | Earth's atmosphere / academic atmosphere | 地球大气层；学术氛围
stratosphere	kin	hemisphere	hemisphere	n. 半球	hemisphere | n. 半球 | northern hemisphere / brain hemisphere | 北半球；大脑半球
radiation	family	radiate	radiate	v. 辐射	radiate | v. 辐射 | radiate heat | 辐射热量
radiation	kin	ray	ray	n. 射线；光线	ray | n. 射线；光线 | solar ray / X-ray image | 太阳光线；X光片
radiation	kin	radius	radius	n. 半径	radius | n. 半径 | circle radius / radius of influence | 圆半径；影响半径
radiation	kin	radiate	radiate	v. 辐射；散发	radiate | v. 辐射；散发 | radiate heat / radiate confidence | 散发热量；散发自信
barometer	family	barometric	barometric	adj. 气压的	barometric | adj. 气压的 | barometric pressure | 气压
barometer	kin	thermometer	thermometer	n. 温度计	thermometer | n. 温度计 | digital thermometer / clinical thermometer | 数字温度计；临床体温计
barometer	kin	parameter	parameter	n. 参数；限制因素	parameter | n. 参数；限制因素 | model parameter / policy parameters | 模型参数；政策限制条件
barometer	kin	geometry	geometry	n. 几何；几何结构	geometry | n. 几何；几何结构 | Euclidean geometry / urban geometry | 欧几里得几何；城市几何结构
fossil	family	fossilized	fossilized	adj. 化石化的	fossilized | adj. 化石化的 | fossilized remains | 化石遗骸
renewable	family	renew	renew	v. 更新；恢复	renew | v. 更新；恢复 | renew commitment | 重申承诺
renewable	kin	renew	renew	v. 更新；续期	renew | v. 更新；续期 | renew a contract / renew interest | 续约；重新激发兴趣
renewable	kin	new	new	adj. 新的	new | adj. 新的 | new policy / new technology | 新政策；新技术
renewable	kin	innovation	innovation	n. 创新	innovation | n. 创新 | renewable innovation / technological innovation | 可再生创新；技术创新
hydroelectric	family	hydropower	hydropower	n. 水力发电	hydropower | n. 水力发电 | hydropower station | 水电站
hydroelectric	kin	hydro	hydro	root 水	hydro | root 水 | hydro power / hydro system | 水力发电；水系统
hydroelectric	kin	electric	electric	adj. 电的	electric | adj. 电的 | electric vehicle / electric current | 电动车；电流
hydroelectric	kin	electrode	electrode	n. 电极	electrode | n. 电极 | positive electrode / electrode material | 正电极；电极材料
turbine	family	turbinal	turbinal	adj. 涡轮的；鼻甲的	turbinal | adj. 涡轮的；鼻甲的 | turbinal structure | 涡轮状结构
generator	family	generate	generate	v. 产生；发电	generate | v. 产生；发电 | generate electricity | 发电
generator	kin	gene	gene	n. 基因	gene | n. 基因 | gene pool / gene expression | 基因库；基因表达
generator	kin	engine	engine	n. 发动机；引擎	engine | n. 发动机；引擎 | diesel engine / growth engine | 柴油发动机；增长引擎
generator	kin	regenerate	regenerate	v. 再生；恢复	regenerate | v. 再生；恢复 | regenerate tissue / regenerate urban areas | 再生组织；复兴城市区域
uranium	family	uranic	uranic	adj. 铀的；含铀的	uranic | adj. 铀的；含铀的 | uranic compound | 铀化合物
consumption	family	consume	consume	v. 消耗	consume | v. 消耗 | consume energy | 消耗能源
depletion	family	deplete	deplete	v. 耗尽	deplete | v. 耗尽 | deplete reserves | 耗尽储备
photovoltaic	family	photovoltaics	photovoltaics	n. 光伏技术；光伏学	photovoltaics | n. 光伏技术；光伏学 | photovoltaics industry | 光伏产业
photovoltaic	kin	photo	photo	root 光	photo | root 光 | photo album / photo evidence | 相册；照片证据
photovoltaic	kin	voltage	voltage	n. 电压	voltage | n. 电压 | high voltage / voltage drop | 高电压；电压下降
photovoltaic	kin	optical	optical	adj. 光学的	optical | adj. 光学的 | optical fiber / optical sensor | 光纤；光学传感器
thermal	family	thermodynamic	thermodynamic	adj. 热力学的	thermodynamic | adj. 热力学的 | thermodynamic process | 热力学过程
thermal	kin	thermometer	thermometer	n. 温度计	thermometer | n. 温度计 | digital thermometer / clinical thermometer | 数字温度计；临床体温计
thermal	kin	geothermal	geothermal	adj. 地热的	geothermal | adj. 地热的 | geothermal energy / geothermal spring | 地热能；地热温泉
thermal	kin	thermostat	thermostat	n. 恒温器	thermostat | n. 恒温器 | smart thermostat / thermostat setting | 智能恒温器；恒温器设置
ethics	family	ethical	ethical	adj. 伦理的	ethical | adj. 伦理的 | ethical dilemma | 伦理困境
utilitarian	family	utility	utility	n. 效用	utility | n. 效用 | social utility | 社会效用
rationalism	family	rational	rational	adj. 理性的	rational | adj. 理性的 | rational argument | 理性论证
scepticism	family	sceptical	sceptical	adj. 怀疑的	sceptical | adj. 怀疑的 | sceptical reader | 怀疑的读者
subjective	family	subjectivity	subjectivity	n. 主观性	subjectivity | n. 主观性 | human subjectivity | 人的主观性
subjective	kin	subject	subject	n./adj./v. 主题；受……影响；使遭受	subject | n./adj./v. 主题；受……影响；使遭受 | research subject / be subject to change | 研究对象；可能变化
subjective	kin	object	object	n./v. 物体；反对	object | n./v. 物体；反对 | physical object / object to unfair rules | 实体物体；反对不公平规则
subjective	kin	project	project	n./v. 项目；投射	project | n./v. 项目；投射 | research project / project demand | 研究项目；预测需求
fallacy	family	fallacious	fallacious	adj. 谬误的	fallacious | adj. 谬误的 | fallacious reasoning | 错误推理
deduction	family	deduce	deduce	v. 推断	deduce | v. 推断 | deduce conclusion | 推出结论
deduction	kin	conduct	conduct	v. 实施；传导	conduct | v. 实施；传导 | conduct research / conduct electricity | 开展研究；导电
deduction	kin	induction	induction	n. 归纳；诱导	induction | n. 归纳；诱导 | logical induction / induction training | 逻辑归纳；入职培训
deduction	kin	educate	educate	v. 教育	educate | v. 教育 | educate children / educate the public | 教育儿童；教育公众
induction	family	induce	induce	v. 引出；诱导	induce | v. 引出；诱导 | induce conclusion | 引出结论
induction	kin	conduct	conduct	v. 实施；传导	conduct | v. 实施；传导 | conduct research / conduct heat | 开展研究；导热
induction	kin	deduction	deduction	n. 演绎；扣除	deduction | n. 演绎；扣除 | logical deduction / tax deduction | 逻辑演绎；税收扣除
induction	kin	duct	duct	n. 管道	duct | n. 管道 | air duct / tear duct | 通风管道；泪管
paradigm	family	paradigmatic	paradigmatic	adj. 范式的	paradigmatic | adj. 范式的 | paradigmatic shift | 范式转变
dwelling	family	dwell	dwell	v. 居住	dwell | v. 居住 | dwell in cities | 居住在城市
ventilation	family	ventilate	ventilate	v. 通风	ventilate | v. 通风 | ventilate rooms | 给房间通风
skyscraper	family	skyline	skyline	n. 天际线	skyline | n. 天际线 | urban skyline | 城市天际线
urban	family	urbanisation	urbanisation	n. 城市化	urbanisation | n. 城市化 | rapid urbanisation | 快速城市化
urban	kin	suburb	suburb	n. 郊区	suburb | n. 郊区 | outer suburb / suburb development | 远郊；郊区发展
urban	kin	urbanize	urbanize	v. 城市化	urbanize | v. 城市化 | urbanize rural areas / rapidly urbanize | 使农村城市化；快速城市化
urban	kin	urbane	urbane	adj. 温文尔雅的	urbane | adj. 温文尔雅的 | urbane manner / urbane conversation | 温文尔雅的举止；文雅谈话
sustainable	family	sustainability	sustainability	n. 可持续性	sustainability | n. 可持续性 | urban sustainability | 城市可持续性
sustainable	kin	sustain	sustain	v. 维持；承受	sustain | v. 维持；承受 | sustain growth / sustain damage | 维持增长；承受损害
sustainable	kin	stain	stain	n./v. 污渍；染色	stain | n./v. 污渍；染色 | blood stain / stain fabric | 血迹；给布料染色
sustainable	kin	abstain	abstain	v. 戒绝；弃权	abstain | v. 戒绝；弃权 | abstain from alcohol / abstain from voting | 戒酒；弃权
metropolitan	family	metropolis	metropolis	n. 大都市	metropolis | n. 大都市 | modern metropolis | 现代大都市
congestion	family	congested	congested	adj. 拥堵的	congested | adj. 拥堵的 | congested roads | 拥堵道路
commute	family	commuter	commuter	n. 通勤者	commuter | n. 通勤者 | urban commuter | 城市通勤者
vessel	family	vascular	vascular	adj. 血管的；管状的	vascular | adj. 血管的；管状的 | vascular vessel | 血管
cargo	family	cargoes	cargoes	n. 货物复数	cargoes | n. 货物复数 | bulk cargoes | 散装货物
aviation	family	aviator	aviator	n. 飞行员	aviator | n. 飞行员 | early aviator | 早期飞行员
terminal	family	terminally	terminally	adv. 终端地	terminally | adv. 终端地 | terminally connected | 终端连接的
locomotive	family	locomotion	locomotion	n. 运动；移动	locomotion | n. 运动；移动 | animal locomotion | 动物运动
logistics	family	logistical	logistical	adj. 物流的；后勤的	logistical | adj. 物流的；后勤的 | logistical challenge | 物流挑战
logistics	kin	logic	logic	n. 逻辑	logic | n. 逻辑 | market logic / internal logic | 市场逻辑；内在逻辑
logistics	kin	log	log	n./v. 日志；记录	log | n./v. 日志；记录 | data log / log user activity | 数据日志；记录用户活动
logistics	kin	logarithm	logarithm	n. 对数	logarithm | n. 对数 | natural logarithm / logarithm table | 自然对数；对数表
transit	family	transitory	transitory	adj. 短暂的；过渡的	transitory | adj. 短暂的；过渡的 | transitory stage | 过渡阶段
alloy	family	alloyed	alloyed	adj. 合金化的	alloyed | adj. 合金化的 | alloyed steel | 合金钢
composite	family	compose	compose	v. 构成	compose | v. 构成 | compose structure | 构成结构
composite	kin	compose	compose	v. 组成；创作	compose | v. 组成；创作 | compose a team / compose music | 组成团队；作曲
composite	kin	deposit	deposit	n./v. 存款；沉积	deposit | n./v. 存款；沉积 | bank deposit / deposit sediment | 银行存款；沉积沉积物
composite	kin	position	position	n. 位置；立场	position | n. 位置；立场 | social position / take a position | 社会地位；表明立场
elasticity	family	elastic	elastic	adj. 有弹性的	elastic | adj. 有弹性的 | elastic material | 弹性材料
ceramic	family	ceramics	ceramics	n. 陶瓷制品	ceramics | n. 陶瓷制品 | industrial ceramics | 工业陶瓷
insulation	family	insulate	insulate	v. 隔绝；绝缘	insulate | v. 隔绝；绝缘 | insulate buildings | 给建筑隔热
porosity	family	porous	porous	adj. 多孔的	porous | adj. 多孔的 | porous rock | 多孔岩石
translucent	family	translucence	translucence	n. 半透明性	translucence | n. 半透明性 | material translucence | 材料半透明性
translucent	kin	lucid	lucid	adj. 清楚的；清醒的	lucid | adj. 清楚的；清醒的 | lucid explanation / lucid dream | 清晰解释；清醒梦
translucent	kin	illuminate	illuminate	v. 照亮；阐明	illuminate | v. 照亮；阐明 | illuminate a room / illuminate a concept | 照亮房间；阐明概念
translucent	kin	luminous	luminous	adj. 发光的	luminous | adj. 发光的 | luminous screen / luminous paint | 发光屏幕；夜光涂料
durability	family	durable	durable	adj. 耐用的	durable | adj. 耐用的 | durable product | 耐用品
durability	kin	duration	duration	n. 持续时间	duration | n. 持续时间 | project duration / short duration | 项目周期；短持续时间
durability	kin	endure	endure	v. 忍受；持久	endure | v. 忍受；持久 | endure hardship / endure over time | 忍受艰难；经久不衰
durability	kin	during	during	prep. 在……期间	during | prep. 在……期间 | during childhood / during crises | 童年期间；危机期间
broadcast	family	broadcaster	broadcaster	n. 广播公司；播音员	broadcaster | n. 广播公司；播音员 | public broadcaster | 公共广播机构
coverage	family	cover	cover	v. 报道；覆盖	cover | v. 报道；覆盖 | cover elections | 报道选举
journalism	family	journalist	journalist	n. 记者	journalist | n. 记者 | investigative journalist | 调查记者
censorship	family	censor	censor	v. 审查	censor | v. 审查 | censor reports | 审查报道
propaganda	family	propagandistic	propagandistic	adj. 宣传性的	propagandistic | adj. 宣传性的 | propagandistic message | 宣传性信息
narrative	family	narrate	narrate	v. 叙述	narrate | v. 叙述 | narrate events | 叙述事件
mainstream	family	mainstream	mainstream	n. 主流	mainstream | n. 主流 | enter the mainstream | 进入主流
editorial	family	editor	editor	n. 编辑	editor | n. 编辑 | chief editor | 主编
sensationalism	family	sensational	sensational	adj. 耸人听闻的	sensational | adj. 耸人听闻的 | sensational headline | 耸人听闻的标题
sensationalism	kin	sense	sense	n. 感觉；意义	sense | n. 感觉；意义 | common sense / sense of identity | 常识；身份感
sensationalism	kin	sensory	sensory	adj. 感官的	sensory | adj. 感官的 | sensory input / sensory experience | 感官输入；感官体验
sensationalism	kin	sentiment	sentiment	n. 情绪；观点	sentiment | n. 情绪；观点 | public sentiment / market sentiment | 公众情绪；市场情绪
manipulate	family	manipulation	manipulation	n. 操纵	manipulation | n. 操纵 | media manipulation | 媒体操纵
coral	family	coralline	coralline	adj. 珊瑚状的	coralline | adj. 珊瑚状的 | coralline algae | 珊瑚藻
plankton	family	planktonic	planktonic	adj. 浮游的	planktonic | adj. 浮游的 | planktonic organisms | 浮游生物
plankton	kin	phytoplankton	phytoplankton	n. 浮游植物	phytoplankton | n. 浮游植物 | marine phytoplankton / phytoplankton bloom | 海洋浮游植物；浮游植物暴发
plankton	kin	zooplankton	zooplankton	n. 浮游动物	zooplankton | n. 浮游动物 | zooplankton population / zooplankton community | 浮游动物种群；浮游动物群落
plankton	kin	planet	planet	n. 行星	planet | n. 行星 | planet orbit / planet Earth | 行星轨道；地球
aquatic	family	aqua	aqua	n. 水；浅蓝色	aqua | n. 水；浅蓝色 | aqua environment | 水环境
mammal	family	mammalian	mammalian	adj. 哺乳动物的	mammalian | adj. 哺乳动物的 | mammalian brain | 哺乳动物大脑
crustacean	family	crustaceous	crustaceous	adj. 甲壳的	crustaceous | adj. 甲壳的 | crustaceous shell | 甲壳外壳
prey	family	prey	prey	v. 捕食	prey | v. 捕食 | prey on plankton | 捕食浮游生物
prey	kin	predator	predator	n. 捕食者	predator | n. 捕食者 | apex predator / natural predator | 顶级捕食者；天敌
prey	kin	prayer	prayer	n. 祈祷	prayer | n. 祈祷 | morning prayer / silent prayer | 晨祷；默祷
prey	kin	preying	preying	adj./v. 捕食；利用	preying | adj./v. 捕食；利用 | preying behavior / prey on fear | 捕食行为；利用恐惧
predator	family	predatory	predatory	adj. 捕食性的	predatory | adj. 捕食性的 | predatory fish | 捕食性鱼类
predator	kin	prey	prey	n./v. 猎物；捕食	prey | n./v. 猎物；捕食 | prey species / prey on insects | 猎物物种；捕食昆虫
predator	kin	predation	predation	n. 捕食	predation | n. 捕食 | predation pressure / predation risk | 捕食压力；捕食风险
predator	kin	predict	predict	v. 预测	predict | v. 预测 | predict outcomes / predict demand | 预测结果；预测需求
salinity	family	saline	saline	adj. 含盐的	saline | adj. 含盐的 | saline water | 盐水
salinity	kin	saline	saline	adj. 含盐的	saline | adj. 含盐的 | saline soil / saline solution | 盐碱土；盐水溶液
salinity	kin	salinization	salinization	n. 盐碱化	salinization | n. 盐碱化 | soil salinization / coastal salinization | 土壤盐碱化；海岸盐碱化
salinity	kin	salt	salt	n. 盐	salt | n. 盐 | table salt / salt concentration | 食盐；盐浓度
extinction	family	extinct	extinct	adj. 灭绝的	extinct | adj. 灭绝的 | extinct species | 灭绝物种
carbohydrate	family	carb	carb	n. 碳水简称	carb | n. 碳水简称 | low-carb diet | 低碳水饮食
protein	family	protease	protease	n. 蛋白酶	protease | n. 蛋白酶 | protease activity | 蛋白酶活性
nutrient	family	nutritious	nutritious	adj. 有营养的	nutritious | adj. 有营养的 | nutritious food | 有营养的食物
enzyme	family	enzymatic	enzymatic	adj. 酶的	enzymatic | adj. 酶的 | enzymatic reaction | 酶促反应
metabolism	family	metabolic	metabolic	adj. 代谢的	metabolic | adj. 代谢的 | metabolic disorder | 代谢紊乱
additive	family	add	add	v. 添加	add | v. 添加 | add flavour | 添加风味
preservative	family	preserve	preserve	v. 保存	preserve | v. 保存 | preserve food | 保存食物
obesity	family	obese	obese	adj. 肥胖的	obese | adj. 肥胖的 | obese adults | 肥胖成年人
fermentation	family	ferment	ferment	v. 发酵	ferment | v. 发酵 | ferment vegetables | 发酵蔬菜
fermentation	kin	ferment	ferment	v./n. 发酵；动荡	ferment | v./n. 发酵；动荡 | ferment milk / political ferment | 发酵牛奶；政治动荡
fermentation	kin	fertilizer	fertilizer	n. 肥料	fertilizer | n. 肥料 | organic fertilizer / chemical fertilizer | 有机肥；化肥
fermentation	kin	fertile	fertile	adj. 肥沃的；富有创造力的	fertile | adj. 肥沃的；富有创造力的 | fertile soil / fertile imagination | 肥沃土壤；丰富想象力
welfare	family	welfarist	welfarist	adj./n. 福利主义的；福利主义者	welfarist | adj./n. 福利主义的；福利主义者 | welfarist policy | 福利主义政策
bureaucracy	family	bureaucratic	bureaucratic	adj. 官僚的	bureaucratic | adj. 官僚的 | bureaucratic procedure | 官僚程序
bureaucracy	kin	democracy	democracy	n. 民主	democracy | n. 民主 | liberal democracy / participatory democracy | 自由民主；参与式民主
bureaucracy	kin	meritocracy	meritocracy	n. 精英制度；能者统治	meritocracy | n. 精英制度；能者统治 | education meritocracy / social meritocracy | 教育绩效制；社会精英制
bureaucracy	kin	aristocracy	aristocracy	n. 贵族阶层	aristocracy | n. 贵族阶层 | landed aristocracy / political aristocracy | 土地贵族；政治贵族
stratification	family	stratify	stratify	v. 分层	stratify | v. 分层 | stratify society | 使社会分层
egalitarian	family	egalitarianism	egalitarianism	n. 平等主义	egalitarianism | n. 平等主义 | political egalitarianism | 政治平等主义
urbanization	family	urbanize	urbanize	v. 城市化	urbanize | v. 城市化 | urbanize rural areas | 使农村地区城市化
urbanization	kin	urban	urban	adj. 城市的	urban | adj. 城市的 | urban planning / urban lifestyle | 城市规划；城市生活方式
urbanization	kin	suburb	suburb	n. 郊区	suburb | n. 郊区 | outer suburb / suburb development | 远郊；郊区发展
urbanization	kin	urbane	urbane	adj. 温文尔雅的	urbane | adj. 温文尔雅的 | urbane manner / urbane conversation | 温文尔雅的举止；文雅谈话
integration	family	integrate	integrate	v. 融合；整合	integrate | v. 融合；整合 | integrate migrants | 融合移民
demographic	family	demography	demography	n. 人口统计学	demography | n. 人口统计学 | population demography | 人口统计
demographic	kin	graph	graph	n. 图表	graph | n. 图表 | bar graph / population graph | 柱状图；人口图表
demographic	kin	photograph	photograph	n./v. 照片；拍摄	photograph | n./v. 照片；拍摄 | historical photograph / photograph artifacts | 历史照片；拍摄文物
demographic	kin	cartography	cartography	n. 制图学	cartography | n. 制图学 | digital cartography / ancient cartography | 数字制图；古代制图
globalization	family	globalize	globalize	v. 全球化	globalize | v. 全球化 | globalize markets | 使市场全球化
demographics	family	demographic	demographic	adj. 人口统计的	demographic | adj. 人口统计的 | demographic profile | 人口画像
demographics	kin	graph	graph	n. 图表	graph | n. 图表 | population graph / line graph | 人口图表；折线图
demographics	kin	demographic	demographic	adj. 人口统计的	demographic | adj. 人口统计的 | demographic change / demographic data | 人口变化；人口数据
demographics	kin	photography	photography	n. 摄影	photography | n. 摄影 | documentary photography / aerial photography | 纪实摄影；航拍
ideology	family	ideological	ideological	adj. 意识形态的	ideological | adj. 意识形态的 | ideological conflict | 意识形态冲突
ideology	kin	idea	idea	n. 想法；观念	idea | n. 想法；观念 | central idea / business idea | 中心思想；商业想法
ideology	kin	ideal	ideal	adj./n. 理想的；理想	ideal | adj./n. 理想的；理想 | ideal society / beauty ideal | 理想社会；美的理想
ideology	kin	idol	idol	n. 偶像	idol | n. 偶像 | teen idol / political idol | 青少年偶像；政治偶像
marginalize	family	marginalization	marginalization	n. 边缘化	marginalization | n. 边缘化 | social marginalization | 社会边缘化
sustainability	family	sustainable	sustainable	adj. 可持续的	sustainable | adj. 可持续的 | sustainable model | 可持续模式
sustainability	kin	sustain	sustain	v. 维持；承受	sustain | v. 维持；承受 | sustain growth / sustain damage | 维持增长；承受损害
sustainability	kin	stain	stain	n./v. 污渍；染色	stain | n./v. 污渍；染色 | blood stain / stain fabric | 血迹；给布料染色
sustainability	kin	abstain	abstain	v. 戒绝；弃权	abstain | v. 戒绝；弃权 | abstain from alcohol / abstain from voting | 戒酒；弃权
litigation	family	litigate	litigate	v. 诉讼	litigate | v. 诉讼 | litigate a dispute | 就争议提起诉讼
plaintiff	family	plaintive	plaintive	adj. 哀怨的	plaintive | adj. 哀怨的 | plaintive voice | 哀怨声音
defendant	family	defend	defend	v. 辩护；防御	defend | v. 辩护；防御 | defend a claim | 对主张进行辩护
testimony	family	testify	testify	v. 作证	testify | v. 作证 | testify in court | 出庭作证
verdict	family	verdictive	verdictive	adj. 裁决的；判断性的	verdictive | adj. 裁决的；判断性的 | verdictive statement | 裁决性陈述
liability	family	liable	liable	adj. 有责任的	liable | adj. 有责任的 | liable for damages | 对损害负责
liability	kin	liable	liable	adj. 有责任的；易于	liable | adj. 有责任的；易于 | liable for damages / liable to collapse | 对损害负责；容易崩塌
liability	kin	reliable	reliable	adj. 可靠的	reliable | adj. 可靠的 | reliable evidence / reliable service | 可靠证据；可靠服务
liability	kin	alliance	alliance	n. 联盟	alliance | n. 联盟 | military alliance / strategic alliance | 军事联盟；战略联盟
compliance	family	comply	comply	v. 遵守	comply | v. 遵守 | comply with rules | 遵守规则
tribunal	family	tribunician	tribunician	adj. 护民官的；护民官式的	tribunician | adj. 护民官的；护民官式的 | tribunician power | 护民官权力
manufacturing	family	manufacture	manufacture	v. 制造	manufacture | v. 制造 | manufacture components | 制造零部件
assembly	family	assemble	assemble	v. 组装	assemble | v. 组装 | assemble machines | 组装机器
specification	family	specify	specify	v. 具体说明	specify | v. 具体说明 | specify requirements | 说明要求
precision	family	precise	precise	adj. 精确的	precise | adj. 精确的 | precise measurement | 精确测量
tolerance	family	tolerate	tolerate	v. 容忍	tolerate | v. 容忍 | tolerate variation | 容忍变化
automation	family	automate	automate	v. 自动化	automate | v. 自动化 | automate production | 自动化生产
inventory	family	inventorial	inventorial	adj. 库存的；清单的	inventorial | adj. 库存的；清单的 | inventorial record | 库存记录
prototype	family	prototype	prototype	v. 制作原型	prototype | v. 制作原型 | prototype a device | 制作设备原型
prototype	kin	type	type	n. 类型	type | n. 类型 | data type / personality type | 数据类型；人格类型
prototype	kin	archetype	archetype	n. 原型；典型	archetype | n. 原型；典型 | cultural archetype / hero archetype | 文化原型；英雄原型
prototype	kin	stereotype	stereotype	n. 刻板印象	stereotype | n. 刻板印象 | gender stereotype / racial stereotype | 性别刻板印象；种族刻板印象
standardization	family	standardize	standardize	v. 标准化	standardize | v. 标准化 | standardize procedures | 标准化流程
standardization	kin	standard	standard	n./adj. 标准；标准的	standard | n./adj. 标准；标准的 | quality standard / standard procedure | 质量标准；标准流程
standardization	kin	stand	stand	v./n. 站立；立场	stand | v./n. 站立；立场 | take a stand / stand firm | 表明立场；立场坚定
standardization	kin	outstanding	outstanding	adj. 杰出的；未解决的	outstanding | adj. 杰出的；未解决的 | outstanding achievement / outstanding debt | 杰出成就；未偿债务
tectonic	family	tectonics	tectonics	n. 构造学	tectonics | n. 构造学 | plate tectonics | 板块构造学
seismic	family	seismology	seismology	n. 地震学	seismology | n. 地震学 | modern seismology | 现代地震学
magma	family	magmatic	magmatic	adj. 岩浆的	magmatic | adj. 岩浆的 | magmatic activity | 岩浆活动
mantle	family	mantled	mantled	adj. 被覆盖的；披覆的	mantled | adj. 被覆盖的；披覆的 | mantled surface | 被覆盖表面
crust	family	crustal	crustal	adj. 地壳的	crustal | adj. 地壳的 | crustal movement | 地壳运动
sedimentary	family	sediment	sediment	n. 沉积物	sediment | n. 沉积物 | river sediment | 河流沉积物
fossilization	family	fossilize	fossilize	v. 化石化	fossilize | v. 化石化 | fossilize remains | 使遗骸化石化
fossilization	kin	fossil	fossil	n./adj. 化石；化石的	fossil | n./adj. 化石；化石的 | fossil fuel / fossil record | 化石燃料；化石记录
fossilization	kin	ossify	ossify	v. 骨化；僵化	ossify | v. 骨化；僵化 | institutions ossify / bones ossify | 制度僵化；骨骼骨化
fossilization	kin	bone	bone	n. 骨头	bone | n. 骨头 | bone structure / bone density | 骨骼结构；骨密度
glaciation	family	glacial	glacial	adj. 冰川的	glacial | adj. 冰川的 | glacial erosion | 冰川侵蚀
glaciation	kin	glacier	glacier	n. 冰川	glacier | n. 冰川 | mountain glacier / glacier melt | 山地冰川；冰川融化
glaciation	kin	glacial	glacial	adj. 冰川的；冰冷的	glacial | adj. 冰川的；冰冷的 | glacial erosion / glacial pace | 冰川侵蚀；极慢速度
glaciation	kin	ice	ice	n. 冰	ice | n. 冰 | sea ice / ice sheet | 海冰；冰盖
abyss	family	abyssal	abyssal	adj. 深海的	abyssal | adj. 深海的 | abyssal zone | 深海带
composition	family	compose	compose	v. 构成；创作	compose | v. 构成；创作 | compose an image | 构成图像
texture	family	textural	textural	adj. 纹理的	textural | adj. 纹理的 | textural contrast | 纹理对比
motif	family	motivic	motivic	adj. 母题的	motivic | adj. 母题的 | motivic pattern | 母题图案
ornamental	family	ornament	ornament	n. 装饰物	ornament | n. 装饰物 | architectural ornament | 建筑装饰
avant-garde	family	vanguard	vanguard	n. 先锋	vanguard | n. 先锋 | artistic vanguard | 艺术先锋
minimalism	family	minimalist	minimalist	adj. 极简的	minimalist | adj. 极简的 | minimalist design | 极简设计
exhibition	family	exhibit	exhibit	v. 展示	exhibit | v. 展示 | exhibit paintings | 展示绘画
reproduction	family	reproduce	reproduce	v. 复制	reproduce | v. 复制 | reproduce an image | 复制图像
reproduction	kin	produce	produce	v./n. 生产；农产品	produce | v./n. 生产；农产品 | produce evidence / fresh produce | 提出证据；新鲜农产品
reproduction	kin	product	product	n. 产品；结果	product | n. 产品；结果 | consumer product / final product | 消费品；最终产品
reproduction	kin	reproduce	reproduce	v. 繁殖；复制	reproduce | v. 繁殖；复制 | reproduce results / reproduce images | 复现实验结果；复制图像
equilibrium	family	equilibrate	equilibrate	v. 达到平衡	equilibrate | v. 达到平衡 | equilibrate temperature | 平衡温度
friction	family	frictional	frictional	adj. 摩擦的	frictional | adj. 摩擦的 | frictional force | 摩擦力
velocity	family	velocimeter	velocimeter	n. 测速计	velocimeter | n. 测速计 | flow velocimeter | 流速计
acceleration	family	accelerate	accelerate	v. 加速	accelerate | v. 加速 | accelerate motion | 加速运动
gravity	family	gravitational	gravitational	adj. 引力的	gravitational | adj. 引力的 | gravitational force | 引力
inertia	family	inertial	inertial	adj. 惯性的	inertial | adj. 惯性的 | inertial frame | 惯性系
momentum	family	momentous	momentous	adj. 重大的	momentous | adj. 重大的 | momentous change | 重大变化
wavelength	family	wave	wave	n. 波	wave | n. 波 | sound wave | 声波
spectrum	family	spectral	spectral	adj. 光谱的	spectral | adj. 光谱的 | spectral analysis | 光谱分析
spectrum	kin	spectacle	spectacle	n. 景象；奇观	spectacle | n. 景象；奇观 | visual spectacle / public spectacle | 视觉奇观；公共奇观
spectrum	kin	inspect	inspect	v. 检查	inspect | v. 检查 | inspect evidence / inspect buildings | 检查证据；检查建筑
spectrum	kin	spectrometer	spectrometer	n. 光谱仪	spectrometer | n. 光谱仪 | mass spectrometer / portable spectrometer | 质谱仪；便携光谱仪
oscillation	family	oscillate	oscillate	v. 振荡	oscillate | v. 振荡 | oscillate rapidly | 快速振荡
oscillation	kin	oscillate	oscillate	v. 振荡；摇摆	oscillate | v. 振荡；摇摆 | prices oscillate / pendulum oscillates | 价格波动；钟摆振荡
oscillation	kin	oscillator	oscillator	n. 振荡器	oscillator | n. 振荡器 | electronic oscillator / biological oscillator | 电子振荡器；生物振荡器
oscillation	kin	oscilloscope	oscilloscope	n. 示波器	oscilloscope | n. 示波器 | digital oscilloscope / oscilloscope display | 数字示波器；示波器显示
mutation	family	mutate	mutate	v. 突变	mutate | v. 突变 | genes mutate | 基因突变
mutation	kin	mutate	mutate	v. 变异；变化	mutate | v. 变异；变化 | viruses mutate / ideas mutate | 病毒变异；观念变形
mutation	kin	mutant	mutant	n./adj. 变异体；变异的	mutant | n./adj. 变异体；变异的 | viral mutant / mutant gene | 病毒变异株；突变基因
mutation	kin	commute	commute	v./n. 通勤；减刑	commute | v./n. 通勤；减刑 | commute to work / commute a sentence | 通勤上班；减刑
adaptation	family	adapt	adapt	v. 适应	adapt | v. 适应 | adapt to change | 适应变化
heredity	family	hereditary	hereditary	adj. 遗传的	hereditary | adj. 遗传的 | hereditary disease | 遗传病
heredity	kin	heir	heir	n. 继承人	heir | n. 继承人 | legal heir / heir to a throne | 合法继承人；王位继承人
heredity	kin	inherit	inherit	v. 继承	inherit | v. 继承 | inherit property / inherit traditions | 继承财产；继承传统
heredity	kin	heritage	heritage	n. 遗产	heritage | n. 遗产 | cultural heritage / world heritage | 文化遗产；世界遗产
genome	family	genomic	genomic	adj. 基因组的	genomic | adj. 基因组的 | genomic data | 基因组数据
genome	kin	gene	gene	n. 基因	gene | n. 基因 | gene mutation / gene therapy | 基因突变；基因治疗
genome	kin	genetic	genetic	adj. 基因的	genetic | adj. 基因的 | genetic code / genetic disease | 遗传密码；遗传病
genome	kin	genesis	genesis	n. 起源	genesis | n. 起源 | cultural genesis / genesis of reform | 文化起源；改革起源
taxonomy	family	taxonomic	taxonomic	adj. 分类学的	taxonomic | adj. 分类学的 | taxonomic group | 分类群
species	family	speciation	speciation	n. 物种形成	speciation | n. 物种形成 | rapid speciation | 快速物种形成
hybrid	family	hybridize	hybridize	v. 杂交	hybridize | v. 杂交 | hybridize plants | 杂交植物
cloning	family	clone	clone	v. 克隆	clone | v. 克隆 | clone cells | 克隆细胞
deviation	family	deviate	deviate	v. 偏离	deviate | v. 偏离 | deviate from pattern | 偏离模式
criterion	family	criteria	criteria	n. 标准复数	criteria | n. 标准复数 | evaluation criteria | 评价标准
inference	family	infer	infer	v. 推断	infer | v. 推断 | infer meaning | 推断含义
inference	kin	infer	infer	v. 推断	infer | v. 推断 | infer meaning / infer causes | 推断含义；推断原因
inference	kin	reference	reference	n. 参考；提及	reference | n. 参考；提及 | reference book / make reference to policy | 参考书；提及政策
inference	kin	conference	conference	n. 会议	conference | n. 会议 | academic conference / press conference | 学术会议；新闻发布会
analogy	family	analogous	analogous	adj. 类似的	analogous | adj. 类似的 | analogous situation | 类似情形
analogy	kin	logic	logic	n. 逻辑	logic | n. 逻辑 | formal logic / internal logic | 形式逻辑；内在逻辑
analogy	kin	dialogue	dialogue	n. 对话	dialogue | n. 对话 | public dialogue / cross-cultural dialogue | 公共对话；跨文化对话
analogy	kin	catalogue	catalogue	n. 目录；清单	catalogue | n. 目录；清单 | library catalogue / catalogue errors | 图书馆目录；错误清单
protocol	family	protocolized	protocolized	adj. 协议化的；按方案执行的	protocolized | adj. 协议化的；按方案执行的 | protocolized care | 方案化护理
connectivity	family	connect	connect	v. 连接	connect | v. 连接 | connect devices | 连接设备
virtual	family	virtuality	virtuality	n. 虚拟性	virtuality | n. 虚拟性 | virtuality experience | 虚拟性体验
cloud	family	cloudless	cloudless	adj. 无云的	cloudless | adj. 无云的 | cloudless sky | 无云天空
stimulus	family	stimulate	stimulate	v. 刺激	stimulate | v. 刺激 | stimulate response | 刺激反应
perception	family	perceive	perceive	v. 感知；认为	perceive | v. 感知；认为 | perceive danger | 感知危险
perception	kin	receive	receive	v. 接收；接受	receive | v. 接收；接受 | receive support / receive treatment | 获得支持；接受治疗
perception	kin	conceive	conceive	v. 构想；怀孕	conceive | v. 构想；怀孕 | conceive a plan / conceive a child | 构想计划；怀孕
perception	kin	deceive	deceive	v. 欺骗	deceive | v. 欺骗 | deceive consumers / deceive oneself | 欺骗消费者；自欺
reception	family	receive	receive	v. 接收	receive | v. 接收 | receive signals | 接收信号
reception	kin	receive	receive	v. 接收；接受	receive | v. 接收；接受 | receive support / receive treatment | 获得支持；接受治疗
reception	kin	perception	perception	n. 感知；看法	perception | n. 感知；看法 | public perception / risk perception | 公众认知；风险感知
reception	kin	receptive	receptive	adj. 乐于接受的；接收的	receptive | adj. 乐于接受的；接收的 | receptive audience / receptive field | 愿意接受的观众；感受野
subconscious	family	subconscious	subconscious	adj. 潜意识的	subconscious | adj. 潜意识的 | subconscious response | 潜意识反应
subconscious	kin	conscious	conscious	adj. 有意识的	conscious | adj. 有意识的 | conscious choice / health-conscious consumers | 有意识选择；注重健康的消费者
subconscious	kin	conscience	conscience	n. 良心	conscience | n. 良心 | moral conscience / public conscience | 道德良心；公共良知
subconscious	kin	science	science	n. 科学	science | n. 科学 | social science / natural science | 社会科学；自然科学
temperament	family	temperamental	temperamental	adj. 性情的；喜怒无常的	temperamental | adj. 性情的；喜怒无常的 | temperamental difference | 气质差异
temperament	kin	temper	temper	n./v. 脾气；调和	temper | n./v. 脾气；调和 | bad temper / temper steel | 坏脾气；回火钢材
temperament	kin	temperature	temperature	n. 温度	temperature | n. 温度 | body temperature / rising temperature | 体温；升温
temperament	kin	temporary	temporary	adj. 临时的	temporary | adj. 临时的 | temporary housing / temporary policy | 临时住房；临时政策
inhibition	family	inhibit	inhibit	v. 抑制	inhibit | v. 抑制 | inhibit response | 抑制反应
syndrome	family	syndromic	syndromic	adj. 综合征的	syndromic | adj. 综合征的 | syndromic diagnosis | 综合征诊断
conditioning	family	condition	condition	v. 使形成条件反射	condition | v. 使形成条件反射 | condition behaviour | 条件化行为
linguistics	family	linguistic	linguistic	adj. 语言的	linguistic | adj. 语言的 | linguistic structure | 语言结构
linguistics	kin	language	language	n. 语言	language | n. 语言 | native language / language policy | 母语；语言政策
linguistics	kin	bilingual	bilingual	adj. 双语的	bilingual | adj. 双语的 | bilingual education / bilingual speaker | 双语教育；双语者
linguistics	kin	lingua	lingua	n. 语言	lingua | n. 语言 | lingua franca / Latin lingua | 通用语；拉丁语
semantics	family	semantic	semantic	adj. 语义的	semantic | adj. 语义的 | semantic difference | 语义差异
context	family	contextual	contextual	adj. 语境的	contextual | adj. 语境的 | contextual meaning | 语境意义
terminology	family	term	term	n. 术语	term | n. 术语 | technical term | 技术术语
terminology	kin	term	term	n. 术语；期限	term | n. 术语；期限 | legal term / long term | 法律术语；长期
terminology	kin	terminal	terminal	n./adj. 终端；末期的	terminal | n./adj. 终端；末期的 | computer terminal / terminal disease | 计算机终端；末期疾病
terminology	kin	logic	logic	n. 逻辑	logic | n. 逻辑 | terminological logic / internal logic | 术语逻辑；内在逻辑
phonetics	family	phonetic	phonetic	adj. 语音的	phonetic | adj. 语音的 | phonetic symbol | 音标
phonetics	kin	phone	phone	n. 电话	phone | n. 电话 | mobile phone / phone call | 手机；电话通话
phonetics	kin	phonology	phonology	n. 音系学	phonology | n. 音系学 | English phonology / phonology class | 英语音系学；音系学课
phonetics	kin	symphony	symphony	n. 交响乐	symphony | n. 交响乐 | classical symphony / symphony orchestra | 古典交响乐；交响乐团
metaphor	family	metaphorical	metaphorical	adj. 隐喻的	metaphorical | adj. 隐喻的 | metaphorical language | 隐喻语言
rhetoric	family	rhetorical	rhetorical	adj. 修辞的	rhetorical | adj. 修辞的 | rhetorical device | 修辞手法
literary	family	literature	literature	n. 文学	literature | n. 文学 | comparative literature | 比较文学
genre	family	generic	generic	adj. 类型的；通用的	generic | adj. 类型的；通用的 | generic convention | 类型惯例
genre	kin	generate	generate	v. 产生	generate | v. 产生 | generate interest / generate profit | 激发兴趣；产生利润
genre	kin	general	general	adj. 一般的；总体的	general | adj. 一般的；总体的 | general public / general rule | 普通公众；一般规则
genre	kin	gender	gender	n. 性别	gender | n. 性别 | gender equality / gender stereotype | 性别平等；性别刻板印象
interpreting	family	interpret	interpret	v. 解释；口译	interpret | v. 解释；口译 | interpret meaning | 解释意义
eloquence	family	eloquent	eloquent	adj. 雄辩的	eloquent | adj. 雄辩的 | eloquent speech | 雄辩演说
anecdote	family	anecdotal	anecdotal	adj. 轶事的	anecdotal | adj. 轶事的 | anecdotal evidence | 轶事证据
discourse	family	discursive	discursive	adj. 话语的	discursive | adj. 话语的 | discursive practice | 话语实践
circulation	family	circulate	circulate	v. 流通；传播	circulate | v. 流通；传播 | circulate information | 传播信息
circulation	kin	circle	circle	n. 圆；圈子	circle | n. 圆；圈子 | social circle / traffic circle | 社交圈；环形路口
circulation	kin	circuit	circuit	n. 电路；巡回路线	circuit | n. 电路；巡回路线 | electric circuit / lecture circuit | 电路；巡回演讲路线
circulation	kin	circumference	circumference	n. 周长	circumference | n. 周长 | circle circumference / waist circumference | 圆周长；腰围
innuendo	family	innuendoed	innuendoed	adj. 带暗讽的；含沙射影的	innuendoed | adj. 带暗讽的；含沙射影的 | innuendoed remark | 含沙射影的评论
paradoxical	family	paradox	paradox	n. 悖论	paradox | n. 悖论 | central paradox | 核心悖论
paradoxical	kin	paradox	paradox	n. 悖论	paradox | n. 悖论 | social paradox / apparent paradox | 社会悖论；表面悖论
paradoxical	kin	orthodox	orthodox	adj. 正统的	orthodox | adj. 正统的 | orthodox doctrine / orthodox method | 正统教义；正统方法
paradoxical	kin	doxology	doxology	n. 颂歌	doxology | n. 颂歌 | Christian doxology / liturgical doxology | 基督教颂歌；礼拜颂歌
raw	family	rawness	rawness	n. 原始状态	rawness | n. 原始状态 | rawness of data | 数据原始性
ore	family	orebody	orebody	n. 矿体	orebody | n. 矿体 | large orebody | 大型矿体
commodity	family	commodify	commodify	v. 商品化	commodify | v. 商品化 | commodify culture | 商品化文化
extraction	family	extract	extract	v. 提取	extract | v. 提取 | extract minerals | 提取矿物
refining	family	refine	refine	v. 精炼；完善	refine | v. 精炼；完善 | refine petroleum | 精炼石油
textile	family	textural	textural	adj. 纹理的	textural | adj. 纹理的 | textural quality | 纹理质感
resilience	family	resilient	resilient	adj. 有韧性的	resilient | adj. 有韧性的 | resilient system | 有韧性的系统
resilience	kin	resilient	resilient	adj. 有韧性的；能恢复的	resilient | adj. 有韧性的；能恢复的 | resilient economy / resilient community | 有韧性的经济；有恢复力的社区
resilience	kin	salient	salient	adj. 显著的	salient | adj. 显著的 | salient feature / salient point | 显著特征；重点
resilience	kin	silent	silent	adj. 沉默的	silent | adj. 沉默的 | silent majority / silent film | 沉默的大多数；无声电影
conductivity	family	conductive	conductive	adj. 导电的	conductive | adj. 导电的 | conductive material | 导电材料
conductivity	kin	conduct	conduct	v. 传导；实施	conduct | v. 传导；实施 | conduct electricity / conduct research | 导电；开展研究
conductivity	kin	conductor	conductor	n. 导体；指挥	conductor | n. 导体；指挥 | electric conductor / orchestra conductor | 导体；乐队指挥
conductivity	kin	duct	duct	n. 管道	duct | n. 管道 | air duct / tear duct | 通风管道；泪管
petroleum	family	petrochemical	petrochemical	adj. 石油化工的	petrochemical | adj. 石油化工的 | petrochemical product | 石化产品
hydraulic	family	hydraulics	hydraulics	n. 水力学；液压学	hydraulics | n. 水力学；液压学 | hydraulic engineering | 水利工程
geothermal	family	thermal	thermal	adj. 热的	thermal | adj. 热的 | thermal energy | 热能
geothermal	kin	geo	geo	root 地；地球	geo | root 地；地球 | geographic data / geological evidence | 地理数据；地质证据
geothermal	kin	thermal	thermal	adj. 热的	thermal | adj. 热的 | thermal energy / thermal insulation | 热能；隔热
geothermal	kin	thermometer	thermometer	n. 温度计	thermometer | n. 温度计 | digital thermometer / clinical thermometer | 数字温度计；临床体温计
optimization	family	optimize	optimize	v. 优化	optimize | v. 优化 | optimize production | 优化生产
by-product	family	product	product	n. 产品；结果	product | n. 产品；结果 | industrial product | 工业产品
by-product	kin	product	product	n. 产品；结果	product | n. 产品；结果 | consumer product / by-product of reform | 消费品；改革副产品
by-product	kin	produce	produce	v./n. 生产；农产品	produce | v./n. 生产；农产品 | produce evidence / fresh produce | 提出证据；新鲜农产品
by-product	kin	production	production	n. 生产；制作	production | n. 生产；制作 | mass production / film production | 大规模生产；电影制作
neuroscience	family	neural	neural	adj. 神经的	neural | adj. 神经的 | neural pathway | 神经通路
neuroscience	kin	neuron	neuron	n. 神经元	neuron | n. 神经元 | motor neuron / neuron activity | 运动神经元；神经元活动
neuroscience	kin	nerve	nerve	n. 神经；勇气	nerve | n. 神经；勇气 | nerve cell / lose one's nerve | 神经细胞；失去勇气
neuroscience	kin	science	science	n. 科学	science | n. 科学 | social science / natural science | 社会科学；自然科学
cognition	family	cognitive	cognitive	adj. 认知的	cognitive | adj. 认知的 | cognitive process | 认知过程
cognition	kin	recognition	recognition	n. 识别；承认	recognition | n. 识别；承认 | word recognition / international recognition | 单词识别；国际承认
cognition	kin	incognito	incognito	adj./adv. 隐姓埋名的	incognito | adj./adv. 隐姓埋名的 | travel incognito / remain incognito | 匿名旅行；保持匿名
cognition	kin	diagnosis	diagnosis	n. 诊断	diagnosis | n. 诊断 | medical diagnosis / early diagnosis | 医学诊断；早期诊断
introvert	family	introverted	introverted	adj. 内向的	introverted | adj. 内向的 | introverted child | 内向儿童
introvert	kin	invert	invert	v. 颠倒	invert | v. 颠倒 | invert an image / invert the order | 倒置图像；颠倒顺序
introvert	kin	convert	convert	v. 转换	convert | v. 转换 | convert waste into energy / convert files | 把废物转化为能源；转换文件
introvert	kin	extrovert	extrovert	n. 外向者	extrovert | n. 外向者 | social extrovert / natural extrovert | 社交外向者；天生外向者
extrovert	family	extroverted	extroverted	adj. 外向的	extroverted | adj. 外向的 | extroverted personality | 外向人格
extrovert	kin	invert	invert	v. 颠倒	invert | v. 颠倒 | invert an image / invert the order | 倒置图片；颠倒顺序
extrovert	kin	convert	convert	v. 转换	convert | v. 转换 | convert waste into energy / convert files | 把废物转化为能源；转换文件
extrovert	kin	introvert	introvert	n. 内向者	introvert | n. 内向者 | quiet introvert / social introvert | 安静的内向者；社交型内向者
pathology	family	pathological	pathological	adj. 病理的	pathological | adj. 病理的 | pathological fear | 病理性恐惧
pathology	kin	path	path	n. 路径	path | n. 路径 | learning path / career path | 学习路径；职业道路
pathology	kin	pathogen	pathogen	n. 病原体	pathogen | n. 病原体 | viral pathogen / pathogen transmission | 病毒病原体；病原体传播
pathology	kin	sympathy	sympathy	n. 同情	sympathy | n. 同情 | public sympathy / sympathy for patients | 公众同情；对患者的同情
phobia	family	phobic	phobic	adj. 恐惧症的	phobic | adj. 恐惧症的 | phobic response | 恐惧反应
therapy	family	therapeutic	therapeutic	adj. 治疗的	therapeutic | adj. 治疗的 | therapeutic effect | 治疗效果
dopamine	family	dopaminergic	dopaminergic	adj. 多巴胺能的	dopaminergic | adj. 多巴胺能的 | dopaminergic neuron | 多巴胺能神经元
conformity	family	conform	conform	v. 遵从	conform | v. 遵从 | conform to norms | 遵从规范
conformity	kin	form	form	n./v. 形式；形成	form | n./v. 形式；形成 | social form / form a habit | 社会形式；形成习惯
conformity	kin	uniform	uniform	adj./n. 统一的；制服	uniform | adj./n. 统一的；制服 | uniform standard / school uniform | 统一标准；校服
conformity	kin	reform	reform	n./v. 改革	reform | n./v. 改革 | legal reform / reform education | 法律改革；改革教育
alienation	family	alienate	alienate	v. 使疏离	alienate | v. 使疏离 | alienate communities | 疏离社群
alienation	kin	alien	alien	adj./n. 外来的；外星人	alien | adj./n. 外来的；外星人 | alien species / alien culture | 外来物种；异域文化
alienation	kin	align	align	v. 对齐；使一致	align | v. 对齐；使一致 | align policy goals / align text | 使政策目标一致；对齐文本
alienation	kin	lineage	lineage	n. 血统；谱系	lineage | n. 血统；谱系 | family lineage / cultural lineage | 家族血统；文化谱系
solidarity	family	solidary	solidary	adj. 团结的	solidary | adj. 团结的 | solidary action | 团结行动
altruism	family	altruistic	altruistic	adj. 利他的	altruistic | adj. 利他的 | altruistic behaviour | 利他行为
narcissism	family	narcissistic	narcissistic	adj. 自恋的	narcissistic | adj. 自恋的 | narcissistic trait | 自恋特质
aggression	family	aggressive	aggressive	adj. 攻击性的	aggressive | adj. 攻击性的 | aggressive behaviour | 攻击行为
hierarchical	family	hierarchy	hierarchy	n. 等级制度	hierarchy | n. 等级制度 | social hierarchy | 社会等级
hierarchical	kin	hierarchy	hierarchy	n. 等级制度	hierarchy | n. 等级制度 | social hierarchy / organizational hierarchy | 社会等级；组织层级
hierarchical	kin	arch	arch	n. 拱门；弧形	arch | n. 拱门；弧形 | stone arch / arch bridge | 石拱门；拱桥
hierarchical	kin	anarchy	anarchy	n. 无政府状态	anarchy | n. 无政府状态 | political anarchy / social anarchy | 政治无政府状态；社会混乱
segregation	family	segregate	segregate	v. 隔离	segregate | v. 隔离 | segregate communities | 隔离社群
segregation	kin	aggregate	aggregate	v./n. 聚合；总量	aggregate | v./n. 聚合；总量 | aggregate data / aggregate demand | 汇总数据；总需求
segregation	kin	congregation	congregation	n. 会众；聚集	congregation | n. 会众；聚集 | church congregation / large congregation | 教堂会众；大量聚集人群
segregation	kin	gregarious	gregarious	adj. 群居的；合群的	gregarious | adj. 群居的；合群的 | gregarious animals / gregarious personality | 群居动物；合群性格
normalization	family	normalize	normalize	v. 正常化	normalize | v. 正常化 | normalize inequality | 使不平等正常化
normalization	kin	norm	norm	n. 规范；常态	norm | n. 规范；常态 | social norm / legal norm | 社会规范；法律规范
normalization	kin	normal	normal	adj. 正常的	normal | adj. 正常的 | normal distribution / normal life | 正态分布；正常生活
normalization	kin	normalize	normalize	v. 正常化；标准化	normalize | v. 正常化；标准化 | normalize relations / normalize data | 关系正常化；标准化数据
inequality	family	unequal	unequal	adj. 不平等的	unequal | adj. 不平等的 | unequal access | 不平等机会
stigma	family	stigmatize	stigmatize	v. 污名化	stigmatize | v. 污名化 | stigmatize patients | 污名化患者
peer	family	peerage	peerage	n. 贵族阶层；爵位	peerage | n. 贵族阶层；爵位 | British peerage | 英国贵族阶层
empowerment	family	empower	empower	v. 赋权	empower | v. 赋权 | empower citizens | 赋权市民
attribute	family	attribution	attribution	n. 归因	attribution | n. 归因 | causal attribution | 因果归因
attribute	kin	tribute	tribute	n. 贡品；致敬	tribute | n. 贡品；致敬 | pay tribute to workers / annual tribute payment | 向劳动者致敬；年度贡赋
attribute	kin	contribute	contribute	v. 贡献；导致	contribute | v. 贡献；导致 | contribute to growth / contribute evidence | 促进增长；提供证据
attribute	kin	distribute	distribute	v. 分配；分发	distribute | v. 分配；分发 | distribute resources / distribute leaflets | 分配资源；分发传单
hypothesize	family	hypothesis	hypothesis	n. 假说	hypothesis | n. 假说 | test a hypothesis | 检验假说
invariably	family	invariable	invariable	adj. 不变的	invariable | adj. 不变的 | invariable pattern | 不变模式
conversely	family	converse	converse	n./adj. 反面/相反的	converse | n./adj. 反面/相反的 | converse relationship | 相反关系
conversely	kin	reverse	reverse	v./adj. 逆转；相反的	reverse | v./adj. 逆转；相反的 | reverse a trend / reverse order | 逆转趋势；相反顺序
conversely	kin	universe	universe	n. 宇宙	universe | n. 宇宙 | observable universe / fictional universe | 可观测宇宙；虚构宇宙
conversely	kin	verse	verse	n. 诗句	verse | n. 诗句 | free verse / verse translation | 自由诗；诗歌翻译
extrinsic	family	intrinsic	intrinsic	adj. 内在的	intrinsic | adj. 内在的 | intrinsic value | 内在价值
extrinsic	kin	string	string	n. 线；字符串	string | n. 线；字符串 | guitar string / text string | 吉他弦；文本字符串
extrinsic	kin	intrinsic	intrinsic	adj. 内在的	intrinsic | adj. 内在的 | intrinsic value / intrinsic motivation | 内在价值；内在动机
extrinsic	kin	strict	strict	adj. 严格的	strict | adj. 严格的 | strict regulation / strict teacher | 严格监管；严格老师
temporal	family	temporality	temporality	n. 时间性	temporality | n. 时间性 | social temporality | 社会时间性
contradictory	family	contradiction	contradiction	n. 矛盾	contradiction | n. 矛盾 | logical contradiction | 逻辑矛盾
contradictory	kin	dictate	dictate	v. 支配；口述	dictate | v. 支配；口述 | dictate policy / dictate a message | 支配政策；口述信息
contradictory	kin	verdict	verdict	n. 判决；结论	verdict | n. 判决；结论 | jury verdict / public verdict | 陪审团裁决；公众结论
contradictory	kin	dictionary	dictionary	n. 词典	dictionary | n. 词典 | paper dictionary / legal dictionary | 纸质词典；法律词典
ambiguous	family	ambiguity	ambiguity	n. 歧义；模糊	ambiguity | n. 歧义；模糊 | semantic ambiguity | 语义歧义
unbiased	family	bias	bias	n. 偏差；偏见	bias | n. 偏差；偏见 | sampling bias | 抽样偏差
simultaneous	family	simultaneously	simultaneously	adv. 同时地	simultaneously | adv. 同时地 | occur simultaneously | 同时发生
aquifer	family	aquiferous	aquiferous	adj. 含水层的；含水的	aquiferous | adj. 含水层的；含水的 | aquiferous rock | 含水岩层
aquifer	kin	aquatic	aquatic	adj. 水生的	aquatic | adj. 水生的 | aquatic species / aquatic environment | 水生物种；水生环境
aquifer	kin	aquarium	aquarium	n. 水族馆；鱼缸	aquarium | n. 水族馆；鱼缸 | public aquarium / aquarium display | 公共水族馆；水族展示
aquifer	kin	aquaculture	aquaculture	n. 水产养殖	aquaculture | n. 水产养殖 | marine aquaculture / aquaculture industry | 海水养殖；水产养殖业
arable	family	arability	arability	n. 可耕性；适耕性	arability | n. 可耕性；适耕性 | soil arability | 土壤可耕性
desalination	family	desalinate	desalinate	v. 脱盐	desalinate | v. 脱盐 | desalinate seawater | 淡化海水
desalination	kin	saline	saline	adj. 含盐的	saline | adj. 含盐的 | saline soil / saline solution | 盐碱土；盐水溶液
desalination	kin	salinity	salinity	n. 盐度	salinity | n. 盐度 | water salinity / soil salinity | 水体盐度；土壤盐度
desalination	kin	salt	salt	n. 盐	salt | n. 盐 | table salt / salt concentration | 食盐；盐浓度
effluent	family	effluence	effluence	n. 流出；流出物	effluence | n. 流出；流出物 | industrial effluence | 工业流出物
inundation	family	inundate	inundate	v. 淹没	inundate | v. 淹没 | inundate farmland | 淹没农田
biosphere	family	biological	biological	adj. 生物的	biological | adj. 生物的 | biological system | 生物系统
biosphere	kin	atmosphere	atmosphere	n. 大气；氛围	atmosphere | n. 大气；氛围 | Earth's atmosphere / academic atmosphere | 地球大气层；学术氛围
biosphere	kin	hemisphere	hemisphere	n. 半球	hemisphere | n. 半球 | northern hemisphere / brain hemisphere | 北半球；大脑半球
biosphere	kin	sphere	sphere	n. 球体；领域	sphere | n. 球体；领域 | public sphere / social sphere | 公共领域；社会领域
permeability	family	permeable	permeable	adj. 可渗透的	permeable | adj. 可渗透的 | permeable surface | 可渗透表面
sedimentation	family	sediment	sediment	n. 沉积物	sediment | n. 沉积物 | sediment layer | 沉积层
sedimentation	kin	sediment	sediment	n. 沉积物	sediment | n. 沉积物 | river sediment / sediment layer | 河流沉积物；沉积层
sedimentation	kin	sedentary	sedentary	adj. 久坐的；定居的	sedentary | adj. 久坐的；定居的 | sedentary lifestyle / sedentary society | 久坐生活方式；定居社会
sedimentation	kin	settle	settle	v. 沉降；解决	settle | v. 沉降；解决 | sediment settles / settle disputes | 沉积物沉降；解决争端
tributary	family	tribute	tribute	n. 贡品；致敬	tribute | n. 贡品；致敬 | pay tribute | 致敬
pristine	family	pristineness	pristineness	n. 原始纯净状态	pristineness | n. 原始纯净状态 | environmental pristineness | 环境原始纯净性
automated	family	automate	automate	v. 自动化	automate | v. 自动化 | automate monitoring | 自动化监测
automated	kin	automatic	automatic	adj. 自动的	automatic | adj. 自动的 | automatic response / automatic payment | 自动反应；自动付款
automated	kin	automobile	automobile	n. 汽车	automobile | n. 汽车 | automobile industry / automobile emissions | 汽车工业；汽车排放
automated	kin	autonomy	autonomy	n. 自主权	autonomy | n. 自主权 | academic autonomy / regional autonomy | 学术自主；地区自治
component	family	compose	compose	v. 构成	compose | v. 构成 | compose a system | 构成系统
blueprint	family	blueprinted	blueprinted	adj. 按蓝图设计的	blueprinted | adj. 按蓝图设计的 | blueprinted system | 按蓝图设计的系统
mechanism	family	mechanical	mechanical	adj. 机械的	mechanical | adj. 机械的 | mechanical system | 机械系统
patent	family	patent	patent	v. 申请专利	patent | v. 申请专利 | patent an invention | 为发明申请专利
diffusion	family	diffuse	diffuse	v. 扩散	diffuse | v. 扩散 | diffuse innovation | 扩散创新
harness	family	harnessing	harnessing	n. 利用；驾驭	harnessing | n. 利用；驾驭 | energy harnessing | 能源利用
nanotechnology	family	nanotech	nanotech	n. 纳米技术	nanotech | n. 纳米技术 | nanotech industry | 纳米技术产业
nanotechnology	kin	nano	nano	root 纳米；极小	nano | root 纳米；极小 | nano scale / nano particle | 纳米尺度；纳米颗粒
nanotechnology	kin	technology	technology	n. 技术	technology | n. 技术 | digital technology / medical technology | 数字技术；医疗技术
nanotechnology	kin	technician	technician	n. 技术员	technician | n. 技术员 | lab technician / medical technician | 实验室技术员；医疗技师
transmission	family	transmit	transmit	v. 传输	transmit | v. 传输 | transmit signals | 传输信号
utilization	family	utilize	utilize	v. 利用	utilize | v. 利用 | utilize waste | 利用废弃物
bureaucratic	family	bureaucracy	bureaucracy	n. 官僚体系	bureaucracy | n. 官僚体系 | state bureaucracy | 国家官僚体系
bureaucratic	kin	bureaucracy	bureaucracy	n. 官僚体系	bureaucracy | n. 官僚体系 | public bureaucracy / bureaucracy reform | 公共官僚体系；官僚体系改革
bureaucratic	kin	democratic	democratic	adj. 民主的	democratic | adj. 民主的 | democratic society / democratic process | 民主社会；民主程序
bureaucratic	kin	aristocratic	aristocratic	adj. 贵族的	aristocratic | adj. 贵族的 | aristocratic family / aristocratic privilege | 贵族家庭；贵族特权
enforcement	family	enforce	enforce	v. 执行	enforce | v. 执行 | enforce regulations | 执行规定
enforcement	kin	force	force	n./v. 力；强迫	force | n./v. 力；强迫 | market force / force compliance | 市场力量；强制合规
enforcement	kin	reinforce	reinforce	v. 加强	reinforce | v. 加强 | reinforce rules / reinforce memory | 加强规则；巩固记忆
enforcement	kin	fortify	fortify	v. 加固；增强	fortify | v. 加固；增强 | fortify defenses / fortify food | 加固防御；强化食品营养
governance	family	govern	govern	v. 治理	govern | v. 治理 | govern institutions | 治理机构
legitimacy	family	legitimate	legitimate	adj. 合法的；正当的	legitimate | adj. 合法的；正当的 | legitimate authority | 正当权威
mandatory	family	mandate	mandate	n./v. 授权/命令	mandate | n./v. 授权/命令 | legal mandate | 法律授权
transparency	family	transparent	transparent	adj. 透明的	transparent | adj. 透明的 | transparent process | 透明流程
negotiation	family	negotiate	negotiate	v. 谈判	negotiate | v. 谈判 | negotiate agreement | 协商协议
stakeholder	family	stake	stake	n. 利益；风险	stake | n. 利益；风险 | public stake | 公共利益
privatization	family	privatize	privatize	v. 私有化	privatize | v. 私有化 | privatize services | 私有化服务
privatization	kin	private	private	adj. 私人的；私营的	private | adj. 私人的；私营的 | private school / private property | 私立学校；私有财产
privatization	kin	privacy	privacy	n. 隐私	privacy | n. 隐私 | data privacy / privacy protection | 数据隐私；隐私保护
privatization	kin	deprive	deprive	v. 剥夺	deprive | v. 剥夺 | deprive children of education / deprive workers of rights | 剥夺儿童受教育机会；剥夺工人权利
viability	family	viable	viable	adj. 可行的	viable | adj. 可行的 | viable solution | 可行方案
viability	kin	viable	viable	adj. 可行的；能存活的	viable | adj. 可行的；能存活的 | viable solution / viable embryo | 可行方案；能存活胚胎
viability	kin	vital	vital	adj. 至关重要的；有生命力的	vital | adj. 至关重要的；有生命力的 | vital role / vital signs | 关键作用；生命体征
viability	kin	vitality	vitality	n. 活力	vitality | n. 活力 | urban vitality / cultural vitality | 城市活力；文化活力
franchise	family	franchisee	franchisee	n. 加盟商	franchisee | n. 加盟商 | franchisee contract | 加盟商合同
ownership	family	own	own	v. 拥有	own | v. 拥有 | own property | 拥有财产
analogous	family	analogy	analogy	n. 类比	analogy | n. 类比 | historical analogy | 历史类比
analogous	kin	logic	logic	n. 逻辑	logic | n. 逻辑 | internal logic / market logic | 内在逻辑；市场逻辑
analogous	kin	dialogue	dialogue	n. 对话	dialogue | n. 对话 | public dialogue / cross-cultural dialogue | 公共对话；跨文化对话
analogous	kin	catalogue	catalogue	n. 目录；清单	catalogue | n. 目录；清单 | a museum catalogue / catalogue errors | 博物馆目录；错误清单
benchmark	family	benchmarking	benchmarking	n. 基准比较	benchmarking | n. 基准比较 | policy benchmarking | 政策基准比较
fluctuation	family	fluctuate	fluctuate	v. 波动	fluctuate | v. 波动 | demand fluctuates | 需求波动
fluctuation	kin	flux	flux	n. 流动；变动	flux | n. 流动；变动 | price flux / magnetic flux | 价格波动；磁通量
fluctuation	kin	fluid	fluid	adj./n. 流动的；流体	fluid | adj./n. 流动的；流体 | fluid movement / fluid dynamics | 流动运动；流体力学
fluctuation	kin	influx	influx	n. 涌入	influx | n. 涌入 | influx of migrants / influx of capital | 移民涌入；资本流入
generalization	family	generalize	generalize	v. 概括；泛化	generalize | v. 概括；泛化 | generalize findings | 概括研究发现
generalization	kin	gene	gene	n. 基因	gene | n. 基因 | gene expression / gene mutation | 基因表达；基因突变
generalization	kin	generate	generate	v. 产生	generate | v. 产生 | generate income / generate evidence | 产生收入；产生证据
generalization	kin	gender	gender	n. 性别	gender | n. 性别 | gender equality / gender stereotype | 性别平等；性别刻板印象
parameter	family	parametric	parametric	adj. 参数的	parametric | adj. 参数的 | parametric model | 参数模型
parameter	kin	meter	meter	n. 仪表；米	meter | n. 仪表；米 | electric meter / one meter | 电表；一米
parameter	kin	thermometer	thermometer	n. 温度计	thermometer | n. 温度计 | clinical thermometer / digital thermometer | 临床体温计；数字温度计
parameter	kin	barometer	barometer	n. 气压计；指标	barometer | n. 气压计；指标 | economic barometer / barometer reading | 经济晴雨表；气压计读数
numerical	family	number	number	n. 数字	number | n. 数字 | large number | 大量数字
robust	family	robustness	robustness	n. 稳健性	robustness | n. 稳健性 | model robustness | 模型稳健性
verification	family	verify	verify	v. 验证	verify | v. 验证 | verify results | 验证结果
verification	kin	verify	verify	v. 核实	verify | v. 核实 | verify identity / verify data | 核实身份；核实数据
verification	kin	verity	verity	n. 真理；真实	verity | n. 真理；真实 | eternal verity / basic verity | 永恒真理；基本事实
verification	kin	verdict	verdict	n. 判决；结论	verdict | n. 判决；结论 | final verdict / court verdict | 最终结论；法院判决
underlying	family	underlie	underlie	v. 构成……基础	underlie | v. 构成……基础 | underlie inequality | 构成不平等基础
underlying	kin	lie	lie	v. 躺；位于	lie | v. 躺；位于 | lie beneath the surface / lie in bed | 位于表面之下；躺在床上
underlying	kin	layer	layer	n. 层	layer | n. 层 | underlying layer / data layer | 下层；数据层
underlying	kin	underlie	underlie	v. 构成……基础	underlie | v. 构成……基础 | underlie inequality / underlie behavior | 构成不平等基础；构成行为基础
implication	family	imply	imply	v. 暗示；意味着	imply | v. 暗示；意味着 | imply risk | 意味着风险
feasibility	family	feasible	feasible	adj. 可行的	feasible | adj. 可行的 | feasible plan | 可行计划
feasibility	kin	feasible	feasible	adj. 可行的	feasible | adj. 可行的 | feasible plan / feasible solution | 可行计划；可行方案
feasibility	kin	feat	feat	n. 壮举	feat | n. 壮举 | engineering feat / remarkable feat | 工程壮举；非凡成就
feasibility	kin	feature	feature	n. 特征；功能	feature | n. 特征；功能 | key feature / facial feature | 关键特征；面部特征
warrant	family	warranted	warranted	adj. 有理由的	warranted | adj. 有理由的 | warranted concern | 有根据的担忧
neuron	family	neuronal	neuronal	adj. 神经元的	neuronal | adj. 神经元的 | neuronal activity | 神经元活动
synapse	family	synaptic	synaptic	adj. 突触的	synaptic | adj. 突触的 | synaptic plasticity | 突触可塑性
plasticity	family	plastic	plastic	adj. 可塑的	plastic | adj. 可塑的 | plastic brain | 可塑大脑
hippocampus	family	hippocampal	hippocampal	adj. 海马体的	hippocampal | adj. 海马体的 | hippocampal memory | 海马体记忆
amygdala	family	amygdaloid	amygdaloid	adj. 杏仁核状的；杏仁形的	amygdaloid | adj. 杏仁核状的；杏仁形的 | amygdaloid nucleus | 杏仁状核
threshold	family	thresholded	thresholded	adj. 设阈值的；阈值化的	thresholded | adj. 设阈值的；阈值化的 | thresholded signal | 阈值化信号
sensory	family	sense	sense	n. 感官	sense | n. 感官 | sense organ | 感觉器官
reflex	family	reflexive	reflexive	adj. 反射性的	reflexive | adj. 反射性的 | reflexive response | 反射性反应
zoning	family	zone	zone	v. 划分区域	zone | v. 划分区域 | zone land | 划分土地用途
zoning	kin	zone	zone	n. 区域	zone | n. 区域 | time zone / industrial zone | 时区；工业区
zoning	kin	zonal	zonal	adj. 区域的；带状的	zonal | adj. 区域的；带状的 | zonal pattern / zonal climate | 带状模式；地带性气候
zoning	kin	ozone	ozone	n. 臭氧	ozone | n. 臭氧 | ozone layer / ground-level ozone | 臭氧层；地面臭氧
metropolis	family	metropolitan	metropolitan	adj. 大都市的	metropolitan | adj. 大都市的 | metropolitan region | 大都市区
amenities	family	amenity	amenity	n. 便利设施	amenity | n. 便利设施 | local amenity | 本地设施
gentrification	family	gentrify	gentrify	v. 绅士化	gentrify | v. 绅士化 | gentrify neighbourhoods | 使社区绅士化
gentrification	kin	gentle	gentle	adj. 温和的	gentle | adj. 温和的 | gentle reminder / gentle slope | 温和提醒；缓坡
gentrification	kin	gentry	gentry	n. 绅士阶层	gentry | n. 绅士阶层 | landed gentry / rural gentry | 土地绅士阶层；乡绅
gentrification	kin	generation	generation	n. 一代；生成	generation | n. 一代；生成 | younger generation / energy generation | 年轻一代；能源生成
pedestrianization	family	pedestrianize	pedestrianize	v. 使步行化	pedestrianize | v. 使步行化 | pedestrianize streets | 使街道步行化
sanitation	family	sanitary	sanitary	adj. 卫生的	sanitary | adj. 卫生的 | sanitary condition | 卫生条件
suburb	family	suburban	suburban	adj. 郊区的	suburban | adj. 郊区的 | suburban housing | 郊区住房
architecture	family	architectural	architectural	adj. 建筑的	architectural | adj. 建筑的 | architectural design | 建筑设计
assimilation	family	assimilate	assimilate	v. 同化；吸收	assimilate | v. 同化；吸收 | assimilate migrants | 同化移民
assimilation	kin	similar	similar	adj. 相似的	similar | adj. 相似的 | similar pattern / similar problem | 相似模式；类似问题
assimilation	kin	simulate	simulate	v. 模拟	simulate | v. 模拟 | simulate traffic / simulate climate change | 模拟交通；模拟气候变化
assimilation	kin	facsimile	facsimile	n. 复制品；传真	facsimile | n. 复制品；传真 | facsimile edition / facsimile transmission | 复制版；传真传输
indigenization	family	indigenous	indigenous	adj. 本土的；土著的	indigenous | adj. 本土的；土著的 | indigenous knowledge | 本土知识
indigenization	kin	gene	gene	n. 基因	gene | n. 基因 | gene flow / gene pool | 基因流动；基因库
indigenization	kin	indigenous	indigenous	adj. 原住民的；本土的	indigenous | adj. 原住民的；本土的 | indigenous culture / indigenous species | 原住民文化；本土物种
indigenization	kin	genesis	genesis	n. 起源	genesis | n. 起源 | genesis of conflict / genesis narrative | 冲突起源；创世叙事
camouflage	family	camouflage	camouflage	v. 伪装	camouflage | v. 伪装 | camouflage predators | 伪装捕食者
symbiosis	family	symbiotic	symbiotic	adj. 共生的	symbiotic | adj. 共生的 | symbiotic relationship | 共生关系
symbiosis	kin	biology	biology	n. 生物学	biology | n. 生物学 | marine biology / molecular biology | 海洋生物学；分子生物学
symbiosis	kin	biography	biography	n. 传记	biography | n. 传记 | political biography / short biography | 政治传记；简短传记
symbiosis	kin	antibiotic	antibiotic	n./adj. 抗生素；抗生的	antibiotic | n./adj. 抗生素；抗生的 | antibiotic resistance / antibiotic treatment | 抗生素耐药；抗生素治疗
parasite	family	parasitic	parasitic	adj. 寄生的	parasitic | adj. 寄生的 | parasitic species | 寄生物种
hibernation	family	hibernate	hibernate	v. 冬眠	hibernate | v. 冬眠 | bears hibernate | 熊冬眠
specimen	family	specimen-based	specimen-based	adj. 基于标本的	specimen-based | adj. 基于标本的 | specimen-based research | 标本研究
specimen	kin	species	species	n. 物种	species | n. 物种 | endangered species / native species | 濒危物种；本土物种
specimen	kin	specific	specific	adj. 具体的；特定的	specific | adj. 具体的；特定的 | specific requirement / specific species | 具体要求；特定物种
specimen	kin	special	special	adj. 特别的	special | adj. 特别的 | special education / special permit | 特殊教育；特别许可
morphology	family	morphological	morphological	adj. 形态的	morphological | adj. 形态的 | morphological feature | 形态特征
morphology	kin	morph	morph	v./n. 变形；形态	morph | v./n. 变形；形态 | morph into a new form / digital morph effect | 变成新形式；数字变形效果
morphology	kin	metamorphosis	metamorphosis	n. 变形；变态	metamorphosis | n. 变形；变态 | insect metamorphosis / social metamorphosis | 昆虫变态；社会变形
morphology	kin	amorphous	amorphous	adj. 无定形的；模糊的	amorphous | adj. 无定形的；模糊的 | amorphous mass / amorphous concept | 无定形团块；模糊概念
profound	family	profundity	profundity	n. 深刻性	profundity | n. 深刻性 | intellectual profundity | 思想深刻性
trivial	family	trivialize	trivialize	v. 使显得微不足道	trivialize | v. 使显得微不足道 | trivialize harm | 淡化伤害
unprecedented	family	precedent	precedent	n. 先例	precedent | n. 先例 | historical precedent | 历史先例
beneficial	family	benefit	benefit	n./v. 好处/受益	benefit | n./v. 好处/受益 | public benefit | 公共利益
ambiguity	family	ambiguous	ambiguous	adj. 模糊的	ambiguous | adj. 模糊的 | ambiguous evidence | 模糊证据
justification	family	justify	justify	v. 证明正当	justify | v. 证明正当 | justify intervention | 证明干预正当
justification	kin	justice	justice	n. 正义；司法	justice | n. 正义；司法 | social justice / criminal justice | 社会正义；刑事司法
justification	kin	justify	justify	v. 证明合理；辩护	justify | v. 证明合理；辩护 | justify spending / justify restrictions | 证明支出合理；为限制辩护
justification	kin	adjust	adjust	v. 调整	adjust | v. 调整 | adjust policy / adjust expectations | 调整政策；调整预期
differentiate	family	differentiation	differentiation	n. 区分；分化	differentiation | n. 区分；分化 | social differentiation | 社会分化
differentiate	kin	differ	differ	v. 不同；有分歧	differ | v. 不同；有分歧 | methods differ / views differ | 方法不同；观点分歧
differentiate	kin	defer	defer	v. 推迟；听从	defer | v. 推迟；听从 | defer payment / defer to authority | 延期付款；服从权威
differentiate	kin	ferry	ferry	n./v. 渡船；运送	ferry | n./v. 渡船；运送 | ferry passengers / ferry route | 运送乘客；渡轮路线
corroborate	family	corroboration	corroboration	n. 证实	corroboration | n. 证实 | independent corroboration | 独立证实
implement	family	implementation	implementation	n. 实施	implementation | n. 实施 | policy implementation | 政策实施
negate	family	negation	negation	n. 否定	negation | n. 否定 | logical negation | 逻辑否定
sophisticated	family	sophistication	sophistication	n. 复杂性；精密性	sophistication | n. 复杂性；精密性 | technical sophistication | 技术复杂性
synthesize	family	synthesis	synthesis	n. 综合；合成	synthesis | n. 综合；合成 | evidence synthesis | 证据综合
combustion	family	combust	combust	v. 燃烧	combust | v. 燃烧 | combust fuel | 燃烧燃料
greenhouse	family	greenhousing	greenhousing	n. 温室栽培；温室化	greenhousing | n. 温室栽培；温室化 | greenhousing method | 温室栽培法
refinery	family	refine	refine	v. 精炼	refine | v. 精炼 | refine petroleum | 精炼石油
despoil	family	despoiled	despoiled	adj. 被破坏的	despoiled | adj. 被破坏的 | despoiled habitat | 被破坏栖息地
afforestation	family	afforest	afforest	v. 造林	afforest | v. 造林 | afforest degraded land | 在退化土地造林
afforestation	kin	forest	forest	n. 森林	forest | n. 森林 | a dense forest / forest conservation | 茂密森林；森林保护
afforestation	kin	deforestation	deforestation	n. 森林砍伐	deforestation | n. 森林砍伐 | rapid deforestation / deforestation rates | 快速毁林；毁林率
afforestation	kin	reforestation	reforestation	n. 重新造林	reforestation | n. 重新造林 | large-scale reforestation / reforestation project | 大规模重新造林；再造林项目
catchment	family	catchment-scale	catchment-scale	adj. 流域尺度的	catchment-scale | adj. 流域尺度的 | catchment-scale analysis | 流域尺度分析
hydroponics	family	hydroponic	hydroponic	adj. 水培的	hydroponic | adj. 水培的 | hydroponic farming | 水培农业
hydroponics	kin	hydro	hydro	root 水	hydro | root 水 | hydro system / hydro energy | 水系统；水能
hydroponics	kin	ponic	ponic	root 劳作；栽培	ponic | root 劳作；栽培 | hydroponic farming / hydroponic lettuce | 水培农业；水培生菜
hydroponics	kin	aquaponics	aquaponics	n. 鱼菜共生	aquaponics | n. 鱼菜共生 | aquaponics system / urban aquaponics | 鱼菜共生系统；城市鱼菜共生
nitrogen	family	nitrogenous	nitrogenous	adj. 含氮的	nitrogenous | adj. 含氮的 | nitrogenous compound | 含氮化合物
nitrogen	kin	nitrate	nitrate	n. 硝酸盐	nitrate | n. 硝酸盐 | nitrate pollution / nitrate fertilizer | 硝酸盐污染；硝酸盐肥料
nitrogen	kin	nitrite	nitrite	n. 亚硝酸盐	nitrite | n. 亚硝酸盐 | nitrite level / nitrite preservative | 亚硝酸盐水平；亚硝酸盐防腐剂
nitrogen	kin	nutrient	nutrient	n. 营养物	nutrient | n. 营养物 | soil nutrient / essential nutrient | 土壤养分；必需营养素
incineration	family	incinerate	incinerate	v. 焚烧	incinerate | v. 焚烧 | incinerate waste | 焚烧废弃物
landfill	family	landfilled	landfilled	adj. 被填埋的	landfilled | adj. 被填埋的 | landfilled waste | 填埋垃圾
monoculture	family	monocultural	monocultural	adj. 单一文化的	monocultural | adj. 单一文化的 | monocultural system | 单一文化系统
monoculture	kin	mono	mono	root 单一	mono | root 单一 | monolingual education / monochrome image | 单语教育；单色图像
monoculture	kin	culture	culture	n. 文化；培养	culture | n. 文化；培养 | local culture / cell culture | 地方文化；细胞培养
monoculture	kin	agriculture	agriculture	n. 农业	agriculture | n. 农业 | industrial agriculture / sustainable agriculture | 工业化农业；可持续农业
overgrazing	family	overgraze	overgraze	v. 过度放牧	overgraze | v. 过度放牧 | overgraze grassland | 过度放牧草地
permeable	family	permeability	permeability	n. 渗透性	permeability | n. 渗透性 | soil permeability | 土壤渗透性
water-table	family	watertable	watertable	adj./n. 地下水位的；地下水位	watertable | adj./n. 地下水位的；地下水位 | watertable level | 地下水位
agglomeration	family	agglomerate	agglomerate	v. 聚集	agglomerate | v. 聚集 | agglomerate industries | 聚集产业
elite	family	elitism	elitism	n. 精英主义	elitism | n. 精英主义 | cultural elitism | 文化精英主义
benevolence	family	benevolent	benevolent	adj. 仁慈的	benevolent | adj. 仁慈的 | benevolent ruler | 仁慈统治者
communal	family	community	community	n. 社区	community | n. 社区 | community resource | 社区资源
feudalism	family	feudal	feudal	adj. 封建的	feudal | adj. 封建的 | feudal hierarchy | 封建等级
patriarchy	family	patriarchal	patriarchal	adj. 父权的	patriarchal | adj. 父权的 | patriarchal norm | 父权规范
patriarchy	kin	father	father	n. 父亲	father | n. 父亲 | working father / founding father | 在职父亲；开国元勋
patriarchy	kin	patriarch	patriarch	n. 男性家长；族长	patriarch | n. 男性家长；族长 | family patriarch / biblical patriarch | 家族族长；圣经族长
patriarchy	kin	hierarchy	hierarchy	n. 等级制度	hierarchy | n. 等级制度 | social hierarchy / gender hierarchy | 社会等级；性别等级
hostility	family	hostile	hostile	adj. 敌对的	hostile | adj. 敌对的 | hostile attitude | 敌对态度
xenophobia	family	xenophobic	xenophobic	adj. 排外的	xenophobic | adj. 排外的 | xenophobic rhetoric | 排外修辞
liberalism	family	liberal	liberal	adj. 自由主义的	liberal | adj. 自由主义的 | liberal democracy | 自由民主制
liberalism	kin	liberate	liberate	v. 解放	liberate | v. 解放 | liberate workers / liberate creativity | 解放劳动者；解放创造力
liberalism	kin	liberty	liberty	n. 自由	liberty | n. 自由 | civil liberty / personal liberty | 公民自由；个人自由
liberalism	kin	library	library	n. 图书馆；资料库	library | n. 图书馆；资料库 | public library / digital library | 公共图书馆；数字图书馆
meritocracy	family	meritocratic	meritocratic	adj. 任人唯才的	meritocratic | adj. 任人唯才的 | meritocratic system | 任人唯才制度
meritocracy	kin	merit	merit	n. 优点；功绩	merit | n. 优点；功绩 | academic merit / merit-based admission | 学术优点；择优录取
meritocracy	kin	democracy	democracy	n. 民主	democracy | n. 民主 | liberal democracy / participatory democracy | 自由民主；参与式民主
meritocracy	kin	bureaucracy	bureaucracy	n. 官僚体系	bureaucracy | n. 官僚体系 | public bureaucracy / bureaucracy reform | 公共官僚体系；官僚改革
oppression	family	oppress	oppress	v. 压迫	oppress | v. 压迫 | oppress minorities | 压迫少数群体
oppression	kin	press	press	v./n. 按压；媒体	press | v./n. 按压；媒体 | press a button / free press | 按按钮；自由媒体
oppression	kin	pressure	pressure	n. 压力	pressure | n. 压力 | social pressure / water pressure | 社会压力；水压
oppression	kin	suppress	suppress	v. 压制	suppress | v. 压制 | suppress dissent / suppress symptoms | 压制异见；抑制症状
radicalism	family	radical	radical	adj. 激进的	radical | adj. 激进的 | radical reform | 激进改革
utilitarianism	family	utilitarian	utilitarian	adj. 功利主义的	utilitarian | adj. 功利主义的 | utilitarian ethics | 功利主义伦理
virtue	family	virtuous	virtuous	adj. 有美德的	virtuous | adj. 有美德的 | virtuous citizen | 有美德的公民
axiom	family	axiomatic	axiomatic	adj. 公理化的	axiomatic | adj. 公理化的 | axiomatic system | 公理体系
logic	family	logical	logical	adj. 逻辑的	logical | adj. 逻辑的 | logical structure | 逻辑结构
logic	kin	analogy	analogy	n. 类比	analogy | n. 类比 | historical analogy / use an analogy | 历史类比；使用类比
logic	kin	dialogue	dialogue	n. 对话	dialogue | n. 对话 | public dialogue / cross-cultural dialogue | 公共对话；跨文化对话
logic	kin	catalogue	catalogue	n. 目录；清单	catalogue | n. 目录；清单 | library catalogue / catalogue errors | 图书馆目录；错误清单
causality	family	causal	causal	adj. 因果的	causal | adj. 因果的 | causal mechanism | 因果机制
uncertainty	family	uncertain	uncertain	adj. 不确定的	uncertain | adj. 不确定的 | uncertain outcome | 不确定结果
epistemology	family	epistemic	epistemic	adj. 认识的	epistemic | adj. 认识的 | epistemic authority | 认识权威
epistemology	kin	logic	logic	n. 逻辑	logic | n. 逻辑 | formal logic / internal logic | 形式逻辑；内在逻辑
epistemology	kin	knowledge	knowledge	n. 知识	knowledge | n. 知识 | scientific knowledge / local knowledge | 科学知识；地方知识
epistemology	kin	methodology	methodology	n. 方法论	methodology | n. 方法论 | research methodology / survey methodology | 研究方法论；调查方法论
ontology	family	ontological	ontological	adj. 本体论的	ontological | adj. 本体论的 | ontological question | 本体论问题
ontology	kin	entity	entity	n. 实体	entity | n. 实体 | legal entity / separate entity | 法人实体；独立实体
ontology	kin	being	being	n. 存在；生物	being | n. 存在；生物 | human being / state of being | 人类；存在状态
ontology	kin	ontological	ontological	adj. 本体论的	ontological | adj. 本体论的 | ontological question / ontological status | 本体论问题；本体地位
hypothetical	family	hypothesis	hypothesis	n. 假说	hypothesis | n. 假说 | test a hypothesis | 检验假说
kinetics	family	kinetic	kinetic	adj. 动力的	kinetic | adj. 动力的 | kinetic energy | 动能
kinetics	kin	kinetic	kinetic	adj. 运动的	kinetic | adj. 运动的 | kinetic energy / kinetic sculpture | 动能；动态雕塑
kinetics	kin	cinema	cinema	n. 电影；电影院	cinema | n. 电影；电影院 | cinema industry / cinema screen | 电影产业；电影银幕
kinetics	kin	motion	motion	n. 运动；提议	motion | n. 运动；提议 | motion sensor / parliamentary motion | 运动传感器；议会动议
manifesto	family	manifest	manifest	v. 显现	manifest | v. 显现 | manifest belief | 显现信念
nuance	family	nuanced	nuanced	adj. 细致入微的	nuanced | adj. 细致入微的 | nuanced argument | 细致论证
syllogism	family	syllogistic	syllogistic	adj. 三段论的	syllogistic | adj. 三段论的 | syllogistic reasoning | 三段论推理
syllogism	kin	logic	logic	n. 逻辑	logic | n. 逻辑 | formal logic / internal logic | 形式逻辑；内在逻辑
syllogism	kin	analogy	analogy	n. 类比	analogy | n. 类比 | historical analogy / legal analogy | 历史类比；法律类比
syllogism	kin	dialogue	dialogue	n. 对话	dialogue | n. 对话 | public dialogue / cross-cultural dialogue | 公共对话；跨文化对话
tautology	family	tautological	tautological	adj. 同义反复的	tautological | adj. 同义反复的 | tautological statement | 重言式陈述
tautology	kin	logic	logic	n. 逻辑	logic | n. 逻辑 | formal logic / internal logic | 形式逻辑；内在逻辑
tautology	kin	apology	apology	n. 道歉；辩护	apology | n. 道歉；辩护 | public apology / official apology | 公开道歉；官方道歉
tautology	kin	topology	topology	n. 拓扑学	topology | n. 拓扑学 | network topology / topology theory | 网络拓扑；拓扑理论
ambivalent	family	ambivalence	ambivalence	n. 矛盾心理	ambivalence | n. 矛盾心理 | public ambivalence | 公众矛盾心理
categorical	family	category	category	n. 类别	category | n. 类别 | category boundary | 类别边界
discernible	family	discern	discern	v. 辨别	discern | v. 辨别 | discern meaning | 辨别含义
discernible	kin	discern	discern	v. 识别；看出	discern | v. 识别；看出 | discern patterns / discern motives | 识别模式；看出动机
discernible	kin	concern	concern	n./v. 关切；涉及	concern | n./v. 关切；涉及 | major concern / concern families | 重大关切；涉及家庭
discernible	kin	screen	screen	n./v. 屏幕；筛查	screen | n./v. 屏幕；筛查 | screen data / screen display | 筛选数据；屏幕显示
equivocal	family	equivocation	equivocation	n. 含糊其辞	equivocation | n. 含糊其辞 | political equivocation | 政治含糊
heuristic	family	heuristic	heuristic	adj. 启发式的	heuristic | adj. 启发式的 | heuristic shortcut | 启发式捷径
judicious	family	judgement	judgement	n. 判断	judgement | n. 判断 | sound judgement | 健全判断
meticulous	family	meticulously	meticulously	adv. 细致地	meticulously | adv. 细致地 | meticulously document | 细致记录
opaque	family	opacity	opacity	n. 不透明性	opacity | n. 不透明性 | institutional opacity | 制度不透明
pragmatic	family	pragmatism	pragmatism	n. 实用主义	pragmatism | n. 实用主义 | political pragmatism | 政治实用主义
pragmatic	kin	practice	practice	n./v. 实践；练习	practice | n./v. 实践；练习 | teaching practice / practice speaking | 教学实践；练习口语
pragmatic	kin	practical	practical	adj. 实用的	practical | adj. 实用的 | practical solution / practical skill | 实用方案；实用技能
pragmatic	kin	pragmatism	pragmatism	n. 实用主义	pragmatism | n. 实用主义 | political pragmatism / educational pragmatism | 政治实用主义；教育实用主义
stringent	family	stringency	stringency	n. 严格性	stringency | n. 严格性 | policy stringency | 政策严格性
stringent	kin	string	string	n. 线；字符串	string | n. 线；字符串 | guitar string / text string | 吉他弦；文本字符串
stringent	kin	strict	strict	adj. 严格的	strict | adj. 严格的 | strict regulation / strict teacher | 严格监管；严格老师
stringent	kin	astringent	astringent	adj./n. 收敛的；收敛剂	astringent | adj./n. 收敛的；收敛剂 | astringent taste / skin astringent | 涩味；皮肤收敛剂
tenuous	family	tenuity	tenuity	n. 薄弱	tenuity | n. 薄弱 | argument tenuity | 论证薄弱
salient	family	salience	salience	n. 显著性	salience | n. 显著性 | issue salience | 议题显著性
quota	family	quotable	quotable	adj. 值得引用的；可引用的	quotable | adj. 值得引用的；可引用的 | quotable line | 可引用句子
regulation	family	regulate	regulate	v. 监管	regulate | v. 监管 | regulate markets | 监管市场
decree	family	decree	decree	v. 颁布法令	decree | v. 颁布法令 | decree reform | 颁布改革
ratify	family	ratification	ratification	n. 批准	ratification | n. 批准 | treaty ratification | 条约批准
regime	family	regimen	regimen	n. 养生法；制度化方案	regimen | n. 养生法；制度化方案 | dietary regimen | 饮食方案
rebuttal	family	rebut	rebut	v. 反驳	rebut | v. 反驳 | rebut criticism | 反驳批评
retroactive	family	retroactively	retroactively	adv. 追溯地	retroactively | adv. 追溯地 | apply retroactively | 追溯适用
rigorous	family	rigour	rigour	n. 严谨性	rigour | n. 严谨性 | academic rigour | 学术严谨性
sequential	family	sequence	sequence	n. 顺序	sequence | n. 顺序 | temporal sequence | 时间顺序
subsequent	family	subsequently	subsequently	adv. 随后	subsequently | adv. 随后 | subsequently decline | 随后下降
supersede	family	supersession	supersession	n. 取代	supersession | n. 取代 | legal supersession | 法律取代
sufficient	family	sufficiency	sufficiency	n. 充分性	sufficiency | n. 充分性 | evidence sufficiency | 证据充分性
quarantine	family	quarantine	quarantine	v. 隔离	quarantine | v. 隔离 | quarantine travellers | 隔离旅行者
rehabilitate	family	rehabilitation	rehabilitation	n. 康复；改造	rehabilitation | n. 康复；改造 | rehabilitation programme | 康复项目
outsourcing	family	outsource	outsource	v. 外包	outsource | v. 外包 | outsource services | 外包服务
revenue	family	revenuer	revenuer	n. 税务官；税收人员	revenuer | n. 税务官；税收人员 | government revenuer | 政府税务人员
margin	family	marginal	marginal	adj. 边际的	marginal | adj. 边际的 | marginal cost | 边际成本
merger	family	merge	merge	v. 合并	merge | v. 合并 | merge companies | 合并公司
subsidiary	family	subsidiary	subsidiary	adj. 附属的	subsidiary | adj. 附属的 | subsidiary role | 附属角色
retail	family	retailer	retailer	n. 零售商	retailer | n. 零售商 | major retailer | 大型零售商
subsidy	family	subsidize	subsidize	v. 补贴	subsidize | v. 补贴 | subsidize transport | 补贴交通
surplus	family	surplus	surplus	adj. 过剩的	surplus | adj. 过剩的 | surplus labour | 过剩劳动力
inflation	family	inflate	inflate	v. 使膨胀；抬高	inflate | v. 使膨胀；抬高 | inflate prices | 抬高价格
recession	family	recessive	recessive	adj. 衰退的；隐性的	recessive | adj. 衰退的；隐性的 | recessive trend | 衰退趋势
taxation	family	tax	tax	v./n. 征税/税	tax | v./n. 征税/税 | tax income | 对收入征税
monopoly	family	monopolize	monopolize	v. 垄断	monopolize | v. 垄断 | monopolize resources | 垄断资源
productivity	family	productive	productive	adj. 有生产力的	productive | adj. 有生产力的 | productive worker | 高产员工
productivity	kin	product	product	n. 产品；结果	product | n. 产品；结果 | digital product / product design | 数字产品；产品设计
productivity	kin	produce	produce	v./n. 生产；农产品	produce | v./n. 生产；农产品 | produce goods / fresh produce | 生产商品；新鲜农产品
productivity	kin	productive	productive	adj. 高产的；有效的	productive | adj. 高产的；有效的 | productive meeting / productive farmland | 高效会议；高产农田
entrepreneurship	family	entrepreneur	entrepreneur	n. 企业家	entrepreneur | n. 企业家 | young entrepreneur | 年轻企业家
algorithmic	family	algorithm	algorithm	n. 算法	algorithm | n. 算法 | ranking algorithm | 排序算法
interoperability	family	interoperate	interoperate	v. 互操作	interoperate | v. 互操作 | systems interoperate | 系统互通
interoperability	kin	operate	operate	v. 运作；操作	operate | v. 运作；操作 | operate machinery / operate efficiently | 操作机器；高效运作
interoperability	kin	operator	operator	n. 操作者；运营商	operator | n. 操作者；运营商 | machine operator / network operator | 机器操作员；网络运营商
interoperability	kin	operation	operation	n. 运作；手术	operation | n. 运作；手术 | daily operation / surgical operation | 日常运营；外科手术
digitization	family	digitize	digitize	v. 数字化	digitize | v. 数字化 | digitize records | 数字化记录
digitization	kin	digit	digit	n. 数字；手指	digit | n. 数字；手指 | single digit / digit recognition | 个位数；数字识别
digitization	kin	digital	digital	adj. 数字的	digital | adj. 数字的 | digital platform / digital literacy | 数字平台；数字素养
digitization	kin	indigo	indigo	n./adj. 靛蓝色	indigo | n./adj. 靛蓝色 | indigo dye / indigo fabric | 靛蓝染料；靛蓝布料
decentralization	family	decentralize	decentralize	v. 去中心化	decentralize | v. 去中心化 | decentralize authority | 分散权力
decentralization	kin	center	center	n. 中心	center | n. 中心 | city center / research center | 市中心；研究中心
decentralization	kin	central	central	adj. 中央的；核心的	central | adj. 中央的；核心的 | central authority / central question | 中央权威；核心问题
decentralization	kin	eccentric	eccentric	adj. 古怪的；偏心的	eccentric | adj. 古怪的；偏心的 | eccentric behavior / eccentric orbit | 古怪行为；偏心轨道
cryptography	family	cryptographic	cryptographic	adj. 密码学的	cryptographic | adj. 密码学的 | cryptographic proof | 密码学证明
cryptography	kin	crypt	crypt	n. 地窖；墓穴	crypt | n. 地窖；墓穴 | ancient crypt / church crypt | 古墓穴；教堂地下墓室
cryptography	kin	encrypt	encrypt	v. 加密	encrypt | v. 加密 | encrypt messages / encrypt personal data | 加密信息；加密个人数据
cryptography	kin	graph	graph	n. 图表	graph | n. 图表 | line graph / network graph | 折线图；网络图
biometric	family	biometrics	biometrics	n. 生物识别技术	biometrics | n. 生物识别技术 | facial biometrics | 人脸生物识别
biometric	kin	geometry	geometry	n. 几何；几何结构	geometry | n. 几何；几何结构 | facial geometry / spatial geometry | 面部几何结构；空间几何
biometric	kin	thermometer	thermometer	n. 温度计	thermometer | n. 温度计 | body thermometer / infrared thermometer | 体温计；红外温度计
biometric	kin	parameter	parameter	n. 参数	parameter | n. 参数 | biometric parameter / security parameter | 生物识别参数；安全参数
virtualization	family	virtualize	virtualize	v. 虚拟化	virtualize | v. 虚拟化 | virtualize servers | 虚拟化服务器
scalability	family	scalable	scalable	adj. 可扩展的	scalable | adj. 可扩展的 | scalable design | 可扩展设计
cybernetic	family	cybernetics	cybernetics	n. 控制论	cybernetics | n. 控制论 | cybernetics theory | 控制论理论
computational	family	computation	computation	n. 计算	computation | n. 计算 | complex computation | 复杂计算
telecommunication	family	telecom	telecom	n. 电信	telecom | n. 电信 | telecom industry | 电信业
telecommunication	kin	telephone	telephone	n. 电话	telephone | n. 电话 | telephone call / telephone network | 电话通话；电话网络
telecommunication	kin	telegram	telegram	n. 电报	telegram | n. 电报 | send a telegram / telegram message | 发电报；电报信息
telecommunication	kin	telescope	telescope	n. 望远镜	telescope | n. 望远镜 | space telescope / optical telescope | 太空望远镜；光学望远镜
latency	family	latent	latent	adj. 潜在的	latent | adj. 潜在的 | latent period | 潜伏期
framework	family	frame	frame	v. 构建；框定	frame | v. 构建；框定 | frame an issue | 框定议题
robotics	family	robotic	robotic	adj. 机器人的	robotic | adj. 机器人的 | robotic arm | 机械臂
desertification	family	desertify	desertify	v. 荒漠化	desertify | v. 荒漠化 | desertify farmland | 使农田荒漠化
desertification	kin	desert	desert	n./v. 沙漠；抛弃	desert | n./v. 沙漠；抛弃 | desert ecosystem / desert one's duty | 沙漠生态系统；抛弃职责
desertification	kin	fertile	fertile	adj. 肥沃的；富有创造力的	fertile | adj. 肥沃的；富有创造力的 | fertile soil / fertile imagination | 肥沃土壤；丰富想象力
desertification	kin	fertilization	fertilization	n. 施肥；受精	fertilization | n. 施肥；受精 | soil fertilization / egg fertilization | 土壤施肥；卵子受精
reforestation	family	reforest	reforest	v. 再造林	reforest | v. 再造林 | reforest degraded land | 在退化土地再造林
reforestation	kin	forest	forest	n. 森林	forest | n. 森林 | tropical forest / forest habitat | 热带森林；森林栖息地
reforestation	kin	deforestation	deforestation	n. 森林砍伐	deforestation | n. 森林砍伐 | rapid deforestation / deforestation rate | 快速毁林；毁林率
reforestation	kin	afforestation	afforestation	n. 造林	afforestation | n. 造林 | afforestation project / urban afforestation | 造林项目；城市造林
pollutant	family	pollute	pollute	v. 污染	pollute | v. 污染 | pollute rivers | 污染河流
eutrophication	family	eutrophic	eutrophic	adj. 富营养化的	eutrophic | adj. 富营养化的 | eutrophic water | 富营养化水体
biodiversity	family	biodiverse	biodiverse	adj. 生物多样性丰富的	biodiverse | adj. 生物多样性丰富的 | biodiverse forest | 生物多样性丰富的森林
biodiversity	kin	biology	biology	n. 生物学	biology | n. 生物学 | molecular biology / marine biology | 分子生物学；海洋生物学
biodiversity	kin	biography	biography	n. 传记	biography | n. 传记 | political biography / short biography | 政治传记；简短传记
biodiversity	kin	antibiotic	antibiotic	n./adj. 抗生素；抗生的	antibiotic | n./adj. 抗生素；抗生的 | antibiotic resistance / antibiotic treatment | 抗生素耐药；抗生素治疗
habitat	family	habitable	habitable	adj. 可居住的	habitable | adj. 可居住的 | habitable zone | 宜居带
conservationist	family	conservation	conservation	n. 保护	conservation | n. 保护 | habitat conservation | 栖息地保护
ecosystem	family	ecosystemic	ecosystemic	adj. 生态系统的	ecosystemic | adj. 生态系统的 | ecosystemic change | 生态系统变化
deforestation	family	deforest	deforest	v. 砍伐森林	deforest | v. 砍伐森林 | deforest hillsides | 砍伐山坡森林
deforestation	kin	forest	forest	n. 森林	forest | n. 森林 | tropical forest / forest habitat | 热带森林；森林栖息地
deforestation	kin	afforestation	afforestation	n. 造林	afforestation | n. 造林 | afforestation programme / urban afforestation | 造林项目；城市造林
deforestation	kin	reforestation	reforestation	n. 再造林	reforestation | n. 再造林 | reforestation effort / reforestation policy | 再造林努力；再造林政策
emission	family	emit	emit	v. 排放	emit | v. 排放 | emit gases | 排放气体
salinization	family	saline	saline	adj. 含盐的	saline | adj. 含盐的 | saline soil | 盐碱土
salinization	kin	saline	saline	adj. 含盐的	saline | adj. 含盐的 | saline soil / saline solution | 盐碱土；盐水溶液
salinization	kin	salinity	salinity	n. 盐度	salinity | n. 盐度 | soil salinity / water salinity | 土壤盐度；水体盐度
salinization	kin	salt	salt	n. 盐	salt | n. 盐 | table salt / salt concentration | 食盐；盐浓度
contamination	family	contaminate	contaminate	v. 污染	contaminate | v. 污染 | contaminate groundwater | 污染地下水
contamination	kin	contaminate	contaminate	v. 污染	contaminate | v. 污染 | contaminate drinking water / contaminate samples | 污染饮用水；污染样本
contamination	kin	contact	contact	n./v. 接触；联系	contact | n./v. 接触；联系 | direct contact / contact local officials | 直接接触；联系地方官员
contamination	kin	container	container	n. 容器；集装箱	container | n. 容器；集装箱 | sealed container / cargo container | 密封容器；货运集装箱
metacognition	family	metacognitive	metacognitive	adj. 元认知的	metacognitive | adj. 元认知的 | metacognitive awareness | 元认知意识
metacognition	kin	cognition	cognition	n. 认知	cognition | n. 认知 | human cognition / social cognition | 人类认知；社会认知
metacognition	kin	recognition	recognition	n. 识别；承认	recognition | n. 识别；承认 | word recognition / international recognition | 单词识别；国际承认
metacognition	kin	metaphor	metaphor	n. 隐喻	metaphor | n. 隐喻 | visual metaphor / dead metaphor | 视觉隐喻；死隐喻
feedback	family	feedbacked	feedbacked	adj. 被反馈的；经反馈的	feedbacked | adj. 被反馈的；经反馈的 | feedbacked response | 经反馈的回应
reinforcement	family	reinforce	reinforce	v. 强化	reinforce | v. 强化 | reinforce behaviour | 强化行为
retention	family	retain	retain	v. 保留；记住	retain | v. 保留；记住 | retain information | 保留信息
aptitude	family	apt	apt	adj. 易于……的	apt | adj. 易于……的 | apt learner | 善学者
numeracy	family	numerate	numerate	adj. 有计算能力的	numerate | adj. 有计算能力的 | numerate worker | 有计算能力的工人
numeracy	kin	number	number	n./v. 数字；编号	number | n./v. 数字；编号 | student number / number the pages | 学号；给页面编号
numeracy	kin	numerical	numerical	adj. 数字的	numerical | adj. 数字的 | numerical data / numerical order | 数字数据；数字顺序
numeracy	kin	enumerate	enumerate	v. 列举；枚举	enumerate | v. 列举；枚举 | enumerate causes / enumerate items | 列举原因；逐项列出
assessment	family	assess	assess	v. 评估	assess | v. 评估 | assess progress | 评估进展
engagement	family	engage	engage	v. 参与；吸引	engage | v. 参与；吸引 | engage learners | 吸引学习者
distraction	family	distract	distract	v. 分散注意力	distract | v. 分散注意力 | distract students | 使学生分心
distraction	kin	distract	distract	v. 分散注意力	distract | v. 分散注意力 | distract drivers / distract students | 分散司机注意；分散学生注意
distraction	kin	tract	tract	n. 地带；大片土地	tract | n. 地带；大片土地 | forest tract / digestive tract | 森林地带；消化道
distraction	kin	attract	attract	v. 吸引	attract | v. 吸引 | attract investment / attract attention | 吸引投资；吸引注意力
comprehension	family	comprehend	comprehend	v. 理解	comprehend | v. 理解 | comprehend argument | 理解论证
behaviorism	family	behaviorist	behaviorist	n./adj. 行为主义者/行为主义的	behaviorist | n./adj. 行为主义者/行为主义的 | behaviorist approach | 行为主义方法
constructivism	family	constructivist	constructivist	adj. 建构主义的	constructivist | adj. 建构主义的 | constructivist classroom | 建构主义课堂
constructivism	kin	structure	structure	n. 结构	structure | n. 结构 | social structure / sentence structure | 社会结构；句子结构
constructivism	kin	instruct	instruct	v. 指导；命令	instruct | v. 指导；命令 | instruct students / instruct officials | 指导学生；命令官员
constructivism	kin	destruction	destruction	n. 破坏	destruction | n. 破坏 | environmental destruction / destruction of evidence | 环境破坏；毁灭证据
hormone	family	hormonal	hormonal	adj. 激素的	hormonal | adj. 激素的 | hormonal change | 激素变化
homeostasis	family	homeostatic	homeostatic	adj. 稳态的	homeostatic | adj. 稳态的 | homeostatic regulation | 稳态调节
pathogen	family	pathogenic	pathogenic	adj. 致病的	pathogenic | adj. 致病的 | pathogenic bacteria | 致病细菌
pathogen	kin	path	path	n. 路径	path | n. 路径 | disease path / career path | 疾病路径；职业路径
pathogen	kin	pathology	pathology	n. 病理学	pathology | n. 病理学 | clinical pathology / social pathology | 临床病理学；社会病态
pathogen	kin	sympathy	sympathy	n. 同情	sympathy | n. 同情 | public sympathy / sympathy for patients | 公众同情；对患者的同情
antibody	family	antigen	antigen	n. 抗原	antigen | n. 抗原 | antigen detection | 抗原检测
vaccination	family	vaccinate	vaccinate	v. 接种疫苗	vaccinate | v. 接种疫苗 | vaccinate children | 给儿童接种疫苗
vaccination	kin	vaccine	vaccine	n. 疫苗	vaccine | n. 疫苗 | flu vaccine / vaccine safety | 流感疫苗；疫苗安全
vaccination	kin	vacate	vacate	v. 腾出；离开	vacate | v. 腾出；离开 | vacate a seat / vacate property | 腾出座位；腾空房产
vaccination	kin	vacuum	vacuum	n./v. 真空；吸尘	vacuum | n./v. 真空；吸尘 | vacuum cleaner / vacuum chamber | 吸尘器；真空室
immunity	family	immune	immune	adj. 免疫的	immune | adj. 免疫的 | immune response | 免疫反应
diagnosis	family	diagnose	diagnose	v. 诊断	diagnose | v. 诊断 | diagnose disease | 诊断疾病
infection	family	infect	infect	v. 感染	infect | v. 感染 | infect cells | 感染细胞
epidemic	family	epidemic	epidemic	adj. 流行性的	epidemic | adj. 流行性的 | epidemic spread | 流行传播
epidemic	kin	demos	demos	n. 人民	demos | n. 人民 | the demos / democratic demos | 人民大众；民主人民
epidemic	kin	pandemic	pandemic	n./adj. 大流行病	pandemic | n./adj. 大流行病 | global pandemic / pandemic response | 全球大流行；疫情应对
epidemic	kin	endemic	endemic	adj. 地方性的；流行的	endemic | adj. 地方性的；流行的 | endemic disease / endemic corruption | 地方病；地方性腐败
chronic	family	chronically	chronically	adv. 长期地	chronically | adv. 长期地 | chronically ill | 长期患病
chronic	kin	chronology	chronology	n. 年代顺序	chronology | n. 年代顺序 | historical chronology / event chronology | 历史年表；事件时间线
chronic	kin	chronicle	chronicle	n./v. 编年史；记录	chronicle | n./v. 编年史；记录 | a family chronicle / chronicle social change | 家族编年史；记录社会变化
chronic	kin	synchronize	synchronize	v. 同步	synchronize | v. 同步 | synchronize data / synchronize schedules | 同步数据；同步日程
nucleus	family	nuclear	nuclear	adj. 核的	nuclear | adj. 核的 | nuclear membrane | 核膜
genetic	family	gene	gene	n. 基因	gene | n. 基因 | gene expression | 基因表达
genetic	kin	gene	gene	n. 基因	gene | n. 基因 | gene therapy / gene sequence | 基因治疗；基因序列
genetic	kin	genome	genome	n. 基因组	genome | n. 基因组 | human genome / genome editing | 人类基因组；基因组编辑
genetic	kin	genesis	genesis	n. 起源	genesis | n. 起源 | genesis of conflict / Genesis narrative | 冲突起源；创世叙事
respiration	family	respire	respire	v. 呼吸	respire | v. 呼吸 | cells respire | 细胞呼吸
digestion	family	digest	digest	v. 消化；理解	digest | v. 消化；理解 | digest food | 消化食物
excavation	family	excavate	excavate	v. 挖掘	excavate | v. 挖掘 | excavate ruins | 发掘遗址
relic	family	relict	relict	adj. 残存的	relict | adj. 残存的 | relict species | 残遗物种
civilization	family	civilized	civilized	adj. 文明的	civilized | adj. 文明的 | civilized society | 文明社会
dynasty	family	dynastic	dynastic	adj. 王朝的	dynastic | adj. 王朝的 | dynastic rule | 王朝统治
empire	family	imperial	imperial	adj. 帝国的	imperial | adj. 帝国的 | imperial expansion | 帝国扩张
colonization	family	colonize	colonize	v. 殖民	colonize | v. 殖民 | colonize territory | 殖民领土
monument	family	monumental	monumental	adj. 纪念性的；巨大的	monumental | adj. 纪念性的；巨大的 | monumental architecture | 纪念性建筑
inscription	family	inscribe	inscribe	v. 题写；雕刻	inscribe | v. 题写；雕刻 | inscribe a name | 刻写名字
inscription	kin	script	script	n. 文字；脚本	script | n. 文字；脚本 | ancient script / film script | 古文字；电影剧本
inscription	kin	description	description	n. 描述	description | n. 描述 | product description / detailed description | 产品描述；详细描述
inscription	kin	transcription	transcription	n. 转写	transcription | n. 转写 | phonetic transcription / interview transcription | 音标转写；访谈转录
archaeology	family	archaeological	archaeological	adj. 考古的	archaeological | adj. 考古的 | archaeological site | 考古遗址
archaeology	kin	archaic	archaic	adj. 古老的；过时的	archaic | adj. 古老的；过时的 | archaic language / archaic law | 古老语言；过时法律
archaeology	kin	archive	archive	n./v. 档案；归档	archive | n./v. 档案；归档 | digital archive / archive historical records | 数字档案；归档历史记录
archaeology	kin	architect	architect	n. 建筑师；设计者	architect | n. 建筑师；设计者 | chief architect / architect of reform | 总建筑师；改革设计者
chronology	family	chronological	chronological	adj. 按时间顺序的	chronological | adj. 按时间顺序的 | chronological order | 年代顺序
chronology	kin	chronic	chronic	adj. 慢性的；长期的	chronic | adj. 慢性的；长期的 | chronic disease / chronic poverty | 慢性病；长期贫困
chronology	kin	chronicle	chronicle	n./v. 编年史；记录	chronicle | n./v. 编年史；记录 | historical chronicle / chronicle social change | 历史编年史；记录社会变化
chronology	kin	synchronize	synchronize	v. 同步	synchronize | v. 同步 | synchronize data / synchronize schedules | 同步数据；同步日程
historian	family	history	history	n. 历史	history | n. 历史 | social history | 社会史
legacy	family	legatee	legatee	n. 遗产继承人	legatee | n. 遗产继承人 | legal legatee | 合法受遗赠人
prehistoric	family	prehistory	prehistory	n. 史前史	prehistory | n. 史前史 | human prehistory | 人类史前史
equator	family	equatorial	equatorial	adj. 赤道的	equatorial | adj. 赤道的 | equatorial climate | 赤道气候
hemisphere	family	hemispheric	hemispheric	adj. 半球的	hemispheric | adj. 半球的 | hemispheric climate | 半球气候
cartography	family	cartographic	cartographic	adj. 制图的	cartographic | adj. 制图的 | cartographic evidence | 制图证据
cartography	kin	graph	graph	n. 图表	graph | n. 图表 | line graph / social graph | 折线图；社交图谱
cartography	kin	photography	photography	n. 摄影	photography | n. 摄影 | documentary photography / aerial photography | 纪实摄影；航拍
cartography	kin	geography	geography	n. 地理学	geography | n. 地理学 | human geography / economic geography | 人文地理学；经济地理学
earthquake	family	quake	quake	n./v. 地震；震动	quake | n./v. 地震；震动 | major quake | 大地震
tsunami	family	tsunamic	tsunamic	adj. 海啸的	tsunamic | adj. 海啸的 | tsunamic wave | 海啸波
volcano	family	volcanic	volcanic	adj. 火山的	volcanic | adj. 火山的 | volcanic ash | 火山灰
watershed	family	catchment	catchment	n. 集水区	catchment | n. 集水区 | catchment area | 集水区
basin	family	basinal	basinal	adj. 盆地的	basinal | adj. 盆地的 | basinal deposit | 盆地沉积
delta	family	deltaic	deltaic	adj. 三角洲的	deltaic | adj. 三角洲的 | deltaic plain | 三角洲平原
socialization	family	socialize	socialize	v. 使社会化；社交	socialize | v. 使社会化；社交 | socialize children | 使儿童社会化
socialization	kin	social	social	adj. 社会的；社交的	social | adj. 社会的；社交的 | social media / social inequality | 社交媒体；社会不平等
socialization	kin	society	society	n. 社会	society | n. 社会 | modern society / civil society | 现代社会；公民社会
socialization	kin	sociology	sociology	n. 社会学	sociology | n. 社会学 | urban sociology / sociology of education | 城市社会学；教育社会学
discrimination	family	discriminate	discriminate	v. 歧视；区分	discriminate | v. 歧视；区分 | discriminate against migrants | 歧视移民
marginalization	family	marginalize	marginalize	v. 边缘化	marginalize | v. 边缘化 | marginalize communities | 边缘化社群
collectivism	family	collectivist	collectivist	adj. 集体主义的	collectivist | adj. 集体主义的 | collectivist society | 集体主义社会
collectivism	kin	collect	collect	v. 收集	collect | v. 收集 | collect data / collect taxes | 收集数据；征税
collectivism	kin	collective	collective	adj./n. 集体的；集体	collective | adj./n. 集体的；集体 | collective memory / farming collective | 集体记忆；农业合作社
collectivism	kin	recollect	recollect	v. 回忆	recollect | v. 回忆 | recollect childhood memories / recollect past events | 回忆童年记忆；回想往事
individualism	family	individualist	individualist	adj. 个人主义的	individualist | adj. 个人主义的 | individualist culture | 个人主义文化
lineage	family	lineal	lineal	adj. 直系的	lineal | adj. 直系的 | lineal descent | 直系血统
ritualistic	family	ritual	ritual	n. 仪式	ritual | n. 仪式 | funeral ritual | 葬礼仪式
acculturation	family	acculturate	acculturate	v. 适应异文化	acculturate | v. 适应异文化 | acculturate migrants | 使移民文化适应
acculturation	kin	culture	culture	n. 文化	culture | n. 文化 | local culture / popular culture | 地方文化；大众文化
acculturation	kin	cultivate	cultivate	v. 培养；耕种	cultivate | v. 培养；耕种 | cultivate critical thinking / cultivate crops | 培养批判思维；种植作物
acculturation	kin	agriculture	agriculture	n. 农业	agriculture | n. 农业 | sustainable agriculture / modern agriculture | 可持续农业；现代农业
subculture	family	subcultural	subcultural	adj. 亚文化的	subcultural | adj. 亚文化的 | subcultural identity | 亚文化身份
subculture	kin	culture	culture	n. 文化	culture | n. 文化 | youth culture / popular culture | 青年文化；大众文化
subculture	kin	cultivate	cultivate	v. 培养；耕种	cultivate | v. 培养；耕种 | cultivate taste / cultivate crops | 培养品味；耕种作物
subculture	kin	agriculture	agriculture	n. 农业	agriculture | n. 农业 | modern agriculture / sustainable agriculture | 现代农业；可持续农业
stereotype	family	stereotype	stereotype	v. 对……形成刻板印象	stereotype | v. 对……形成刻板印象 | stereotype minorities | 对少数群体形成刻板印象
stereotype	kin	type	type	n. 类型	type | n. 类型 | data type / personality type | 数据类型；人格类型
stereotype	kin	prototype	prototype	n. 原型	prototype | n. 原型 | working prototype / prototype testing | 可运行原型；原型测试
stereotype	kin	archetype	archetype	n. 原型；典型	archetype | n. 原型；典型 | hero archetype / cultural archetype | 英雄原型；文化原型
prejudice	family	prejudiced	prejudiced	adj. 有偏见的	prejudiced | adj. 有偏见的 | prejudiced judgement | 偏见判断
agency	family	agentic	agentic	adj. 有能动性的	agentic | adj. 有能动性的 | agentic behaviour | 能动行为
agency	kin	agent	agent	n. 代理人；作用者	agent | n. 代理人；作用者 | travel agent / causal agent | 旅行代理；致因因素
agency	kin	agenda	agenda	n. 议程	agenda | n. 议程 | political agenda / meeting agenda | 政治议程；会议议程
agency	kin	agile	agile	adj. 敏捷的	agile | adj. 敏捷的 | agile team / agile response | 敏捷团队；敏捷反应
structure	family	structural	structural	adj. 结构性的	structural | adj. 结构性的 | structural inequality | 结构性不平等
structure	kin	construct	construct	v. 建构；建造	construct | v. 建构；建造 | construct a theory / construct roads | 建构理论；修路
structure	kin	instruct	instruct	v. 指导；命令	instruct | v. 指导；命令 | instruct students / instruct officials | 指导学生；命令官员
structure	kin	destruction	destruction	n. 破坏	destruction | n. 破坏 | environmental destruction / destruction of evidence | 环境破坏；毁灭证据
constant	family	constant	constant	adj. 恒定的	constant | adj. 恒定的 | constant pressure | 恒定压力
coefficient	family	coefficiental	coefficiental	adj. 系数的	coefficiental | adj. 系数的 | coefficiental relation | 系数关系
function	family	functional	functional	adj. 功能的	functional | adj. 功能的 | functional relationship | 函数关系/功能关系
function	kin	junction	junction	n. 交叉点；连接处	junction | n. 交叉点；连接处 | railway junction / road junction | 铁路枢纽；道路交叉口
function	kin	functional	functional	adj. 功能的	functional | adj. 功能的 | functional design / functional literacy | 功能设计；功能性识字
function	kin	defunct	defunct	adj. 不再存在的	defunct | adj. 不再存在的 | defunct company / defunct law | 倒闭公司；废止法律
equation	family	equate	equate	v. 使相等；等同	equate | v. 使相等；等同 | equate value with price | 把价值等同于价格
derivative	family	derive	derive	v. 推导；源于	derive | v. 推导；源于 | derive equation | 推导方程
mean	family	meaned	meaned	adj. 被意指的	meaned | adj. 被意指的 | meaned message | 意指信息
median	family	median	median	adj. 中间的	median | adj. 中间的 | median value | 中位值
mode	family	modal	modal	adj. 模态的	modal | adj. 模态的 | modal value | 众数值
variance	family	vary	vary	v. 变化	vary | v. 变化 | values vary | 数值变化
regression	family	regress	regress	v. 回归；倒退	regress | v. 回归；倒退 | regress toward mean | 向均值回归
sample	family	sample	sample	v. 抽样	sample | v. 抽样 | sample households | 抽样家庭
population	family	populate	populate	v. 居住于；填充	populate | v. 居住于；填充 | populate database | 填充数据库
significance	family	significant	significant	adj. 显著的	significant | adj. 显著的 | significant difference | 显著差异
significance	kin	sign	sign	n./v. 标志；签署	sign | n./v. 标志；签署 | traffic sign / sign a treaty | 交通标志；签署条约
significance	kin	signal	signal	n./v. 信号；表明	signal | n./v. 信号；表明 | warning signal / signal a shift | 警告信号；表明转变
significance	kin	signify	signify	v. 表示；意味着	signify | v. 表示；意味着 | signify consent / signify social status | 表示同意；意味着社会地位
approximation	family	approximate	approximate	v./adj. 近似/近似的	approximate | v./adj. 近似/近似的 | approximate value | 近似值
approximation	kin	proximity	proximity	n. 接近；邻近	proximity | n. 接近；邻近 | geographical proximity / proximity to schools | 地理邻近；靠近学校
approximation	kin	proxy	proxy	n. 代理；替代指标	proxy | n. 代理；替代指标 | proxy indicator / vote by proxy | 替代指标；代理投票
approximation	kin	approach	approach	n./v. 方法；接近	approach | n./v. 方法；接近 | research approach / approach a problem | 研究方法；处理问题
planet	family	planetary	planetary	adj. 行星的	planetary | adj. 行星的 | planetary orbit | 行星轨道
universe	family	universal	universal	adj. 普遍的	universal | adj. 普遍的 | universal law | 普遍规律
satellite	family	satellitic	satellitic	adj. 卫星的；附属的	satellitic | adj. 卫星的；附属的 | satellitic system | 卫星系统
rotation	family	rotate	rotate	v. 旋转	rotate | v. 旋转 | rotate around axis | 绕轴旋转
rotation	kin	rotate	rotate	v. 旋转；轮换	rotate | v. 旋转；轮换 | rotate crops / rotate staff | 轮作；轮换员工
rotation	kin	wheel	wheel	n. 轮子	wheel | n. 轮子 | steering wheel / water wheel | 方向盘；水车
rotation	kin	orbit	orbit	n./v. 轨道；绕行	orbit | n./v. 轨道；绕行 | planetary orbit / orbit the Earth | 行星轨道；绕地球运行
revolution	family	revolve	revolve	v. 公转；围绕	revolve | v. 公转；围绕 | revolve around the Sun | 绕太阳公转
revolution	kin	revolve	revolve	v. 旋转；围绕	revolve | v. 旋转；围绕 | planets revolve / revolve around profit | 行星旋转；围绕利润
revolution	kin	evolve	evolve	v. 进化；发展	evolve | v. 进化；发展 | species evolve / ideas evolve | 物种进化；观念发展
revolution	kin	involve	involve	v. 涉及	involve | v. 涉及 | involve high costs / involve local residents | 涉及高成本；涉及当地居民
constellation	family	constellated	constellated	adj. 群聚的	constellated | adj. 群聚的 | constellated stars | 群聚星体
nebula	family	nebular	nebular	adj. 星云的	nebular | adj. 星云的 | nebular gas | 星云气体
cosmology	family	cosmological	cosmological	adj. 宇宙学的	cosmological | adj. 宇宙学的 | cosmological model | 宇宙学模型
cosmology	kin	cosmos	cosmos	n. 宇宙	cosmos | n. 宇宙 | the ancient cosmos / cosmos exploration | 古代宇宙观；宇宙探索
cosmology	kin	cosmetic	cosmetic	adj./n. 化妆品；表面的	cosmetic | adj./n. 化妆品；表面的 | cosmetic surgery / cosmetic change | 整容手术；表面改动
cosmology	kin	microcosm	microcosm	n. 缩影	microcosm | n. 缩影 | school as a microcosm / urban microcosm | 学校作为社会缩影；城市缩影
asteroid	family	asteroidal	asteroidal	adj. 小行星的	asteroidal | adj. 小行星的 | asteroidal fragment | 小行星碎片
spontaneous	family	spontaneity	spontaneity	n. 自发性	spontaneity | n. 自发性 | emotional spontaneity | 情绪自发性
sporadic	family	sporadically	sporadically	adv. 零星地	sporadically | adv. 零星地 | occur sporadically | 零星发生
strenuous	family	strenuously	strenuously	adv. 竭力地	strenuously | adv. 竭力地 | strenuously oppose | 强烈反对
subtle	family	subtlety	subtlety	n. 微妙之处	subtlety | n. 微妙之处 | semantic subtlety | 语义微妙处
superficial	family	superficiality	superficiality	n. 表面性；肤浅	superficiality | n. 表面性；肤浅 | superficiality of reform | 改革表面化
surmount	family	surmountable	surmountable	adj. 可克服的	surmountable | adj. 可克服的 | surmountable barrier | 可克服障碍
susceptible	family	susceptibility	susceptibility	n. 易感性	susceptibility | n. 易感性 | disease susceptibility | 疾病易感性
susceptible	kin	receive	receive	v. 接收；接受	receive | v. 接收；接受 | receive signals / receive treatment | 接收信号；接受治疗
susceptible	kin	receptor	receptor	n. 受体；接收器	receptor | n. 受体；接收器 | cell receptor / signal receptor | 细胞受体；信号受体
susceptible	kin	perception	perception	n. 感知；看法	perception | n. 感知；看法 | risk perception / public perception | 风险感知；公众认知
shareholder	family	shareholding	shareholding	n. 持股	shareholding | n. 持股 | shareholding structure | 股权结构
profitability	family	profitable	profitable	adj. 盈利的	profitable | adj. 盈利的 | profitable business | 盈利企业
liquidity	family	liquid	liquid	adj. 流动的；易变现的	liquid | adj. 流动的；易变现的 | liquid asset | 流动资产
solvency	family	solvent	solvent	adj. 有偿付能力的	solvent | adj. 有偿付能力的 | solvent company | 有偿付能力的公司
leverage	family	leveraged	leveraged	adj. 杠杆化的	leveraged | adj. 杠杆化的 | leveraged firm | 高杠杆公司
diversification	family	diversify	diversify	v. 多元化	diversify | v. 多元化 | diversify income | 分散收入
procurement	family	procure	procure	v. 采购；获得	procure | v. 采购；获得 | procure supplies | 采购物资
segmentation	family	segment	segment	v. 细分	segment | v. 细分 | segment consumers | 细分消费者
positioning	family	position	position	v. 定位	position | v. 定位 | position a product | 定位产品
positioning	kin	position	position	n./v. 位置；定位	position | n./v. 位置；定位 | market position / position a brand | 市场位置；定位品牌
positioning	kin	deposit	deposit	n./v. 存款；沉积	deposit | n./v. 存款；沉积 | bank deposit / deposit sediment | 银行存款；沉积沉积物
positioning	kin	positive	positive	adj. 积极的；阳性的	positive | adj. 积极的；阳性的 | positive effect / positive test | 积极影响；阳性检测
monetization	family	monetize	monetize	v. 变现	monetize | v. 变现 | monetize traffic | 流量变现
monetization	kin	money	money	n. 钱	money | n. 钱 | public money / make money | 公共资金；赚钱
monetization	kin	monetary	monetary	adj. 货币的；金钱的	monetary | adj. 货币的；金钱的 | monetary policy / monetary reward | 货币政策；金钱奖励
monetization	kin	monetize	monetize	v. 变现	monetize | v. 变现 | monetize content / monetize traffic | 内容变现；流量变现
valuation	family	value	value	v. 估价	value | v. 估价 | value a company | 给公司估值
audit	family	audit	audit	v. 审计	audit | v. 审计 | audit accounts | 审计账目
tensile	family	tension	tension	n. 张力	tension | n. 张力 | structural tension | 结构张力
compressive	family	compression	compression	n. 压缩	compression | n. 压缩 | material compression | 材料压缩
compressive	kin	pressure	pressure	n. 压力	pressure | n. 压力 | social pressure / water pressure | 社会压力；水压
compressive	kin	impression	impression	n. 印象；压痕	impression | n. 印象；压痕 | first impression / deep impression | 第一印象；深刻印象
compressive	kin	oppression	oppression	n. 压迫	oppression | n. 压迫 | political oppression / economic oppression | 政治压迫；经济压迫
ductility	family	ductile	ductile	adj. 有延展性的	ductile | adj. 有延展性的 | ductile metal | 延展性金属
ductility	kin	duct	duct	n. 管道	duct | n. 管道 | air duct / tear duct | 通风管道；泪管
ductility	kin	conduct	conduct	v. 传导；实施	conduct | v. 传导；实施 | conduct heat / conduct research | 导热；开展研究
ductility	kin	induction	induction	n. 归纳；诱导	induction | n. 归纳；诱导 | logical induction / induction training | 逻辑归纳；入职培训
fracture	family	fracture	fracture	v. 断裂	fracture | v. 断裂 | fracture under stress | 在压力下断裂
fracture	kin	fraction	fraction	n. 分数；一小部分	fraction | n. 分数；一小部分 | a fraction of income / fraction calculation | 收入的一小部分；分数计算
fracture	kin	fragment	fragment	n./v. 碎片；碎裂	fragment | n./v. 碎片；碎裂 | text fragment / fragment society | 文本片段；撕裂社会
fracture	kin	fragile	fragile	adj. 脆弱的	fragile | adj. 脆弱的 | fragile ecosystem / fragile glass | 脆弱生态系统；易碎玻璃
corrosion	family	corrode	corrode	v. 腐蚀	corrode | v. 腐蚀 | corrode steel | 腐蚀钢铁
fatigue	family	fatigued	fatigued	adj. 疲劳的	fatigued | adj. 疲劳的 | fatigued structure | 疲劳结构
lubrication	family	lubricate	lubricate	v. 润滑	lubricate | v. 润滑 | lubricate machinery | 润滑机器
lubrication	kin	lubricant	lubricant	n. 润滑剂	lubricant | n. 润滑剂 | engine lubricant / industrial lubricant | 发动机润滑剂；工业润滑剂
lubrication	kin	lubricate	lubricate	v. 润滑	lubricate | v. 润滑 | lubricate machinery / lubricate joints | 润滑机器；润滑关节
lubrication	kin	liquid	liquid	n./adj. 液体；液态的	liquid | n./adj. 液体；液态的 | liquid fuel / liquid assets | 液体燃料；流动资产
machining	family	machine	machine	v. 机械加工	machine | v. 机械加工 | machine parts | 加工零件
calibration	family	calibrate	calibrate	v. 校准	calibrate | v. 校准 | calibrate equipment | 校准设备
prototyping	family	prototype	prototype	n./v. 原型/制作原型	prototype | n./v. 原型/制作原型 | prototype a device | 制作设备原型
prototyping	kin	type	type	n. 类型	type | n. 类型 | product type / data type | 产品类型；数据类型
prototyping	kin	prototype	prototype	n. 原型	prototype | n. 原型 | working prototype / prototype testing | 可运行原型；原型测试
prototyping	kin	typing	typing	n. 打字；类型化	typing | n. 打字；类型化 | touch typing / typing speed | 盲打；打字速度
phonology	family	phonological	phonological	adj. 音系的	phonological | adj. 音系的 | phonological awareness | 音系意识
phonology	kin	phone	phone	n. 电话；音素相关	phone | n. 电话；音素相关 | mobile phone / phone call | 手机；电话通话
phonology	kin	phonetics	phonetics	n. 语音学	phonetics | n. 语音学 | articulatory phonetics / English phonetics | 发音语音学；英语语音学
phonology	kin	symphony	symphony	n. 交响乐	symphony | n. 交响乐 | classical symphony / symphony orchestra | 古典交响乐；交响乐团
syntax	family	syntactic	syntactic	adj. 句法的	syntactic | adj. 句法的 | syntactic rule | 句法规则
pragmatics	family	pragmatic	pragmatic	adj. 语用的；务实的	pragmatic | adj. 语用的；务实的 | pragmatic context | 语用语境
bilingual	family	bilingualism	bilingualism	n. 双语能力	bilingualism | n. 双语能力 | childhood bilingualism | 儿童双语能力
bilingual	kin	linguistics	linguistics	n. 语言学	linguistics | n. 语言学 | applied linguistics / historical linguistics | 应用语言学；历史语言学
bilingual	kin	lingua	lingua	n. 语言	lingua | n. 语言 | lingua franca / Latin lingua | 通用语；拉丁语
bilingual	kin	monolingual	monolingual	adj. 单语的	monolingual | adj. 单语的 | monolingual education / monolingual speakers | 单语教育；单语者
multilingual	family	multilingualism	multilingualism	n. 多语能力	multilingualism | n. 多语能力 | urban multilingualism | 城市多语现象
multilingual	kin	language	language	n. 语言	language | n. 语言 | native language / language policy | 母语；语言政策
multilingual	kin	bilingual	bilingual	adj. 双语的	bilingual | adj. 双语的 | bilingual education / bilingual speaker | 双语教育；双语者
multilingual	kin	lingua	lingua	n. 语言	lingua | n. 语言 | lingua franca / Latin lingua | 通用语；拉丁语
articulation	family	articulate	articulate	v. 表达；发音	articulate | v. 表达；发音 | articulate concerns | 表达担忧
articulation	kin	article	article	n. 文章；条款	article | n. 文章；条款 | academic article / constitutional article | 学术文章；宪法条款
articulation	kin	particle	particle	n. 粒子；颗粒	particle | n. 粒子；颗粒 | air particle / subatomic particle | 空气颗粒；亚原子粒子
articulation	kin	particular	particular	adj. 特定的	particular | adj. 特定的 | particular issue / particular context | 特定问题；具体语境
intonation	family	intonational	intonational	adj. 语调的	intonational | adj. 语调的 | intonational change | 语调变化
cohesion	family	cohesive	cohesive	adj. 有衔接的	cohesive | adj. 有衔接的 | cohesive paragraph | 衔接良好的段落
cohesion	kin	adhesive	adhesive	n./adj. 粘合剂；有粘性的	adhesive | n./adj. 粘合剂；有粘性的 | strong adhesive / adhesive material | 强力胶；粘性材料
cohesion	kin	cohere	cohere	v. 连贯；凝聚	cohere | v. 连贯；凝聚 | ideas cohere / groups cohere | 观点连贯；群体凝聚
cohesion	kin	adhere	adhere	v. 遵守；粘附	adhere | v. 遵守；粘附 | adhere to principles / adhere to glass | 坚持原则；粘在玻璃上
coherence	family	coherent	coherent	adj. 连贯的	coherent | adj. 连贯的 | coherent argument | 连贯论证
coherence	kin	adhere	adhere	v. 粘附；坚持	adhere | v. 粘附；坚持 | adhere to principles / adhere to the surface | 坚持原则；粘附在表面
coherence	kin	inherent	inherent	adj. 固有的	inherent | adj. 固有的 | inherent risk / inherent value | 固有风险；内在价值
coherence	kin	cohere	cohere	v. 连贯；凝聚	cohere | v. 连贯；凝聚 | ideas cohere / groups cohere | 观点连贯；群体凝聚
verbal	family	verb	verb	n. 动词	verb | n. 动词 | verbal form | 动词形式
nonverbal	family	nonverbally	nonverbally	adv. 非语言地	nonverbally | adv. 非语言地 | communicate nonverbally | 非语言交流
transcription	family	transcribe	transcribe	v. 转写	transcribe | v. 转写 | transcribe speech | 转写语音
transcription	kin	script	script	n. 文字；脚本	script | n. 文字；脚本 | ancient script / film script | 古文字；电影剧本
transcription	kin	inscription	inscription	n. 铭文；题词	inscription | n. 铭文；题词 | stone inscription / ancient inscription | 石刻铭文；古代铭文
transcription	kin	description	description	n. 描述	description | n. 描述 | detailed description / product description | 详细描述；产品描述
lexicon	family	lexical	lexical	adj. 词汇的	lexical | adj. 词汇的 | lexical meaning | 词汇意义
neurotransmitter	family	neurotransmission	neurotransmission	n. 神经传递	neurotransmission | n. 神经传递 | neurotransmission process | 神经传递过程
neurotransmitter	kin	neuron	neuron	n. 神经元	neuron | n. 神经元 | sensory neuron / neuron network | 感觉神经元；神经元网络
neurotransmitter	kin	transmit	transmit	v. 传输；传播	transmit | v. 传输；传播 | transmit signals / transmit disease | 传输信号；传播疾病
neurotransmitter	kin	transmitter	transmitter	n. 发射器；传递者	transmitter | n. 发射器；传递者 | radio transmitter / signal transmitter | 无线电发射器；信号发射器
cortex	family	cortical	cortical	adj. 皮层的	cortical | adj. 皮层的 | cortical activity | 皮层活动
attention	family	attentional	attentional	adj. 注意的	attentional | adj. 注意的 | attentional control | 注意控制
memory	family	memorize	memorize	v. 记忆	memorize | v. 记忆 | memorize information | 记住信息
retrieval	family	retrieve	retrieve	v. 提取；检索	retrieve | v. 提取；检索 | retrieve memories | 提取记忆
lateralization	family	lateralized	lateralized	adj. 侧化的	lateralized | adj. 侧化的 | lateralized function | 侧化功能
executive	family	execute	execute	v. 执行	execute | v. 执行 | execute a plan | 执行计划
electroencephalogram	family	EEG	eeg	n. 脑电图缩写	EEG | n. 脑电图缩写 | EEG signal | 脑电信号
electroencephalogram	kin	electric	electric	adj. 电的	electric | adj. 电的 | electric signal / electric vehicle | 电信号；电动车
electroencephalogram	kin	brain	brain	n. 大脑	brain | n. 大脑 | brain activity / brain scan | 大脑活动；脑部扫描
electroencephalogram	kin	gram	gram	n. 克；图	gram | n. 克；图 | one gram / histogram | 一克；直方图
functional	family	function	function	n. 功能	function | n. 功能 | brain function | 大脑功能
functional	kin	function	function	n./v. 功能；运作	function | n./v. 功能；运作 | social function / function properly | 社会功能；正常运作
functional	kin	junction	junction	n. 交叉点；连接处	junction | n. 交叉点；连接处 | railway junction / road junction | 铁路枢纽；道路交叉口
functional	kin	defunct	defunct	adj. 不再存在的	defunct | adj. 不再存在的 | defunct company / defunct law | 倒闭公司；废止法律
fertilization	family	fertilize	fertilize	v. 施肥；使受精	fertilize | v. 施肥；使受精 | fertilize crops | 给作物施肥
fertilization	kin	fertile	fertile	adj. 肥沃的；富有创造力的	fertile | adj. 肥沃的；富有创造力的 | fertile soil / fertile imagination | 肥沃土壤；丰富想象力
fertilization	kin	fertility	fertility	n. 肥力；生育力	fertility | n. 肥力；生育力 | soil fertility / fertility rate | 土壤肥力；生育率
fertilization	kin	fertilizer	fertilizer	n. 肥料	fertilizer | n. 肥料 | organic fertilizer / chemical fertilizer | 有机肥；化肥
herbicide	family	herb	herb	n. 草本植物	herb | n. 草本植物 | herb garden | 草本园
herbicide	kin	herb	herb	n. 草本植物；药草	herb | n. 草本植物；药草 | medicinal herb / fresh herb | 药草；新鲜香草
herbicide	kin	herbivore	herbivore	n. 食草动物	herbivore | n. 食草动物 | large herbivore / marine herbivore | 大型食草动物；海洋食草动物
herbicide	kin	pesticide	pesticide	n. 农药	pesticide | n. 农药 | pesticide residue / pesticide use | 农药残留；农药使用
crop	family	crop	crop	v. 修剪；收获	crop | v. 修剪；收获 | crop plants | 修剪植物
soil	family	soilless	soilless	adj. 无土的	soilless | adj. 无土的 | soilless cultivation | 无土栽培
agronomy	family	agronomic	agronomic	adj. 农学的	agronomic | adj. 农学的 | agronomic practice | 农学实践
aquaculture	family	aquatic	aquatic	adj. 水生的	aquatic | adj. 水生的 | aquatic species | 水生物种
aquaculture	kin	aquatic	aquatic	adj. 水生的	aquatic | adj. 水生的 | aquatic species / aquatic environment | 水生物种；水生环境
aquaculture	kin	aquifer	aquifer	n. 含水层	aquifer | n. 含水层 | underground aquifer / aquifer depletion | 地下含水层；含水层枯竭
aquaculture	kin	aquarium	aquarium	n. 水族馆；鱼缸	aquarium | n. 水族馆；鱼缸 | public aquarium / aquarium display | 公共水族馆；水族展示
malnutrition	family	malnourished	malnourished	adj. 营养不良的	malnourished | adj. 营养不良的 | malnourished children | 营养不良儿童
malnutrition	kin	nutrition	nutrition	n. 营养	nutrition | n. 营养 | child nutrition / nutrition policy | 儿童营养；营养政策
malnutrition	kin	nutrient	nutrient	n. 营养物	nutrient | n. 营养物 | essential nutrient / soil nutrient | 必需营养素；土壤养分
malnutrition	kin	nourish	nourish	v. 滋养	nourish | v. 滋养 | nourish children / nourish creativity | 滋养儿童；滋养创造力
micronutrient	family	micro	micro	adj. 微小的	micro | adj. 微小的 | micro element | 微量元素
organic	family	organism	organism	n. 生物体	organism | n. 生物体 | living organism | 活生物体
preservation	family	preserve	preserve	v. 保存	preserve | v. 保存 | preserve food | 保存食物
dietary	family	diet	diet	n. 饮食	diet | n. 饮食 | balanced diet | 均衡饮食
calorie	family	caloric	caloric	adj. 热量的	caloric | adj. 热量的 | caloric restriction | 热量限制
land	family	landed	landed	adj. 拥有土地的；着陆的	landed | adj. 拥有土地的；着陆的 | landed property | 地产
residential	family	residence	residence	n. 住所	residence | n. 住所 | private residence | 私人住所
commercial	family	commerce	commerce	n. 商业	commerce | n. 商业 | urban commerce | 城市商业
industrial	family	industry	industry	n. 工业	industry | n. 工业 | heavy industry | 重工业
density	family	dense	dense	adj. 密集的	dense | adj. 密集的 | dense housing | 密集住房
transportation	family	transport	transport	v./n. 运输	transport | v./n. 运输 | transport goods | 运输货物
redevelopment	family	redevelop	redevelop	v. 再开发	redevelop | v. 再开发 | redevelop old districts | 再开发旧区
revitalization	family	revitalize	revitalize	v. 复兴	revitalize | v. 复兴 | revitalize downtown | 复兴市中心
landmark	family	landmark	landmark	adj. 里程碑式的	landmark | adj. 里程碑式的 | landmark decision | 里程碑式决定
skyline	family	skyscraper	skyscraper	n. 摩天楼	skyscraper | n. 摩天楼 | skyline skyscraper | 天际线摩天楼
foundation	family	foundational	foundational	adj. 基础的	foundational | adj. 基础的 | foundational structure | 基础结构
load-bearing	family	load	load	n. 荷载	load | n. 荷载 | structural load | 结构荷载
oceanography	family	oceanographic	oceanographic	adj. 海洋学的	oceanographic | adj. 海洋学的 | oceanographic data | 海洋学数据
oceanography	kin	ocean	ocean	n. 海洋	ocean | n. 海洋 | Pacific Ocean / ocean current | 太平洋；洋流
oceanography	kin	graph	graph	n. 图表	graph | n. 图表 | line graph / climate graph | 折线图；气候图
oceanography	kin	geography	geography	n. 地理学	geography | n. 地理学 | marine geography / human geography | 海洋地理学；人文地理学
current	family	current	current	adj. 当前的	current | adj. 当前的 | current condition | 当前状况
upwelling	family	upwell	upwell	v. 上涌	upwell | v. 上涌 | cold water upwells | 冷水上涌
phytoplankton	family	phyto	phyto	prefix 植物相关	phyto | prefix 植物相关 | phytoplankton growth | 浮游植物生长
phytoplankton	kin	phyto	phyto	root 植物	phyto | root 植物 | phytochemistry / phytotherapy | 植物化学；植物疗法
phytoplankton	kin	plankton	plankton	n. 浮游生物	plankton | n. 浮游生物 | plankton community / marine plankton | 浮游生物群落；海洋浮游生物
phytoplankton	kin	zooplankton	zooplankton	n. 浮游动物	zooplankton | n. 浮游动物 | marine zooplankton / zooplankton population | 海洋浮游动物；浮游动物种群
thermohaline	family	thermal	thermal	adj. 热的	thermal | adj. 热的 | thermal gradient | 热梯度
thermohaline	kin	thermal	thermal	adj. 热的	thermal | adj. 热的 | thermal energy / thermal vent | 热能；热喷口
thermohaline	kin	saline	saline	adj. 含盐的	saline | adj. 含盐的 | saline soil / saline solution | 盐碱土；盐水溶液
thermohaline	kin	thermometer	thermometer	n. 温度计	thermometer | n. 温度计 | digital thermometer / clinical thermometer | 数字温度计；临床体温计
carbon	family	carbonic	carbonic	adj. 碳酸的	carbonic | adj. 碳酸的 | carbonic acid | 碳酸
zooplankton	family	zoo	zoo	prefix 动物相关	zoo | prefix 动物相关 | zooplankton feeding | 浮游动物摄食
zooplankton	kin	zoo	zoo	n. 动物园	zoo | n. 动物园 | city zoo / zoo animals | 城市动物园；动物园动物
zooplankton	kin	plankton	plankton	n. 浮游生物	plankton | n. 浮游生物 | marine plankton / plankton bloom | 海洋浮游生物；浮游生物暴发
zooplankton	kin	phytoplankton	phytoplankton	n. 浮游植物	phytoplankton | n. 浮游植物 | marine phytoplankton / phytoplankton bloom | 海洋浮游植物；浮游植物暴发
glacial	family	glacier	glacier	n. 冰川	glacier | n. 冰川 | mountain glacier | 山地冰川
continental	family	continent	continent	n. 大陆	continent | n. 大陆 | African continent | 非洲大陆
abyssal	family	abyss	abyss	n. 深渊	abyss | n. 深渊 | ocean abyss | 海洋深渊
hydrothermal	family	thermal	thermal	adj. 热的	thermal | adj. 热的 | thermal energy | 热能
hydrothermal	kin	hydro	hydro	root 水	hydro | root 水 | hydro energy / hydro system | 水能；水系统
hydrothermal	kin	thermal	thermal	adj. 热的	thermal | adj. 热的 | thermal energy / thermal vent | 热能；热喷口
hydrothermal	kin	thermometer	thermometer	n. 温度计	thermometer | n. 温度计 | digital thermometer / clinical thermometer | 数字温度计；临床体温计
cyclone	family	cyclonic	cyclonic	adj. 气旋的	cyclonic | adj. 气旋的 | cyclonic storm | 气旋风暴
hurricane	family	hurricanic	hurricanic	adj. 飓风的	hurricanic | adj. 飓风的 | hurricanic wind | 飓风风力
hurricane	kin	hurry	hurry	v./n. 匆忙	hurry | v./n. 匆忙 | hurry to school / in a hurry | 匆忙去学校；匆忙地
hurricane	kin	current	current	n./adj. 水流；当前的	current | n./adj. 水流；当前的 | ocean current / current policy | 洋流；现行政策
hurricane	kin	cyclone	cyclone	n. 气旋	cyclone | n. 气旋 | tropical cyclone / cyclone warning | 热带气旋；气旋警报
ethnocentrism	family	ethnocentric	ethnocentric	adj. 民族中心主义的	ethnocentric | adj. 民族中心主义的 | ethnocentric view | 民族中心主义观点
ethnocentrism	kin	ethnic	ethnic	adj. 民族的	ethnic | adj. 民族的 | ethnic minority / ethnic identity | 少数族裔；民族身份
ethnocentrism	kin	center	center	n. 中心	center | n. 中心 | city center / research center | 市中心；研究中心
ethnocentrism	kin	eccentric	eccentric	adj. 古怪的；偏心的	eccentric | adj. 古怪的；偏心的 | eccentric behavior / eccentric orbit | 古怪行为；偏心轨道
cultural	family	culture	culture	n. 文化	culture | n. 文化 | local culture | 地方文化
cultural	kin	culture	culture	n. 文化	culture | n. 文化 | local culture / popular culture | 地方文化；大众文化
cultural	kin	cultivate	cultivate	v. 培养；耕种	cultivate | v. 培养；耕种 | cultivate critical thinking / cultivate crops | 培养批判思维；耕种作物
cultural	kin	agriculture	agriculture	n. 农业	agriculture | n. 农业 | sustainable agriculture / modern agriculture | 可持续农业；现代农业
anthropogenesis	family	anthropogenic	anthropogenic	adj. 人为的	anthropogenic | adj. 人为的 | anthropogenic change | 人为变化
anthropogenesis	kin	anthropology	anthropology	n. 人类学	anthropology | n. 人类学 | cultural anthropology / visual anthropology | 文化人类学；视觉人类学
anthropogenesis	kin	genesis	genesis	n. 起源；发生	genesis | n. 起源；发生 | genesis of civilization / genesis narrative | 文明起源；创世叙事
anthropogenesis	kin	anthropocene	anthropocene	n. 人类世	anthropocene | n. 人类世 | Anthropocene debate / Anthropocene climate change | 人类世争论；人类世气候变化
social	family	society	society	n. 社会	society | n. 社会 | complex society | 复杂社会
paleolithic	family	Paleolithic	paleolithic	n. 旧石器时代	Paleolithic | n. 旧石器时代 | the Paleolithic period | 旧石器时代
neolithic	family	Neolithic	neolithic	n. 新石器时代	Neolithic | n. 新石器时代 | the Neolithic period | 新石器时代
nomadism	family	nomadic	nomadic	adj. 游牧的	nomadic | adj. 游牧的 | nomadic group | 游牧群体
subsistence	family	subsist	subsist	v. 维持生存	subsist | v. 维持生存 | subsist on crops | 靠作物维生
barter	family	barter	barter	v. 以物易物	barter | v. 以物易物 | barter goods | 交换货物
kin-based	family	kinship	kinship	n. 亲属关系	kinship | n. 亲属关系 | kinship system | 亲属制度
ancestral	family	ancestor	ancestor	n. 祖先	ancestor | n. 祖先 | common ancestor | 共同祖先
collective	family	collectivity	collectivity	n. 集体性	collectivity | n. 集体性 | social collectivity | 社会集体性
adaptive	family	adaptation	adaptation	n. 适应	adaptation | n. 适应 | cultural adaptation | 文化适应
evolutionary	family	evolution	evolution	n. 进化	evolution | n. 进化 | human evolution | 人类进化
migration	family	migrate	migrate	v. 迁徙	migrate | v. 迁徙 | migrate across regions | 跨地区迁徙
anthropological	family	anthropology	anthropology	n. 人类学	anthropology | n. 人类学 | cultural anthropology | 文化人类学
anthropological	kin	misanthrope	misanthrope	n. 厌世者	misanthrope | n. 厌世者 | a literary misanthrope / a social misanthrope | 文学中的厌世者；社交厌世者
anthropological	kin	philanthropy	philanthropy	n. 慈善；公益	philanthropy | n. 慈善；公益 | corporate philanthropy / educational philanthropy | 企业慈善；教育公益
anthropological	kin	anthropocene	anthropocene	n. 人类世	anthropocene | n. 人类世 | the Anthropocene debate / Anthropocene climate change | 人类世争论；人类世气候变化
intergroup	family	group	group	n. 群体	group | n. 群体 | social group | 社会群体
intergroup	kin	group	group	n./v. 群体；分组	group | n./v. 群体；分组 | social group / group students by ability | 社会群体；按能力分组学生
intergroup	kin	regroup	regroup	v. 重组；重新集合	regroup | v. 重组；重新集合 | regroup after failure / regroup teams | 失败后重整；重新分组
intergroup	kin	subgroup	subgroup	n. 子群体	subgroup | n. 子群体 | minority subgroup / subgroup analysis | 少数子群；子群分析
symbolic	family	symbol	symbol	n. 符号；象征	symbol | n. 符号；象征 | cultural symbol | 文化符号
